timestamp,station_id,station_name,latitude,longitude,temperature,pressure,humidity
2016-01-01T03:00:00,42768099999,CHHINDWARA,22.1,79.0,12.8,1021.3,79.81
2016-01-01T12:00:00,42768099999,CHHINDWARA,22.1,79.0,24.8,1015.6,50.08
2016-01-02T03:00:00,42768099999,CHHINDWARA,22.1,79.0,12.2,1021.2,86.42
2016-01-02T12:00:00,42768099999,CHHINDWARA,22.1,79.0,24.8,1015.1,56.62
2016-01-03T03:00:00,42768099999,CHHINDWARA,22.1,79.0,11.4,1021.4,74.87
2016-01-03T12:00:00,42768099999,CHHINDWARA,22.1,79.0,22.8,1015.7,50.54
2016-01-04T03:00:00,42768099999,CHHINDWARA,22.1,79.0,10.8,1022.2,83.41
2016-01-04T12:00:00,42768099999,CHHINDWARA,22.1,79.0,23.2,1015.1,45.57
2016-01-05T03:00:00,42768099999,CHHINDWARA,22.1,79.0,10.2,1020.6,85.06
2016-01-05T12:00:00,42768099999,CHHINDWARA,22.1,79.0,23.4,1013.4,47.16
2016-01-06T03:00:00,42768099999,CHHINDWARA,22.1,79.0,10.8,1020.8,88.05
2016-01-06T12:00:00,42768099999,CHHINDWARA,22.1,79.0,23.8,1014.4,50.15
2016-01-07T03:00:00,42768099999,CHHINDWARA,22.1,79.0,11.6,1020.4,92.96
2016-01-07T12:00:00,42768099999,CHHINDWARA,22.1,79.0,22.8,1015.6,54.68
2016-01-08T03:00:00,42768099999,CHHINDWARA,22.1,79.0,11.4,1020.4,85.76
2016-01-08T12:00:00,42768099999,CHHINDWARA,22.1,79.0,24.2,1013.7,46.76
2016-01-09T03:00:00,42768099999,CHHINDWARA,22.1,79.0,11.8,1018.9,90.53
2016-01-09T12:00:00,42768099999,CHHINDWARA,22.1,79.0,22.8,1012.8,35.88
2016-01-10T03:00:00,42768099999,CHHINDWARA,22.1,79.0,11.4,1019.4,83.48
2016-01-10T12:00:00,42768099999,CHHINDWARA,22.1,79.0,23.2,1014.1,40.39
2016-01-11T03:00:00,42768099999,CHHINDWARA,22.1,79.0,10.2,1020.7,78.35
2016-01-11T12:00:00,42768099999,CHHINDWARA,22.1,79.0,23.8,1012.6,32.63
2016-01-12T03:00:00,42768099999,CHHINDWARA,22.1,79.0,9.8,1019.7,87.36
2016-01-12T12:00:00,42768099999,CHHINDWARA,22.1,79.0,24.8,1011.4,43.65
2016-01-13T03:00:00,42768099999,CHHINDWARA,22.1,79.0,11.8,1017.2,84.09
2016-01-13T12:00:00,42768099999,CHHINDWARA,22.1,79.0,22.6,1011.7,52.87
2016-01-14T03:00:00,42768099999,CHHINDWARA,22.1,79.0,12.8,1017.6,81.98
2016-01-14T12:00:00,42768099999,CHHINDWARA,22.1,79.0,22.0,1012.0,59.3
2016-01-15T03:00:00,42768099999,CHHINDWARA,22.1,79.0,13.2,1015.5,80.4
2016-01-15T12:00:00,42768099999,CHHINDWARA,22.1,79.0,23.2,1010.9,55.86
2016-01-16T03:00:00,42768099999,CHHINDWARA,22.1,79.0,14.0,1014.6,89.5
2016-01-16T12:00:00,42768099999,CHHINDWARA,22.1,79.0,21.8,1009.6,63.64
2016-01-17T03:00:00,42768099999,CHHINDWARA,22.1,79.0,16.8,1014.5,92.04
2016-01-17T12:00:00,42768099999,CHHINDWARA,22.1,79.0,19.8,1010.9,83.91
2016-01-18T03:00:00,42768099999,CHHINDWARA,22.1,79.0,16.2,1014.0,89.67
2016-01-18T12:00:00,42768099999,CHHINDWARA,22.1,79.0,21.8,1008.2,68.3
2016-01-19T03:00:00,42768099999,CHHINDWARA,22.1,79.0,15.8,1011.8,93.78
2016-01-19T12:00:00,42768099999,CHHINDWARA,22.1,79.0,20.8,1009.2,63.0
2016-01-20T03:00:00,42768099999,CHHINDWARA,22.1,79.0,12.8,1016.9,91.2
2016-01-20T12:00:00,42768099999,CHHINDWARA,22.1,79.0,18.0,1014.3,90.38
2016-01-21T03:00:00,42768099999,CHHINDWARA,22.1,79.0,8.2,1021.4,92.14
2016-01-21T12:00:00,42768099999,CHHINDWARA,22.1,79.0,19.0,1018.6,33.57
2016-01-22T03:00:00,42768099999,CHHINDWARA,22.1,79.0,8.2,1015.0,76.43
2016-01-22T12:00:00,42768099999,CHHINDWARA,22.1,79.0,19.6,1015.9,32.34
2016-01-23T03:00:00,42768099999,CHHINDWARA,22.1,79.0,5.2,1023.2,82.13
2016-01-23T12:00:00,42768099999,CHHINDWARA,22.1,79.0,21.2,1015.8,37.18
2016-01-24T03:00:00,42768099999,CHHINDWARA,22.1,79.0,7.0,1021.2,70.5
2016-01-24T12:00:00,42768099999,CHHINDWARA,22.1,79.0,23.2,1013.1,29.04
2016-01-25T03:00:00,42768099999,CHHINDWARA,22.1,79.0,7.4,1019.6,88.97
2016-01-25T12:00:00,42768099999,CHHINDWARA,22.1,79.0,23.4,1010.8,31.85
2016-01-26T03:00:00,42768099999,CHHINDWARA,22.1,79.0,8.0,1017.6,86.59
2016-01-26T12:00:00,42768099999,CHHINDWARA,22.1,79.0,24.8,1010.5,46.31
2016-01-27T03:00:00,42768099999,CHHINDWARA,22.1,79.0,9.0,1017.4,87.29
2016-01-27T12:00:00,42768099999,CHHINDWARA,22.1,79.0,24.8,1010.5,34.06
2016-01-28T03:00:00,42768099999,CHHINDWARA,22.1,79.0,14.0,1017.8,64.46
2016-01-28T12:00:00,42768099999,CHHINDWARA,22.1,79.0,25.2,1011.2,38.32
2016-01-29T03:00:00,42768099999,CHHINDWARA,22.1,79.0,11.2,1019.6,96.73
2016-01-29T12:00:00,42768099999,CHHINDWARA,22.1,79.0,26.4,1012.9,44.38
2016-01-30T03:00:00,42768099999,CHHINDWARA,22.1,79.0,12.0,1019.9,88.75
2016-01-30T12:00:00,42768099999,CHHINDWARA,22.1,79.0,28.4,1011.2,34.84
2016-01-31T03:00:00,42768099999,CHHINDWARA,22.1,79.0,12.2,1017.7,88.76
2016-01-31T12:00:00,42768099999,CHHINDWARA,22.1,79.0,27.2,1011.0,30.99
2016-02-01T03:00:00,42768099999,CHHINDWARA,22.1,79.0,12.6,1017.8,88.8
2016-02-01T12:00:00,42768099999,CHHINDWARA,22.1,79.0,29.2,1009.8,28.72
2016-02-02T03:00:00,42768099999,CHHINDWARA,22.1,79.0,13.8,1018.0,84.88
2016-02-02T12:00:00,42768099999,CHHINDWARA,22.1,79.0,27.0,1010.5,28.5
2016-02-03T03:00:00,42768099999,CHHINDWARA,22.1,79.0,15.0,1017.7,71.55
2016-02-03T12:00:00,42768099999,CHHINDWARA,22.1,79.0,24.8,1013.2,35.23
2016-02-04T03:00:00,42768099999,CHHINDWARA,22.1,79.0,13.0,1018.9,59.53
2016-02-04T12:00:00,42768099999,CHHINDWARA,22.1,79.0,25.0,1011.2,33.2
2016-02-05T03:00:00,42768099999,CHHINDWARA,22.1,79.0,10.8,1019.6,65.08
2016-02-05T12:00:00,42768099999,CHHINDWARA,22.1,79.0,26.4,1010.3,33.14
2016-02-06T03:00:00,42768099999,CHHINDWARA,22.1,79.0,15.0,1018.6,60.01
2016-02-06T12:00:00,42768099999,CHHINDWARA,22.1,79.0,26.8,1008.7,52.25
2016-02-07T03:00:00,42768099999,CHHINDWARA,22.1,79.0,16.2,1015.5,87.94
2016-02-07T12:00:00,42768099999,CHHINDWARA,22.1,79.0,26.8,1010.4,43.91
2016-02-08T03:00:00,42768099999,CHHINDWARA,22.1,79.0,14.8,1017.1,57.94
2016-02-08T12:00:00,42768099999,CHHINDWARA,22.1,79.0,25.2,1011.3,30.01
2016-02-09T03:00:00,42768099999,CHHINDWARA,22.1,79.0,14.0,1017.0,53.12
2016-02-09T12:00:00,42768099999,CHHINDWARA,22.1,79.0,26.0,1009.6,34.63
2016-02-10T03:00:00,42768099999,CHHINDWARA,22.1,79.0,12.4,1015.3,84.16
2016-02-10T12:00:00,42768099999,CHHINDWARA,22.1,79.0,27.8,1010.5,50.87
2016-02-11T03:00:00,42768099999,CHHINDWARA,22.1,79.0,17.0,1012.2,73.36
2016-02-11T12:00:00,42768099999,CHHINDWARA,22.1,79.0,26.0,1008.4,30.24
2016-02-12T03:00:00,42768099999,CHHINDWARA,22.1,79.0,13.0,1014.8,71.66
2016-02-12T12:00:00,42768099999,CHHINDWARA,22.1,79.0,27.8,1010.4,53.18
2016-02-13T03:00:00,42768099999,CHHINDWARA,22.1,79.0,16.0,1014.1,64.9
2016-02-13T12:00:00,42768099999,CHHINDWARA,22.1,79.0,28.0,1008.9,38.59
2016-02-14T03:00:00,42768099999,CHHINDWARA,22.1,79.0,17.4,1015.4,59.38
2016-02-14T12:00:00,42768099999,CHHINDWARA,22.1,79.0,28.2,1009.4,40.99
2016-02-15T03:00:00,42768099999,CHHINDWARA,22.1,79.0,19.0,1015.7,59.37
2016-02-15T12:00:00,42768099999,CHHINDWARA,22.1,79.0,27.0,1011.3,53.65
2016-02-16T03:00:00,42768099999,CHHINDWARA,22.1,79.0,17.8,1016.5,77.43
2016-02-16T12:00:00,42768099999,CHHINDWARA,22.1,79.0,27.8,1011.3,43.9
2016-02-17T03:00:00,42768099999,CHHINDWARA,22.1,79.0,18.4,1018.0,72.18
2016-02-17T12:00:00,42768099999,CHHINDWARA,22.1,79.0,30.0,1011.4,38.9
2016-02-18T03:00:00,42768099999,CHHINDWARA,22.1,79.0,17.2,1017.6,69.63
2016-02-18T12:00:00,42768099999,CHHINDWARA,22.1,79.0,30.0,1010.8,43.11
2016-02-19T03:00:00,42768099999,CHHINDWARA,22.1,79.0,16.4,1018.1,80.31
2016-02-19T12:00:00,42768099999,CHHINDWARA,22.1,79.0,30.0,1011.3,45.07
2016-02-20T03:00:00,42768099999,CHHINDWARA,22.1,79.0,18.6,1016.6,67.21
2016-02-20T12:00:00,42768099999,CHHINDWARA,22.1,79.0,30.4,1009.1,37.29
2016-02-21T03:00:00,42768099999,CHHINDWARA,22.1,79.0,21.8,1014.6,70.06
2016-02-21T12:00:00,42768099999,CHHINDWARA,22.1,79.0,29.8,1009.1,46.17
2016-02-22T03:00:00,42768099999,CHHINDWARA,22.1,79.0,20.4,1015.7,54.79
2016-02-22T12:00:00,42768099999,CHHINDWARA,22.1,79.0,31.2,1009.2,46.55
2016-02-23T03:00:00,42768099999,CHHINDWARA,22.1,79.0,17.8,1015.3,58.29
2016-02-23T12:00:00,42768099999,CHHINDWARA,22.1,79.0,30.4,1007.3,39.26
2016-02-24T03:00:00,42768099999,CHHINDWARA,22.1,79.0,19.8,1014.1,36.27
2016-02-24T12:00:00,42768099999,CHHINDWARA,22.1,79.0,30.0,1006.9,37.91
2016-02-25T03:00:00,42768099999,CHHINDWARA,22.1,79.0,20.2,1013.5,45.66
2016-02-25T12:00:00,42768099999,CHHINDWARA,22.1,79.0,31.0,1007.6,45.05
2016-02-26T03:00:00,42768099999,CHHINDWARA,22.1,79.0,21.2,1014.9,51.47
2016-02-26T12:00:00,42768099999,CHHINDWARA,22.1,79.0,30.2,1010.0,46.57
2016-02-27T03:00:00,42768099999,CHHINDWARA,22.1,79.0,20.0,1017.6,60.4
2016-02-27T12:00:00,42768099999,CHHINDWARA,22.1,79.0,28.8,1011.7,50.49
2016-02-28T03:00:00,42768099999,CHHINDWARA,22.1,79.0,20.2,1019.1,59.26
2016-02-28T12:00:00,42768099999,CHHINDWARA,22.1,79.0,29.0,1012.6,74.47
2016-02-29T03:00:00,42768099999,CHHINDWARA,22.1,79.0,18.0,1019.8,84.78
2016-02-29T12:00:00,42768099999,CHHINDWARA,22.1,79.0,22.4,1014.4,68.85
2016-03-01T03:00:00,42768099999,CHHINDWARA,22.1,79.0,18.0,1016.8,75.48
2016-03-01T12:00:00,42768099999,CHHINDWARA,22.1,79.0,30.4,1009.9,55.18
2016-03-02T03:00:00,42768099999,CHHINDWARA,22.1,79.0,20.4,1016.4,48.91
2016-03-02T12:00:00,42768099999,CHHINDWARA,22.1,79.0,31.8,1010.0,31.43
2016-03-03T03:00:00,42768099999,CHHINDWARA,22.1,79.0,20.8,1019.1,49.34
2016-03-03T12:00:00,42768099999,CHHINDWARA,22.1,79.0,29.2,1011.1,37.93
2016-03-04T03:00:00,42768099999,CHHINDWARA,22.1,79.0,23.0,1014.6,50.6
2016-03-04T12:00:00,42768099999,CHHINDWARA,22.1,79.0,30.0,1009.0,32.83
2016-03-05T03:00:00,42768099999,CHHINDWARA,22.1,79.0,22.2,1013.6,53.82
2016-03-05T12:00:00,42768099999,CHHINDWARA,22.1,79.0,30.0,1009.6,38.9
2016-03-06T03:00:00,42768099999,CHHINDWARA,22.1,79.0,20.0,1013.9,96.35
2016-03-06T12:00:00,42768099999,CHHINDWARA,22.1,79.0,19.8,1008.5,85.51
2016-03-07T03:00:00,42768099999,CHHINDWARA,22.1,79.0,19.8,1014.4,92.8
2016-03-07T12:00:00,42768099999,CHHINDWARA,22.1,79.0,29.2,1005.7,41.0
2016-03-08T03:00:00,42768099999,CHHINDWARA,22.1,79.0,21.0,1011.5,74.05
2016-03-08T12:00:00,42768099999,CHHINDWARA,22.1,79.0,30.4,1006.2,46.63
2016-03-09T03:00:00,42768099999,CHHINDWARA,22.1,79.0,21.0,1014.4,67.7
2016-03-09T12:00:00,42768099999,CHHINDWARA,22.1,79.0,31.8,1006.7,26.82
2016-03-10T03:00:00,42768099999,CHHINDWARA,22.1,79.0,19.8,1013.9,66.58
2016-03-10T12:00:00,42768099999,CHHINDWARA,22.1,79.0,32.8,1007.1,22.16
2016-03-11T03:00:00,42768099999,CHHINDWARA,22.1,79.0,20.0,1014.8,70.17
2016-03-11T12:00:00,42768099999,CHHINDWARA,22.1,79.0,34.4,1006.9,25.94
2016-03-12T03:00:00,42768099999,CHHINDWARA,22.1,79.0,23.8,1011.1,59.73
2016-03-12T12:00:00,42768099999,CHHINDWARA,22.1,79.0,32.8,1003.3,32.53
2016-03-13T03:00:00,42768099999,CHHINDWARA,22.1,79.0,21.8,1012.7,68.3
2016-03-13T12:00:00,42768099999,CHHINDWARA,22.1,79.0,27.0,1005.4,53.65
2016-03-14T03:00:00,42768099999,CHHINDWARA,22.1,79.0,19.8,1013.8,78.23
2016-03-14T12:00:00,42768099999,CHHINDWARA,22.1,79.0,29.8,1006.4,30.67
2016-03-15T03:00:00,42768099999,CHHINDWARA,22.1,79.0,21.0,1014.8,74.05
2016-03-15T12:00:00,42768099999,CHHINDWARA,22.1,79.0,30.0,1007.5,27.98
2016-03-16T03:00:00,42768099999,CHHINDWARA,22.1,79.0,21.0,1014.0,74.05
2016-03-16T12:00:00,42768099999,CHHINDWARA,22.1,79.0,30.2,1008.7,29.19
2016-03-17T03:00:00,42768099999,CHHINDWARA,22.1,79.0,19.0,1013.6,59.37
2016-03-17T12:00:00,42768099999,CHHINDWARA,22.1,79.0,32.2,1006.1,39.26
2016-03-18T03:00:00,42768099999,CHHINDWARA,22.1,79.0,21.8,1012.2,71.42
2016-03-18T12:00:00,42768099999,CHHINDWARA,22.1,79.0,33.4,1004.1,27.97
2016-03-19T03:00:00,42768099999,CHHINDWARA,22.1,79.0,25.0,1010.3,42.84
2016-03-19T12:00:00,42768099999,CHHINDWARA,22.1,79.0,32.8,1004.9,20.7
2016-03-20T03:00:00,42768099999,CHHINDWARA,22.1,79.0,23.8,1012.0,45.13
2016-03-20T12:00:00,42768099999,CHHINDWARA,22.1,79.0,32.8,1006.6,19.73
2016-03-21T03:00:00,42768099999,CHHINDWARA,22.1,79.0,20.8,1011.2,44.9
2016-03-21T12:00:00,42768099999,CHHINDWARA,22.1,79.0,32.8,1006.7,41.46
2016-03-22T03:00:00,42768099999,CHHINDWARA,22.1,79.0,24.0,1010.5,30.51
2016-03-22T12:00:00,42768099999,CHHINDWARA,22.1,79.0,33.0,1004.7,19.24
2016-03-24T03:00:00,42768099999,CHHINDWARA,22.1,79.0,20.2,1014.6,41.21
2016-03-24T12:00:00,42768099999,CHHINDWARA,22.1,79.0,36.8,1006.9,13.01
2016-03-25T03:00:00,42768099999,CHHINDWARA,22.1,79.0,25.2,1015.3,50.84
2016-03-25T12:00:00,42768099999,CHHINDWARA,22.1,79.0,36.4,1007.0,18.76
2016-03-26T03:00:00,42768099999,CHHINDWARA,22.1,79.0,23.0,1013.4,49.28
2016-03-26T12:00:00,42768099999,CHHINDWARA,22.1,79.0,36.0,1006.0,24.86
2016-03-27T03:00:00,42768099999,CHHINDWARA,22.1,79.0,25.0,1011.6,52.8
2016-03-28T03:00:00,42768099999,CHHINDWARA,22.1,79.0,23.0,1013.8,61.88
2016-03-28T12:00:00,42768099999,CHHINDWARA,22.1,79.0,33.0,1006.7,33.66
2016-03-29T03:00:00,42768099999,CHHINDWARA,22.1,79.0,23.8,1012.4,55.65
2016-03-29T12:00:00,42768099999,CHHINDWARA,22.1,79.0,35.2,1005.3,29.39
2016-03-30T03:00:00,42768099999,CHHINDWARA,22.1,79.0,26.8,1011.5,30.46
2016-03-30T12:00:00,42768099999,CHHINDWARA,22.1,79.0,35.0,1006.1,18.31
2016-03-31T03:00:00,42768099999,CHHINDWARA,22.1,79.0,23.8,1012.2,46.34
2016-03-31T12:00:00,42768099999,CHHINDWARA,22.1,79.0,36.0,1004.8,17.44
2016-04-01T03:00:00,42768099999,CHHINDWARA,22.1,79.0,24.8,1008.7,37.69
2016-04-01T12:00:00,42768099999,CHHINDWARA,22.1,79.0,36.4,1007.6,15.18
2016-04-02T03:00:00,42768099999,CHHINDWARA,22.1,79.0,25.8,1009.4,81.54
2016-04-02T12:00:00,42768099999,CHHINDWARA,22.1,79.0,37.8,1003.0,12.58
2016-04-03T03:00:00,42768099999,CHHINDWARA,22.1,79.0,26.2,1010.1,43.18
2016-04-03T12:00:00,42768099999,CHHINDWARA,22.1,79.0,39.0,1003.1,17.9
2016-04-04T03:00:00,42768099999,CHHINDWARA,22.1,79.0,30.2,1007.0,32.03
2016-04-04T12:00:00,42768099999,CHHINDWARA,22.1,79.0,38.2,1001.5,18.94
2016-04-05T03:00:00,42768099999,CHHINDWARA,22.1,79.0,25.2,1009.4,50.52
2016-04-05T12:00:00,42768099999,CHHINDWARA,22.1,79.0,39.2,1002.3,13.13
2016-04-06T03:00:00,42768099999,CHHINDWARA,22.1,79.0,26.8,1010.1,52.25
2016-04-06T12:00:00,42768099999,CHHINDWARA,22.1,79.0,35.2,1003.8,27.73
2016-04-07T03:00:00,42768099999,CHHINDWARA,22.1,79.0,27.8,1009.8,39.3
2016-04-07T12:00:00,42768099999,CHHINDWARA,22.1,79.0,35.4,1004.7,24.86
2016-04-08T03:00:00,42768099999,CHHINDWARA,22.1,79.0,25.4,1010.3,49.6
2016-04-08T12:00:00,42768099999,CHHINDWARA,22.1,79.0,35.8,1003.4,23.85
2016-04-09T03:00:00,42768099999,CHHINDWARA,22.1,79.0,26.4,1008.0,42.11
2016-04-09T12:00:00,42768099999,CHHINDWARA,22.1,79.0,36.4,1004.1,30.87
2016-04-10T03:00:00,42768099999,CHHINDWARA,22.1,79.0,27.8,1010.9,47.42
2016-04-10T12:00:00,42768099999,CHHINDWARA,22.1,79.0,36.8,1004.2,21.41
2016-04-11T03:00:00,42768099999,CHHINDWARA,22.1,79.0,26.8,1010.0,40.33
2016-04-11T12:00:00,42768099999,CHHINDWARA,22.1,79.0,37.0,1004.2,24.47
2016-04-12T03:00:00,42768099999,CHHINDWARA,22.1,79.0,30.0,1007.0,24.27
2016-04-12T12:00:00,42768099999,CHHINDWARA,22.1,79.0,35.8,1002.1,18.62
2016-04-13T03:00:00,42768099999,CHHINDWARA,22.1,79.0,29.4,1005.9,21.44
2016-04-13T12:00:00,42768099999,CHHINDWARA,22.1,79.0,35.4,1000.6,17.42
2016-04-14T03:00:00,42768099999,CHHINDWARA,22.1,79.0,25.0,1005.4,38.01
2016-04-14T12:00:00,42768099999,CHHINDWARA,22.1,79.0,37.4,,16.6
2016-04-15T03:00:00,42768099999,CHHINDWARA,22.1,79.0,24.8,1008.4,37.69
2016-04-15T12:00:00,42768099999,CHHINDWARA,22.1,79.0,39.8,1004.5,18.94
2016-04-16T03:00:00,42768099999,CHHINDWARA,22.1,79.0,29.8,1006.6,34.32
2016-04-16T12:00:00,42768099999,CHHINDWARA,22.1,79.0,35.8,1001.0,24.64
2016-04-17T03:00:00,42768099999,CHHINDWARA,22.1,79.0,27.4,1007.5,41.03
2016-04-17T12:00:00,42768099999,CHHINDWARA,22.1,79.0,38.8,1000.7,22.34
2016-04-18T03:00:00,42768099999,CHHINDWARA,22.1,79.0,28.0,1009.9,42.83
2016-04-18T12:00:00,42768099999,CHHINDWARA,22.1,79.0,38.4,1001.4,19.24
2016-04-19T03:00:00,42768099999,CHHINDWARA,22.1,79.0,27.2,1008.9,44.31
2016-04-20T03:00:00,42768099999,CHHINDWARA,22.1,79.0,31.0,1008.7,39.93
2016-04-21T12:00:00,42768099999,CHHINDWARA,22.1,79.0,37.0,1001.6,20.21
2016-04-22T03:00:00,42768099999,CHHINDWARA,22.1,79.0,32.4,1003.8,25.07
2016-04-22T12:00:00,42768099999,CHHINDWARA,22.1,79.0,38.0,1004.7,14.11
2016-04-23T03:00:00,42768099999,CHHINDWARA,22.1,79.0,31.0,1003.3,29.41
2016-04-23T12:00:00,42768099999,CHHINDWARA,22.1,79.0,36.0,1001.7,21.07
2016-04-24T03:00:00,42768099999,CHHINDWARA,22.1,79.0,30.4,1004.4,26.62
2016-04-24T12:00:00,42768099999,CHHINDWARA,22.1,79.0,35.8,1001.2,20.06
2016-04-25T03:00:00,42768099999,CHHINDWARA,22.1,79.0,31.0,1004.7,31.21
2016-04-25T12:00:00,42768099999,CHHINDWARA,22.1,79.0,38.0,1000.4,20.73
2016-04-26T03:00:00,42768099999,CHHINDWARA,22.1,79.0,30.4,1007.6,31.46
2016-04-26T12:00:00,42768099999,CHHINDWARA,22.1,79.0,38.0,1003.3,18.64
2016-04-27T03:00:00,42768099999,CHHINDWARA,22.1,79.0,31.0,1007.5,34.2
2016-04-27T12:00:00,42768099999,CHHINDWARA,22.1,79.0,38.8,1002.0,21.76
2016-04-28T03:00:00,42768099999,CHHINDWARA,22.1,79.0,28.2,1008.0,54.63
2016-04-28T12:00:00,42768099999,CHHINDWARA,22.1,79.0,37.8,1001.8,24.04
2016-04-29T03:00:00,42768099999,CHHINDWARA,22.1,79.0,31.2,1006.3,30.65
2016-04-29T12:00:00,42768099999,CHHINDWARA,22.1,79.0,38.4,1002.5,21.24
2016-04-30T03:00:00,42768099999,CHHINDWARA,22.1,79.0,30.0,1006.7,43.11
2016-04-30T12:00:00,42768099999,CHHINDWARA,22.1,79.0,38.0,1001.1,18.64
2016-05-01T03:00:00,42768099999,CHHINDWARA,22.1,79.0,32.4,1005.5,25.07
2016-05-01T12:00:00,42768099999,CHHINDWARA,22.1,79.0,39.0,1001.1,13.55
2016-05-02T03:00:00,42768099999,CHHINDWARA,22.1,79.0,31.0,1005.4,33.98
2016-05-02T12:00:00,42768099999,CHHINDWARA,22.1,79.0,34.2,1002.0,24.07
2016-05-03T03:00:00,42768099999,CHHINDWARA,22.1,79.0,31.4,1008.9,32.57
2016-05-03T12:00:00,42768099999,CHHINDWARA,22.1,79.0,37.4,1000.2,19.65
2016-05-04T03:00:00,42768099999,CHHINDWARA,22.1,79.0,28.0,1007.3,49.65
2016-05-04T12:00:00,42768099999,CHHINDWARA,22.1,79.0,33.0,1001.6,27.5
2016-05-05T03:00:00,42768099999,CHHINDWARA,22.1,79.0,27.0,1009.8,55.03
2016-05-05T12:00:00,42768099999,CHHINDWARA,22.1,79.0,33.4,1002.0,27.25
2016-05-06T03:00:00,42768099999,CHHINDWARA,22.1,79.0,26.0,1010.1,50.08
2016-05-06T12:00:00,42768099999,CHHINDWARA,22.1,79.0,33.0,1003.6,31.96
2016-05-07T03:00:00,42768099999,CHHINDWARA,22.1,79.0,27.0,1007.4,45.12
2016-05-07T12:00:00,42768099999,CHHINDWARA,22.1,79.0,33.0,1003.1,33.66
2016-05-08T03:00:00,42768099999,CHHINDWARA,22.1,79.0,28.6,1008.4,49.18
2016-05-08T12:00:00,42768099999,CHHINDWARA,22.1,79.0,30.0,1004.9,50.48
2016-05-09T03:00:00,42768099999,CHHINDWARA,22.1,79.0,25.8,1008.2,66.96
2016-05-09T12:00:00,42768099999,CHHINDWARA,22.1,79.0,34.8,1002.0,30.64
2016-05-10T03:00:00,42768099999,CHHINDWARA,22.1,79.0,26.0,1008.2,59.11
2016-05-10T12:00:00,42768099999,CHHINDWARA,22.1,79.0,35.0,1002.6,31.69
2016-05-11T03:00:00,42768099999,CHHINDWARA,22.1,79.0,28.2,1007.4,58.52
2016-05-11T12:00:00,42768099999,CHHINDWARA,22.1,79.0,36.2,1001.0,31.41
2016-05-12T03:00:00,42768099999,CHHINDWARA,22.1,79.0,29.2,1004.9,52.21
2016-05-12T12:00:00,42768099999,CHHINDWARA,22.1,79.0,39.2,1002.3,24.25
2016-05-13T03:00:00,42768099999,CHHINDWARA,22.1,79.0,32.0,1003.2,57.98
2016-05-13T12:00:00,42768099999,CHHINDWARA,22.1,79.0,39.4,1002.6,19.09
2016-05-14T03:00:00,42768099999,CHHINDWARA,22.1,79.0,34.8,1004.4,22.51
2016-05-14T12:00:00,42768099999,CHHINDWARA,22.1,79.0,40.0,1003.2,18.13
2016-05-15T03:00:00,42768099999,CHHINDWARA,22.1,79.0,30.6,1006.0,37.58
2016-05-15T12:00:00,42768099999,CHHINDWARA,22.1,79.0,40.8,1002.1,18.19
2016-05-16T03:00:00,42768099999,CHHINDWARA,22.1,79.0,30.2,1003.7,33.98
2016-05-16T12:00:00,42768099999,CHHINDWARA,22.1,79.0,40.0,1001.4,25.08
2016-05-17T03:00:00,42768099999,CHHINDWARA,22.1,79.0,35.8,1002.8,22.32
2016-05-17T12:00:00,42768099999,CHHINDWARA,22.1,79.0,40.4,1001.1,50.97
2016-05-18T03:00:00,42768099999,CHHINDWARA,22.1,79.0,32.4,1007.7,49.55
2016-05-18T12:00:00,42768099999,CHHINDWARA,22.1,79.0,41.4,1003.3,18.21
2016-05-19T03:00:00,42768099999,CHHINDWARA,22.1,79.0,32.0,1000.6,50.37
2016-05-19T12:00:00,42768099999,CHHINDWARA,22.1,79.0,39.8,994.1,35.29
2016-05-20T03:00:00,42768099999,CHHINDWARA,22.1,79.0,31.2,1000.9,49.54
2016-05-20T12:00:00,42768099999,CHHINDWARA,22.1,79.0,39.0,1001.9,31.97
2016-05-21T03:00:00,42768099999,CHHINDWARA,22.1,79.0,33.0,1001.7,46.16
2016-05-21T12:00:00,42768099999,CHHINDWARA,22.1,79.0,39.8,1003.4,21.45
2016-05-22T03:00:00,42768099999,CHHINDWARA,22.1,79.0,31.4,1001.3,53.09
2016-05-22T12:00:00,42768099999,CHHINDWARA,22.1,79.0,39.8,1006.1,20.22
2016-05-23T03:00:00,42768099999,CHHINDWARA,22.1,79.0,30.8,1003.5,48.22
2016-05-23T12:00:00,42768099999,CHHINDWARA,22.1,79.0,38.4,997.5,24.67
2016-05-24T03:00:00,42768099999,CHHINDWARA,22.1,79.0,30.6,1003.4,60.17
2016-05-24T12:00:00,42768099999,CHHINDWARA,22.1,79.0,38.8,996.5,20.38
2016-05-25T03:00:00,42768099999,CHHINDWARA,22.1,79.0,31.2,1001.0,50.48
2016-05-26T03:00:00,42768099999,CHHINDWARA,22.1,79.0,31.0,1003.4,51.37
2016-05-26T12:00:00,42768099999,CHHINDWARA,22.1,79.0,38.2,997.6,28.89
2016-05-27T03:00:00,42768099999,CHHINDWARA,22.1,79.0,32.0,1005.0,32.53
2016-05-27T12:00:00,42768099999,CHHINDWARA,22.1,79.0,38.2,998.6,23.07
2016-05-28T03:00:00,42768099999,CHHINDWARA,22.1,79.0,32.4,1000.0,44.59
2016-05-28T12:00:00,42768099999,CHHINDWARA,22.1,79.0,37.4,997.8,27.25
2016-05-29T03:00:00,42768099999,CHHINDWARA,22.1,79.0,31.8,997.3,45.84
2016-05-29T12:00:00,42768099999,CHHINDWARA,22.1,79.0,36.0,997.8,35.36
2016-05-30T03:00:00,42768099999,CHHINDWARA,22.1,79.0,31.0,1002.5,47.08
2016-05-30T12:00:00,42768099999,CHHINDWARA,22.1,79.0,37.8,996.8,27.7
2016-05-31T03:00:00,42768099999,CHHINDWARA,22.1,79.0,32.0,1004.1,40.98
2016-05-31T12:00:00,42768099999,CHHINDWARA,22.1,79.0,38.0,999.0,26.37
2016-06-01T03:00:00,42768099999,CHHINDWARA,22.1,79.0,34.0,1003.3,34.81
2016-06-01T12:00:00,42768099999,CHHINDWARA,22.1,79.0,37.8,999.0,50.92
2016-06-02T03:00:00,42768099999,CHHINDWARA,22.1,79.0,39.0,1002.0,20.57
2016-06-02T12:00:00,42768099999,CHHINDWARA,22.1,79.0,40.0,1002.3,24.45
2016-06-03T03:00:00,42768099999,CHHINDWARA,22.1,79.0,35.4,1000.7,26.37
2016-06-03T12:00:00,42768099999,CHHINDWARA,22.1,79.0,40.8,1001.0,27.27
2016-06-04T03:00:00,42768099999,CHHINDWARA,22.1,79.0,32.0,1002.5,45.04
2016-06-04T12:00:00,42768099999,CHHINDWARA,22.1,79.0,40.0,1001.5,24.45
2016-06-05T03:00:00,42768099999,CHHINDWARA,22.1,79.0,32.8,1002.3,41.98
2016-06-05T12:00:00,42768099999,CHHINDWARA,22.1,79.0,40.2,995.9,21.97
2016-06-06T03:00:00,42768099999,CHHINDWARA,22.1,79.0,29.6,997.7,56.01
2016-06-06T12:00:00,42768099999,CHHINDWARA,22.1,79.0,27.0,1000.7,57.51
2016-06-07T03:00:00,42768099999,CHHINDWARA,22.1,79.0,28.8,1003.6,62.78
2016-06-07T12:00:00,42768099999,CHHINDWARA,22.1,79.0,32.8,999.3,41.98
2016-06-08T03:00:00,42768099999,CHHINDWARA,22.1,79.0,27.0,1003.3,65.56
2016-06-08T12:00:00,42768099999,CHHINDWARA,22.1,79.0,34.8,995.7,39.23
2016-06-09T03:00:00,42768099999,CHHINDWARA,22.1,79.0,29.2,1002.1,54.88
2016-06-09T12:00:00,42768099999,CHHINDWARA,22.1,79.0,32.0,997.5,42.03
2016-06-10T03:00:00,42768099999,CHHINDWARA,22.1,79.0,30.0,1002.4,56.46
2016-06-10T12:00:00,42768099999,CHHINDWARA,22.1,79.0,32.2,998.3,40.26
2016-06-11T03:00:00,42768099999,CHHINDWARA,22.1,79.0,30.8,1002.1,58.05
2016-06-11T12:00:00,42768099999,CHHINDWARA,22.1,79.0,36.0,997.0,44.99
2016-06-12T03:00:00,42768099999,CHHINDWARA,22.1,79.0,30.4,1000.2,57.96
2016-06-13T03:00:00,42768099999,CHHINDWARA,22.1,79.0,30.0,1000.3,57.51
2016-06-13T12:00:00,42768099999,CHHINDWARA,22.1,79.0,36.8,1002.5,30.39
2016-06-14T03:00:00,42768099999,CHHINDWARA,22.1,79.0,30.0,1001.4,54.06
2016-06-14T12:00:00,42768099999,CHHINDWARA,22.1,79.0,36.4,996.8,39.17
2016-06-15T03:00:00,42768099999,CHHINDWARA,22.1,79.0,30.0,1002.5,47.71
2016-06-15T12:00:00,42768099999,CHHINDWARA,22.1,79.0,35.4,1000.8,34.53
2016-06-16T03:00:00,42768099999,CHHINDWARA,22.1,79.0,29.8,1000.2,53.68
2016-06-16T12:00:00,42768099999,CHHINDWARA,22.1,79.0,35.0,995.6,38.55
2016-06-17T03:00:00,42768099999,CHHINDWARA,22.1,79.0,31.0,999.6,50.42
2016-06-17T12:00:00,42768099999,CHHINDWARA,22.1,79.0,31.2,996.5,45.39
2016-06-18T03:00:00,42768099999,CHHINDWARA,22.1,79.0,27.0,1001.3,66.38
2016-06-18T12:00:00,42768099999,CHHINDWARA,22.1,79.0,31.4,996.6,54.08
2016-06-19T03:00:00,42768099999,CHHINDWARA,22.1,79.0,26.6,1003.1,83.13
2016-06-19T12:00:00,42768099999,CHHINDWARA,22.1,79.0,31.0,998.0,64.03
2016-06-20T03:00:00,42768099999,CHHINDWARA,22.1,79.0,27.2,1002.2,78.33
2016-06-20T12:00:00,42768099999,CHHINDWARA,22.1,79.0,32.0,996.8,57.98
2016-06-21T03:00:00,42768099999,CHHINDWARA,22.1,79.0,27.4,1000.1,77.42
2016-06-21T12:00:00,42768099999,CHHINDWARA,22.1,79.0,34.8,996.4,44.95
2016-06-22T03:00:00,42768099999,CHHINDWARA,22.1,79.0,29.2,1002.7,71.86
2016-06-22T12:00:00,42768099999,CHHINDWARA,22.1,79.0,28.2,1000.8,62.27
2016-06-23T03:00:00,42768099999,CHHINDWARA,22.1,79.0,26.6,1003.0,84.65
2016-06-23T12:00:00,42768099999,CHHINDWARA,22.1,79.0,28.4,1000.6,70.0
2016-06-24T03:00:00,42768099999,CHHINDWARA,22.1,79.0,26.0,1002.7,93.67
2016-06-24T12:00:00,42768099999,CHHINDWARA,22.1,79.0,32.8,996.6,62.89
2016-06-25T03:00:00,42768099999,CHHINDWARA,22.1,79.0,24.2,1002.7,96.46
2016-06-25T12:00:00,42768099999,CHHINDWARA,22.1,79.0,25.0,999.8,100.0
2016-06-26T03:00:00,42768099999,CHHINDWARA,22.1,79.0,25.8,1002.3,92.0
2016-06-26T12:00:00,42768099999,CHHINDWARA,22.1,79.0,23.4,1000.1,100.0
2016-06-27T03:00:00,42768099999,CHHINDWARA,22.1,79.0,25.0,1001.0,98.23
2016-06-27T12:00:00,42768099999,CHHINDWARA,22.1,79.0,25.6,998.3,100.0
2016-06-28T03:00:00,42768099999,CHHINDWARA,22.1,79.0,22.6,1001.9,100.0
2016-06-28T12:00:00,42768099999,CHHINDWARA,22.1,79.0,27.0,997.6,89.37
2016-06-29T03:00:00,42768099999,CHHINDWARA,22.1,79.0,25.4,1000.7,90.33
2016-06-29T12:00:00,42768099999,CHHINDWARA,22.1,79.0,31.0,998.4,63.26
2016-06-30T03:00:00,42768099999,CHHINDWARA,22.1,79.0,27.2,999.3,84.71
2016-06-30T12:00:00,42768099999,CHHINDWARA,22.1,79.0,25.8,998.8,87.15
2016-07-01T03:00:00,42768099999,CHHINDWARA,22.1,79.0,27.4,998.1,84.73
2016-07-01T12:00:00,42768099999,CHHINDWARA,22.1,79.0,29.0,996.8,71.82
2016-07-02T03:00:00,42768099999,CHHINDWARA,22.1,79.0,24.0,999.3,93.02
2016-07-02T12:00:00,42768099999,CHHINDWARA,22.1,79.0,26.8,997.5,88.82
2016-07-03T03:00:00,42768099999,CHHINDWARA,22.1,79.0,24.0,1001.5,98.21
2016-07-03T12:00:00,42768099999,CHHINDWARA,22.1,79.0,27.0,997.9,87.78
2016-07-04T03:00:00,42768099999,CHHINDWARA,22.1,79.0,24.0,1000.6,94.72
2016-07-04T12:00:00,42768099999,CHHINDWARA,22.1,79.0,27.6,997.2,79.34
2016-07-05T03:00:00,42768099999,CHHINDWARA,22.1,79.0,25.0,999.3,87.08
2016-07-05T12:00:00,42768099999,CHHINDWARA,22.1,79.0,24.6,997.1,100.0
2016-07-06T03:00:00,42768099999,CHHINDWARA,22.1,79.0,23.4,999.5,100.0
2016-07-06T12:00:00,42768099999,CHHINDWARA,22.1,79.0,24.2,997.6,93.03
2016-07-07T03:00:00,42768099999,CHHINDWARA,22.1,79.0,23.2,998.9,100.0
2016-07-07T12:00:00,42768099999,CHHINDWARA,22.1,79.0,23.0,998.6,94.68
2016-07-08T03:00:00,42768099999,CHHINDWARA,22.1,79.0,22.8,998.1,100.0
2016-07-08T12:00:00,42768099999,CHHINDWARA,22.1,79.0,24.0,995.4,96.45
2016-07-09T03:00:00,42768099999,CHHINDWARA,22.1,79.0,23.4,996.5,96.44
2016-07-09T12:00:00,42768099999,CHHINDWARA,22.1,79.0,23.8,995.4,93.0
2016-07-10T03:00:00,42768099999,CHHINDWARA,22.1,79.0,24.4,996.3,91.92
2016-07-10T12:00:00,42768099999,CHHINDWARA,22.1,79.0,27.4,994.1,84.73
2016-07-11T03:00:00,42768099999,CHHINDWARA,22.1,79.0,23.8,995.9,93.0
2016-07-11T12:00:00,42768099999,CHHINDWARA,22.1,79.0,26.2,993.9,90.38
2016-07-12T03:00:00,42768099999,CHHINDWARA,22.1,79.0,24.6,997.4,94.74
2016-07-12T12:00:00,42768099999,CHHINDWARA,22.1,79.0,23.2,997.6,92.97
2016-07-13T12:00:00,42768099999,CHHINDWARA,22.1,79.0,27.0,999.0,81.69
2016-07-14T03:00:00,42768099999,CHHINDWARA,22.1,79.0,24.0,1003.0,88.6
2016-07-14T12:00:00,42768099999,CHHINDWARA,22.1,79.0,28.8,998.4,67.56
2016-07-15T03:00:00,42768099999,CHHINDWARA,22.1,79.0,24.8,1002.4,88.66
2016-07-15T12:00:00,42768099999,CHHINDWARA,22.1,79.0,27.0,996.8,73.24
2016-07-16T03:00:00,42768099999,CHHINDWARA,22.1,79.0,23.0,1003.3,96.43
2016-07-16T12:00:00,42768099999,CHHINDWARA,22.1,79.0,26.0,998.1,78.64
2016-07-17T03:00:00,42768099999,CHHINDWARA,22.1,79.0,24.6,1006.0,88.65
2016-07-17T12:00:00,42768099999,CHHINDWARA,22.1,79.0,28.6,999.3,71.32
2016-07-18T03:00:00,42768099999,CHHINDWARA,22.1,79.0,23.8,1007.1,94.71
2016-07-18T12:00:00,42768099999,CHHINDWARA,22.1,79.0,27.2,1004.9,76.0
2016-07-19T03:00:00,42768099999,CHHINDWARA,22.1,79.0,23.8,1005.7,88.58
2016-07-19T12:00:00,42768099999,CHHINDWARA,22.1,79.0,28.2,1001.7,70.82
2016-07-20T03:00:00,42768099999,CHHINDWARA,22.1,79.0,24.8,1004.9,85.49
2016-07-20T12:00:00,42768099999,CHHINDWARA,22.1,79.0,31.0,1000.1,60.63
2016-07-21T03:00:00,42768099999,CHHINDWARA,22.1,79.0,24.8,1003.8,91.39
2016-07-21T12:00:00,42768099999,CHHINDWARA,22.1,79.0,24.8,1002.8,91.39
2016-07-22T03:00:00,42768099999,CHHINDWARA,22.1,79.0,24.8,1002.3,83.43
2016-07-22T12:00:00,42768099999,CHHINDWARA,22.1,79.0,24.8,1000.6,93.06
2016-07-23T03:00:00,42768099999,CHHINDWARA,22.1,79.0,24.6,1002.7,87.05
2016-07-23T12:00:00,42768099999,CHHINDWARA,22.1,79.0,26.2,999.3,88.77
2016-07-24T03:00:00,42768099999,CHHINDWARA,22.1,79.0,24.8,1007.2,91.94
2016-07-24T12:00:00,42768099999,CHHINDWARA,22.1,79.0,28.8,998.8,75.33
2016-07-25T03:00:00,42768099999,CHHINDWARA,22.1,79.0,25.0,1004.2,91.95
2016-07-25T12:00:00,42768099999,CHHINDWARA,22.1,79.0,29.2,1000.4,78.62
2016-07-26T12:00:00,42768099999,CHHINDWARA,22.1,79.0,27.6,1000.4,81.76
2016-07-27T03:00:00,42768099999,CHHINDWARA,22.1,79.0,23.2,1006.0,94.69
2016-07-27T12:00:00,42768099999,CHHINDWARA,22.1,79.0,24.4,1002.6,100.0
2016-07-28T03:00:00,42768099999,CHHINDWARA,22.1,79.0,24.0,1005.1,93.02
2016-07-28T12:00:00,42768099999,CHHINDWARA,22.1,79.0,25.0,1002.7,93.07
2016-07-29T03:00:00,42768099999,CHHINDWARA,22.1,79.0,23.2,1001.6,83.25
2016-07-29T12:00:00,42768099999,CHHINDWARA,22.1,79.0,27.2,999.8,77.39
2016-07-30T03:00:00,42768099999,CHHINDWARA,22.1,79.0,26.0,1003.5,84.58
2016-07-30T12:00:00,42768099999,CHHINDWARA,22.1,79.0,25.6,1000.9,87.14
2016-07-31T03:00:00,42768099999,CHHINDWARA,22.1,79.0,24.8,1003.8,93.62
2016-07-31T12:00:00,42768099999,CHHINDWARA,22.1,79.0,26.2,1000.0,86.15
2016-08-01T03:00:00,42768099999,CHHINDWARA,22.1,79.0,24.0,1001.7,94.72
2016-08-01T12:00:00,42768099999,CHHINDWARA,22.1,79.0,25.2,998.1,90.32
2016-08-02T03:00:00,42768099999,CHHINDWARA,22.1,79.0,24.6,998.5,87.05
2016-08-02T12:00:00,42768099999,CHHINDWARA,22.1,79.0,25.2,995.3,89.77
2016-08-03T03:00:00,42768099999,CHHINDWARA,22.1,79.0,23.0,998.5,98.2
2016-08-03T12:00:00,42768099999,CHHINDWARA,22.1,79.0,24.6,996.1,88.65
2016-08-04T03:00:00,42768099999,CHHINDWARA,22.1,79.0,24.0,997.7,88.6
2016-08-04T12:00:00,42768099999,CHHINDWARA,22.1,79.0,25.0,997.4,82.44
2016-08-05T03:00:00,42768099999,CHHINDWARA,22.1,79.0,24.2,998.9,91.91
2016-08-05T12:00:00,42768099999,CHHINDWARA,22.1,79.0,24.8,998.3,93.62
2016-08-06T03:00:00,42768099999,CHHINDWARA,22.1,79.0,24.0,998.6,91.89
2016-08-06T12:00:00,42768099999,CHHINDWARA,22.1,79.0,25.6,997.0,88.73
2016-08-07T03:00:00,42768099999,CHHINDWARA,22.1,79.0,21.8,1000.4,96.39
2016-08-07T12:00:00,42768099999,CHHINDWARA,22.1,79.0,23.4,1000.4,88.01
2016-08-08T03:00:00,42768099999,CHHINDWARA,22.1,79.0,22.8,1003.4,86.35
2016-08-08T12:00:00,42768099999,CHHINDWARA,22.1,79.0,24.0,1000.9,90.23
2016-08-09T03:00:00,42768099999,CHHINDWARA,22.1,79.0,23.0,1002.4,92.96
2016-08-09T12:00:00,42768099999,CHHINDWARA,22.1,79.0,25.6,999.3,84.03
2016-08-10T03:00:00,42768099999,CHHINDWARA,22.1,79.0,22.6,1004.0,94.67
2016-08-10T12:00:00,42768099999,CHHINDWARA,22.1,79.0,25.8,1001.4,85.59
2016-08-11T03:00:00,42768099999,CHHINDWARA,22.1,79.0,23.0,1005.2,100.0
2016-08-11T12:00:00,42768099999,CHHINDWARA,22.1,79.0,26.4,1002.9,78.7
2016-08-12T03:00:00,42768099999,CHHINDWARA,22.1,79.0,23.2,1005.2,92.97
2016-08-12T12:00:00,42768099999,CHHINDWARA,22.1,79.0,23.8,1003.1,86.97
2016-08-13T03:00:00,42768099999,CHHINDWARA,22.1,79.0,24.0,1003.3,86.99
2016-08-13T12:00:00,42768099999,CHHINDWARA,22.1,79.0,26.0,1000.6,84.58
2016-08-14T03:00:00,42768099999,CHHINDWARA,22.1,79.0,23.8,1002.7,88.58
2016-08-14T12:00:00,42768099999,CHHINDWARA,22.1,79.0,24.2,1000.6,90.25
2016-08-15T03:00:00,42768099999,CHHINDWARA,22.1,79.0,23.2,1001.6,92.97
2016-08-15T12:00:00,42768099999,CHHINDWARA,22.1,79.0,24.0,1000.6,93.02
2016-08-16T03:00:00,42768099999,CHHINDWARA,22.1,79.0,23.8,1000.6,85.39
2016-08-16T12:00:00,42768099999,CHHINDWARA,22.1,79.0,26.0,999.0,73.97
2016-08-17T03:00:00,42768099999,CHHINDWARA,22.1,79.0,23.6,1000.9,83.29
2016-08-17T12:00:00,42768099999,CHHINDWARA,22.1,79.0,26.0,998.9,73.97
2016-08-18T03:00:00,42768099999,CHHINDWARA,22.1,79.0,23.8,1000.9,80.29
2016-08-18T12:00:00,42768099999,CHHINDWARA,22.1,79.0,26.0,999.3,72.62
2016-08-19T03:00:00,42768099999,CHHINDWARA,22.1,79.0,23.0,1001.2,86.37
2016-08-19T12:00:00,42768099999,CHHINDWARA,22.1,79.0,22.8,1000.1,84.76
2016-08-20T03:00:00,42768099999,CHHINDWARA,22.1,79.0,22.0,1002.1,91.21
2016-08-20T12:00:00,42768099999,CHHINDWARA,22.1,79.0,22.2,1001.3,91.22
2016-08-21T03:00:00,42768099999,CHHINDWARA,22.1,79.0,22.4,1004.1,92.93
2016-08-21T12:00:00,42768099999,CHHINDWARA,22.1,79.0,25.0,1002.9,83.96
2016-08-22T03:00:00,42768099999,CHHINDWARA,22.1,79.0,24.2,1003.6,82.34
2016-08-22T12:00:00,42768099999,CHHINDWARA,22.1,79.0,25.2,1002.5,79.49
2016-08-23T03:00:00,42768099999,CHHINDWARA,22.1,79.0,23.6,1004.2,92.99
2016-08-23T12:00:00,42768099999,CHHINDWARA,22.1,79.0,24.2,1002.5,94.73
2016-08-24T03:00:00,42768099999,CHHINDWARA,22.1,79.0,23.4,1004.9,100.0
2016-08-24T12:00:00,42768099999,CHHINDWARA,22.1,79.0,28.0,1000.7,75.21
2016-08-25T03:00:00,42768099999,CHHINDWARA,22.1,79.0,24.6,1006.0,88.65
2016-08-25T12:00:00,42768099999,CHHINDWARA,22.1,79.0,27.4,1001.9,77.42
2016-08-26T03:00:00,42768099999,CHHINDWARA,22.1,79.0,24.0,1005.7,91.89
2016-08-26T12:00:00,42768099999,CHHINDWARA,22.1,79.0,24.2,1002.2,94.73
2016-08-27T03:00:00,42768099999,CHHINDWARA,22.1,79.0,23.8,1005.5,96.45
2016-08-27T12:00:00,42768099999,CHHINDWARA,22.1,79.0,24.8,1001.6,94.75
2016-08-28T03:00:00,42768099999,CHHINDWARA,22.1,79.0,24.6,1006.0,94.74
2016-08-28T12:00:00,42768099999,CHHINDWARA,22.1,79.0,29.0,1002.0,78.12
2016-08-29T03:00:00,42768099999,CHHINDWARA,22.1,79.0,24.0,1005.7,91.89
2016-08-29T12:00:00,42768099999,CHHINDWARA,22.1,79.0,29.4,1000.4,80.06
2016-08-30T03:00:00,42768099999,CHHINDWARA,22.1,79.0,24.4,1003.8,93.6
2016-08-30T12:00:00,42768099999,CHHINDWARA,22.1,79.0,26.0,1001.3,87.17
2016-08-31T03:00:00,42768099999,CHHINDWARA,22.1,79.0,25.8,1003.5,84.05
2016-08-31T12:00:00,42768099999,CHHINDWARA,22.1,79.0,26.8,1001.4,83.15
2016-09-01T03:00:00,42768099999,CHHINDWARA,22.1,79.0,24.0,1004.1,91.89
2016-09-01T12:00:00,42768099999,CHHINDWARA,22.1,79.0,25.6,1001.4,91.44
2016-09-02T03:00:00,42768099999,CHHINDWARA,22.1,79.0,24.0,1000.8,91.89
2016-09-02T12:00:00,42768099999,CHHINDWARA,22.1,79.0,26.0,1000.0,76.74
2016-09-03T03:00:00,42768099999,CHHINDWARA,22.1,79.0,24.8,1004.9,85.49
2016-09-03T12:00:00,42768099999,CHHINDWARA,22.1,79.0,27.0,1001.1,71.91
2016-09-04T03:00:00,42768099999,CHHINDWARA,22.1,79.0,22.8,1006.9,78.18
2016-09-05T03:00:00,42768099999,CHHINDWARA,22.1,79.0,23.0,1007.6,86.37
2016-09-05T12:00:00,42768099999,CHHINDWARA,22.1,79.0,23.0,1007.6,86.37
2016-09-06T03:00:00,42768099999,CHHINDWARA,22.1,79.0,23.8,1008.5,80.29
2016-09-06T12:00:00,42768099999,CHHINDWARA,22.1,79.0,25.6,1004.6,68.19
2016-09-07T03:00:00,42768099999,CHHINDWARA,22.1,79.0,23.0,1007.6,81.69
2016-09-07T12:00:00,42768099999,CHHINDWARA,22.1,79.0,26.0,1003.5,67.0
2016-09-08T03:00:00,42768099999,CHHINDWARA,22.1,79.0,23.0,1008.0,87.98
2016-09-08T12:00:00,42768099999,CHHINDWARA,22.1,79.0,26.6,1004.8,74.53
2016-09-09T03:00:00,42768099999,CHHINDWARA,22.1,79.0,24.4,1008.1,85.45
2016-09-09T12:00:00,42768099999,CHHINDWARA,22.1,79.0,28.0,1004.6,65.77
2016-09-10T03:00:00,42768099999,CHHINDWARA,22.1,79.0,25.0,1009.2,83.96
2016-09-10T12:00:00,42768099999,CHHINDWARA,22.1,79.0,27.8,1003.0,65.73
2016-09-11T03:00:00,42768099999,CHHINDWARA,22.1,79.0,24.0,1008.4,96.45
2016-09-11T12:00:00,42768099999,CHHINDWARA,22.1,79.0,26.0,1003.5,78.64
2016-09-12T03:00:00,42768099999,CHHINDWARA,22.1,79.0,24.0,1006.2,83.85
2016-09-12T12:00:00,42768099999,CHHINDWARA,22.1,79.0,27.8,1002.9,69.46
2016-09-13T03:00:00,42768099999,CHHINDWARA,22.1,79.0,24.4,1006.6,88.63
2016-09-13T12:00:00,42768099999,CHHINDWARA,22.1,79.0,28.0,1002.8,64.57
2016-09-14T03:00:00,42768099999,CHHINDWARA,22.1,79.0,24.6,1006.8,88.65
2016-09-14T12:00:00,42768099999,CHHINDWARA,22.1,79.0,26.0,1002.8,88.76
2016-09-15T03:00:00,42768099999,CHHINDWARA,22.1,79.0,25.2,1005.0,87.1
2016-09-15T12:00:00,42768099999,CHHINDWARA,22.1,79.0,28.0,1001.2,77.98
2016-09-16T03:00:00,42768099999,CHHINDWARA,22.1,79.0,25.0,1005.1,88.68
2016-09-16T12:00:00,42768099999,CHHINDWARA,22.1,79.0,27.8,1001.4,79.37
2016-09-17T03:00:00,42768099999,CHHINDWARA,22.1,79.0,25.6,1003.9,90.34
2016-09-17T12:00:00,42768099999,CHHINDWARA,22.1,79.0,27.0,1000.9,83.18
2016-09-18T03:00:00,42768099999,CHHINDWARA,22.1,79.0,25.4,1005.4,91.97
2016-09-18T12:00:00,42768099999,CHHINDWARA,22.1,79.0,28.6,1001.4,76.67
2016-09-19T03:00:00,42768099999,CHHINDWARA,22.1,79.0,25.0,1005.8,93.63
2016-09-19T12:00:00,42768099999,CHHINDWARA,22.1,79.0,24.4,1003.6,93.6
2016-09-20T03:00:00,42768099999,CHHINDWARA,22.1,79.0,25.0,1005.3,88.68
2016-09-20T12:00:00,42768099999,CHHINDWARA,22.1,79.0,24.4,1002.5,93.6
2016-09-21T03:00:00,42768099999,CHHINDWARA,22.1,79.0,24.0,1006.2,91.89
2016-09-21T12:00:00,42768099999,CHHINDWARA,22.1,79.0,26.6,1003.5,87.75
2016-09-22T03:00:00,42768099999,CHHINDWARA,22.1,79.0,25.0,1009.2,87.08
2016-09-22T12:00:00,42768099999,CHHINDWARA,22.1,79.0,27.2,1002.0,77.39
2016-09-23T03:00:00,42768099999,CHHINDWARA,22.1,79.0,25.4,1004.6,81.49
2016-09-23T12:00:00,42768099999,CHHINDWARA,22.1,79.0,25.4,1001.3,93.65
2016-09-24T03:00:00,42768099999,CHHINDWARA,22.1,79.0,25.0,1003.7,91.95
2016-09-24T12:00:00,42768099999,CHHINDWARA,22.1,79.0,23.0,1001.2,96.43
2016-09-25T03:00:00,42768099999,CHHINDWARA,22.1,79.0,24.2,1002.7,91.91
2016-09-25T12:00:00,42768099999,CHHINDWARA,22.1,79.0,24.8,1001.6,93.62
2016-09-26T03:00:00,42768099999,CHHINDWARA,22.1,79.0,23.0,1005.9,91.27
2016-09-26T12:00:00,42768099999,CHHINDWARA,22.1,79.0,26.4,1002.7,81.61
2016-09-27T03:00:00,42768099999,CHHINDWARA,22.1,79.0,26.0,1005.7,93.67
2016-09-27T12:00:00,42768099999,CHHINDWARA,22.1,79.0,27.0,1003.3,71.91
2016-09-28T03:00:00,42768099999,CHHINDWARA,22.1,79.0,25.0,1005.9,83.96
2016-09-28T12:00:00,42768099999,CHHINDWARA,22.1,79.0,27.6,1001.9,70.71
2016-09-29T03:00:00,42768099999,CHHINDWARA,22.1,79.0,24.8,1004.9,90.29
2016-09-29T12:00:00,42768099999,CHHINDWARA,22.1,79.0,26.0,1002.4,76.74
2016-09-30T03:00:00,42768099999,CHHINDWARA,22.1,79.0,23.0,1003.9,92.96
2016-09-30T12:00:00,42768099999,CHHINDWARA,22.1,79.0,26.0,1002.0,84.58
2016-10-01T03:00:00,42768099999,CHHINDWARA,22.1,79.0,25.0,1005.6,88.68
2016-10-01T12:00:00,42768099999,CHHINDWARA,22.1,79.0,27.2,1003.0,78.81
2016-10-02T03:00:00,42768099999,CHHINDWARA,22.1,79.0,25.4,1008.1,88.71
2016-10-02T12:00:00,42768099999,CHHINDWARA,22.1,79.0,26.0,1004.6,88.76
2016-10-03T03:00:00,42768099999,CHHINDWARA,22.1,79.0,24.0,1008.7,91.89
2016-10-03T12:00:00,42768099999,CHHINDWARA,22.1,79.0,27.0,1004.3,77.36
2016-10-04T03:00:00,42768099999,CHHINDWARA,22.1,79.0,23.0,1009.7,96.43
2016-10-04T12:00:00,42768099999,CHHINDWARA,22.1,79.0,27.4,1003.4,71.98
2016-10-05T03:00:00,42768099999,CHHINDWARA,22.1,79.0,25.0,1007.0,96.48
2016-10-05T12:00:00,42768099999,CHHINDWARA,22.1,79.0,26.4,1002.2,88.79
2016-10-06T03:00:00,42768099999,CHHINDWARA,22.1,79.0,23.0,1008.2,94.68
2016-10-06T12:00:00,42768099999,CHHINDWARA,22.1,79.0,25.4,1004.6,85.55
2016-10-07T03:00:00,42768099999,CHHINDWARA,22.1,79.0,24.2,1006.0,90.25
2016-10-07T12:00:00,42768099999,CHHINDWARA,22.1,79.0,25.0,1004.9,88.68
2016-10-08T03:00:00,42768099999,CHHINDWARA,22.1,79.0,24.2,1009.2,90.25
2016-10-08T12:00:00,42768099999,CHHINDWARA,22.1,79.0,24.0,1005.1,94.72
2016-10-09T03:00:00,42768099999,CHHINDWARA,22.1,79.0,23.0,1006.5,92.96
2016-10-09T12:00:00,42768099999,CHHINDWARA,22.1,79.0,26.6,1003.3,71.4
2016-10-10T03:00:00,42768099999,CHHINDWARA,22.1,79.0,23.2,1007.4,91.29
2016-10-12T03:00:00,42768099999,CHHINDWARA,22.1,79.0,22.6,1009.8,83.18
2016-10-12T12:00:00,42768099999,CHHINDWARA,22.1,79.0,25.0,1006.6,76.59
2016-10-13T03:00:00,42768099999,CHHINDWARA,22.1,79.0,21.2,1011.9,75.99
2016-10-13T12:00:00,42768099999,CHHINDWARA,22.1,79.0,24.6,1007.1,91.93
2016-10-14T03:00:00,42768099999,CHHINDWARA,22.1,79.0,20.4,1012.7,82.4
2016-10-15T03:00:00,42768099999,CHHINDWARA,22.1,79.0,20.0,1013.0,73.41
2016-10-15T12:00:00,42768099999,CHHINDWARA,22.1,79.0,26.0,1008.0,45.14
2016-10-16T03:00:00,42768099999,CHHINDWARA,22.1,79.0,20.2,1013.5,75.35
2016-10-16T12:00:00,42768099999,CHHINDWARA,22.1,79.0,25.4,1006.9,43.24
2016-10-17T03:00:00,42768099999,CHHINDWARA,22.1,79.0,18.6,1013.0,79.58
2016-10-17T12:00:00,42768099999,CHHINDWARA,22.1,79.0,25.4,1008.4,43.24
2016-10-18T03:00:00,42768099999,CHHINDWARA,22.1,79.0,18.2,1012.3,83.19
2016-10-18T12:00:00,42768099999,CHHINDWARA,22.1,79.0,26.0,1007.0,47.55
2016-10-19T03:00:00,42768099999,CHHINDWARA,22.1,79.0,18.0,1011.5,86.43
2016-10-19T12:00:00,42768099999,CHHINDWARA,22.1,79.0,25.4,1006.6,44.39
2016-10-20T03:00:00,42768099999,CHHINDWARA,22.1,79.0,18.0,1010.4,93.88
2016-10-20T12:00:00,42768099999,CHHINDWARA,22.1,79.0,25.0,1006.4,78.02
2016-10-21T03:00:00,42768099999,CHHINDWARA,22.1,79.0,19.0,1011.2,72.76
2016-10-21T12:00:00,42768099999,CHHINDWARA,22.1,79.0,25.4,1007.1,68.15
2016-10-22T03:00:00,42768099999,CHHINDWARA,22.1,79.0,27.6,1013.1,46.17
2016-10-22T12:00:00,42768099999,CHHINDWARA,22.1,79.0,26.0,1008.2,47.55
2016-10-23T03:00:00,42768099999,CHHINDWARA,22.1,79.0,18.2,1013.4,75.51
2016-10-23T12:00:00,42768099999,CHHINDWARA,22.1,79.0,25.4,1008.7,54.63
2016-10-24T03:00:00,42768099999,CHHINDWARA,22.1,79.0,19.6,1012.0,80.23
2016-10-24T12:00:00,42768099999,CHHINDWARA,22.1,79.0,25.0,1008.5,57.39
2016-10-25T03:00:00,42768099999,CHHINDWARA,22.1,79.0,21.0,1011.3,70.81
2016-10-25T12:00:00,42768099999,CHHINDWARA,22.1,79.0,25.2,1007.1,58.18
2016-10-26T03:00:00,42768099999,CHHINDWARA,22.1,79.0,19.2,1012.7,79.66
2016-10-27T03:00:00,42768099999,CHHINDWARA,22.1,79.0,16.6,1016.1,84.08
2016-10-27T12:00:00,42768099999,CHHINDWARA,22.1,79.0,26.0,1009.3,39.32
2016-10-28T03:00:00,42768099999,CHHINDWARA,22.1,79.0,17.2,1000.6,69.63
2016-10-28T12:00:00,42768099999,CHHINDWARA,22.1,79.0,23.2,1011.5,53.72
2016-10-29T03:00:00,42768099999,CHHINDWARA,22.1,79.0,16.0,1015.8,79.73
2016-10-29T12:00:00,42768099999,CHHINDWARA,22.1,79.0,23.6,1009.9,54.17
2016-10-30T03:00:00,42768099999,CHHINDWARA,22.1,79.0,17.0,1016.3,74.82
2016-10-30T12:00:00,42768099999,CHHINDWARA,22.1,79.0,23.0,1013.1,50.6
2016-10-31T03:00:00,42768099999,CHHINDWARA,22.1,79.0,14.6,1013.5,83.3
2016-11-01T03:00:00,42768099999,CHHINDWARA,22.1,79.0,14.8,1017.9,84.99
2016-11-01T12:00:00,42768099999,CHHINDWARA,22.1,79.0,24.0,1012.2,91.34
2016-11-02T03:00:00,42768099999,CHHINDWARA,22.1,79.0,14.2,1017.2,87.19
2016-11-02T12:00:00,42768099999,CHHINDWARA,22.1,79.0,23.0,1011.8,92.96
2016-11-03T03:00:00,42768099999,CHHINDWARA,22.1,79.0,20.0,1016.1,73.41
2016-11-03T12:00:00,42768099999,CHHINDWARA,22.1,79.0,24.0,1010.9,55.7
2016-11-04T03:00:00,42768099999,CHHINDWARA,22.1,79.0,18.0,1013.9,90.38
2016-11-04T12:00:00,42768099999,CHHINDWARA,22.1,79.0,24.0,1007.8,58.64
2016-11-05T03:00:00,42768099999,CHHINDWARA,22.1,79.0,20.0,1011.1,68.38
2016-11-05T12:00:00,42768099999,CHHINDWARA,22.1,79.0,24.0,1007.8,45.19
2016-11-06T03:00:00,42768099999,CHHINDWARA,22.1,79.0,14.2,1013.6,86.05
2016-11-06T12:00:00,42768099999,CHHINDWARA,22.1,79.0,24.0,1010.1,39.02
2016-11-07T03:00:00,42768099999,CHHINDWARA,22.1,79.0,14.2,1016.4,76.87
2016-11-07T12:00:00,42768099999,CHHINDWARA,22.1,79.0,24.0,1011.6,65.76
2016-11-08T03:00:00,42768099999,CHHINDWARA,22.1,79.0,14.0,1016.9,78.92
2016-11-08T12:00:00,42768099999,CHHINDWARA,22.1,79.0,24.0,1011.6,35.25
2016-11-09T03:00:00,42768099999,CHHINDWARA,22.1,79.0,12.2,1018.4,86.42
2016-11-09T12:00:00,42768099999,CHHINDWARA,22.1,79.0,23.0,1012.7,44.02
2016-11-10T03:00:00,42768099999,CHHINDWARA,22.1,79.0,13.0,1016.7,73.63
2016-11-10T12:00:00,42768099999,CHHINDWARA,22.1,79.0,22.4,1011.7,42.98
2016-11-11T12:00:00,42768099999,CHHINDWARA,22.1,79.0,21.0,1012.2,52.45
2016-11-12T03:00:00,42768099999,CHHINDWARA,22.1,79.0,12.2,1017.8,90.56
2016-11-12T12:00:00,42768099999,CHHINDWARA,22.1,79.0,22.0,1013.0,49.34
2016-11-13T03:00:00,42768099999,CHHINDWARA,22.1,79.0,12.2,1019.5,88.76
2016-11-13T12:00:00,42768099999,CHHINDWARA,22.1,79.0,22.0,1011.6,49.34
2016-11-14T03:00:00,42768099999,CHHINDWARA,22.1,79.0,14.4,1016.4,76.9
2016-11-14T12:00:00,42768099999,CHHINDWARA,22.1,79.0,22.0,1013.1,48.04
2016-11-15T03:00:00,42768099999,CHHINDWARA,22.1,79.0,12.2,1018.3,86.42
2016-11-15T12:00:00,42768099999,CHHINDWARA,22.1,79.0,22.0,1013.0,49.34
2016-11-16T03:00:00,42768099999,CHHINDWARA,22.1,79.0,14.0,1018.7,73.32
2016-11-16T12:00:00,42768099999,CHHINDWARA,22.1,79.0,22.4,1013.8,42.98
2016-11-17T03:00:00,42768099999,CHHINDWARA,22.1,79.0,13.0,1021.2,80.38
2016-11-17T12:00:00,42768099999,CHHINDWARA,22.1,79.0,22.4,1013.5,42.98
2016-11-18T03:00:00,42768099999,CHHINDWARA,22.1,79.0,11.6,1019.3,86.95
2016-11-18T12:00:00,42768099999,CHHINDWARA,22.1,79.0,22.4,1011.8,38.56
2016-11-19T03:00:00,42768099999,CHHINDWARA,22.1,79.0,10.8,1016.8,85.7
2016-11-19T12:00:00,42768099999,CHHINDWARA,22.1,79.0,23.0,1010.7,54.73
2016-11-20T03:00:00,42768099999,CHHINDWARA,22.1,79.0,12.0,1017.2,84.11
2016-11-20T12:00:00,42768099999,CHHINDWARA,22.1,79.0,22.2,1010.7,61.3
2016-11-21T03:00:00,42768099999,CHHINDWARA,22.1,79.0,12.4,1016.8,90.57
2016-11-21T12:00:00,42768099999,CHHINDWARA,22.1,79.0,22.2,1010.0,67.08
2016-11-22T03:00:00,42768099999,CHHINDWARA,22.1,79.0,12.0,1017.1,88.16
2016-11-22T12:00:00,42768099999,CHHINDWARA,22.1,79.0,23.4,1011.2,44.43
2016-11-23T03:00:00,42768099999,CHHINDWARA,22.1,79.0,12.0,1017.1,88.16
2016-11-23T12:00:00,42768099999,CHHINDWARA,22.1,79.0,22.6,1009.9,44.8
2016-11-24T03:00:00,42768099999,CHHINDWARA,22.1,79.0,11.6,1018.2,85.78
2016-11-24T12:00:00,42768099999,CHHINDWARA,22.1,79.0,23.0,1011.7,67.67
2016-11-25T03:00:00,42768099999,CHHINDWARA,22.1,79.0,11.8,1018.2,85.81
2016-11-25T12:00:00,42768099999,CHHINDWARA,22.1,79.0,23.4,1010.5,41.83
2016-11-26T03:00:00,42768099999,CHHINDWARA,22.1,79.0,13.4,1016.5,80.43
2016-11-26T12:00:00,42768099999,CHHINDWARA,22.1,79.0,24.2,1011.6,42.34
2016-11-27T03:00:00,42768099999,CHHINDWARA,22.1,79.0,13.0,1017.5,78.25
2016-11-27T12:00:00,42768099999,CHHINDWARA,22.1,79.0,23.0,1011.2,54.73
2016-11-28T03:00:00,42768099999,CHHINDWARA,22.1,79.0,12.0,1017.5,88.16
2016-11-28T12:00:00,42768099999,CHHINDWARA,22.1,79.0,24.0,1011.0,68.3
2016-11-29T03:00:00,42768099999,CHHINDWARA,22.1,79.0,11.8,1018.2,81.3
2016-11-29T12:00:00,42768099999,CHHINDWARA,22.1,79.0,26.2,1011.0,39.64
2016-11-30T03:00:00,42768099999,CHHINDWARA,22.1,79.0,12.6,1018.9,86.46
2016-11-30T12:00:00,42768099999,CHHINDWARA,22.1,79.0,24.4,1012.2,45.6
2016-12-01T03:00:00,42768099999,CHHINDWARA,22.1,79.0,13.6,1017.5,78.34
2016-12-01T12:00:00,42768099999,CHHINDWARA,22.1,79.0,23.2,1012.5,74.42
2016-12-02T03:00:00,42768099999,CHHINDWARA,22.1,79.0,13.2,1018.6,91.23
2016-12-02T12:00:00,42768099999,CHHINDWARA,22.1,79.0,23.2,1012.5,63.53
2016-12-03T03:00:00,42768099999,CHHINDWARA,22.1,79.0,15.0,1020.4,85.57
2016-12-03T12:00:00,42768099999,CHHINDWARA,22.1,79.0,22.6,1014.5,57.18
2016-12-04T03:00:00,42768099999,CHHINDWARA,22.1,79.0,15.0,1020.4,85.57
2016-12-04T12:00:00,42768099999,CHHINDWARA,22.1,79.0,22.8,1014.9,51.89
2016-12-05T03:00:00,42768099999,CHHINDWARA,22.1,79.0,11.0,1022.3,85.14
2016-12-05T12:00:00,42768099999,CHHINDWARA,22.1,79.0,22.0,1012.2,53.77
2016-12-06T03:00:00,42768099999,CHHINDWARA,22.1,79.0,12.6,1019.0,77.66
2016-12-06T12:00:00,42768099999,CHHINDWARA,22.1,79.0,22.4,1015.5,47.2
2016-12-07T03:00:00,42768099999,CHHINDWARA,22.1,79.0,12.0,1018.9,77.04
2016-12-07T12:00:00,42768099999,CHHINDWARA,22.1,79.0,22.4,1014.1,42.98
2016-12-08T03:00:00,42768099999,CHHINDWARA,22.1,79.0,11.0,1017.5,88.07
2016-12-08T12:00:00,42768099999,CHHINDWARA,22.1,79.0,21.2,1012.1,35.91
2016-12-09T03:00:00,42768099999,CHHINDWARA,22.1,79.0,9.0,1016.9,79.81
2016-12-09T12:00:00,42768099999,CHHINDWARA,22.1,79.0,22.0,1010.1,32.12
2016-12-10T03:00:00,42768099999,CHHINDWARA,22.1,79.0,10.2,1008.8,87.4
2016-12-10T12:00:00,42768099999,CHHINDWARA,22.1,79.0,22.0,1010.7,45.24
2016-12-11T03:00:00,42768099999,CHHINDWARA,22.1,79.0,11.0,1016.2,81.2
2016-12-11T12:00:00,42768099999,CHHINDWARA,22.1,79.0,24.0,1010.6,45.19
2016-12-12T03:00:00,42768099999,CHHINDWARA,22.1,79.0,13.0,1016.5,80.38
2016-12-12T12:00:00,42768099999,CHHINDWARA,22.1,79.0,23.0,1010.7,48.0
2016-12-13T03:00:00,42768099999,CHHINDWARA,22.1,79.0,11.0,1017.6,88.07
2016-12-13T12:00:00,42768099999,CHHINDWARA,22.1,79.0,22.0,1012.1,52.37
2016-12-14T03:00:00,42768099999,CHHINDWARA,22.1,79.0,12.4,1018.0,77.63
2016-12-15T03:00:00,42768099999,CHHINDWARA,22.1,79.0,11.2,1019.4,85.74
2016-12-15T12:00:00,42768099999,CHHINDWARA,22.1,79.0,23.0,1012.6,50.6
2016-12-16T03:00:00,42768099999,CHHINDWARA,22.1,79.0,11.0,1020.7,88.07
2016-12-16T12:00:00,42768099999,CHHINDWARA,22.1,79.0,23.0,1013.9,44.02
2016-12-17T03:00:00,42768099999,CHHINDWARA,22.1,79.0,11.0,1018.4,83.43
2016-12-17T12:00:00,42768099999,CHHINDWARA,22.1,79.0,22.0,1013.2,42.58
2016-12-18T03:00:00,42768099999,CHHINDWARA,22.1,79.0,9.8,1019.7,77.76
2016-12-18T12:00:00,42768099999,CHHINDWARA,22.1,79.0,21.6,1014.4,47.61
2016-12-19T03:00:00,42768099999,CHHINDWARA,22.1,79.0,8.4,1020.3,89.66
2016-12-19T12:00:00,42768099999,CHHINDWARA,22.1,79.0,21.4,1013.4,51.52
2016-12-20T03:00:00,42768099999,CHHINDWARA,22.1,79.0,10.2,1019.1,80.53
2016-12-20T12:00:00,42768099999,CHHINDWARA,22.1,79.0,23.0,1013.2,44.02
2016-12-21T03:00:00,42768099999,CHHINDWARA,22.1,79.0,9.4,1020.2,87.33
2016-12-21T12:00:00,42768099999,CHHINDWARA,22.1,79.0,24.2,1012.7,36.77
2016-12-22T03:00:00,42768099999,CHHINDWARA,22.1,79.0,9.0,1019.5,87.29
2016-12-22T12:00:00,42768099999,CHHINDWARA,22.1,79.0,23.2,1012.5,34.07
2016-12-23T03:00:00,42768099999,CHHINDWARA,22.1,79.0,13.0,1016.0,61.63
2016-12-23T12:00:00,42768099999,CHHINDWARA,22.1,79.0,23.2,1010.8,67.28
2016-12-24T03:00:00,42768099999,CHHINDWARA,22.1,79.0,8.2,1016.5,89.65
2016-12-24T12:00:00,42768099999,CHHINDWARA,22.1,79.0,23.2,1008.6,45.57
2016-12-25T03:00:00,42768099999,CHHINDWARA,22.1,79.0,11.0,1015.4,83.43
2016-12-25T12:00:00,42768099999,CHHINDWARA,22.1,79.0,23.2,1010.7,42.91
2016-12-26T03:00:00,42768099999,CHHINDWARA,22.1,79.0,11.4,1017.3,53.18
2016-12-26T12:00:00,42768099999,CHHINDWARA,22.1,79.0,20.6,1012.9,35.0
2016-12-27T03:00:00,42768099999,CHHINDWARA,22.1,79.0,11.4,1019.3,72.35
2016-12-27T12:00:00,42768099999,CHHINDWARA,22.1,79.0,20.4,1013.7,52.3
2016-12-28T03:00:00,42768099999,CHHINDWARA,22.1,79.0,9.0,1019.4,89.71
2016-12-28T12:00:00,42768099999,CHHINDWARA,22.1,79.0,20.2,1013.2,49.85
2016-12-29T03:00:00,42768099999,CHHINDWARA,22.1,79.0,10.0,1020.2,75.67
2016-12-29T12:00:00,42768099999,CHHINDWARA,22.1,79.0,23.0,1013.2,34.96
2016-12-30T03:00:00,42768099999,CHHINDWARA,22.1,79.0,10.0,1019.0,87.38
2016-12-30T12:00:00,42768099999,CHHINDWARA,22.1,79.0,24.0,1012.8,50.53
2016-12-31T03:00:00,42768099999,CHHINDWARA,22.1,79.0,10.0,1020.2,
