timestamp,station_id,station_name,latitude,longitude,temperature,pressure,humidity
2023-01-01T01:30:00,42920099999,OZAR AIR FORCE STATION /NASHIK ARPT,20.119,73.914,10.0,,87.38
2023-01-01T02:00:00,42920099999,OZAR AIR FORCE STATION /NASHIK ARPT,20.119,73.914,8.0,,87.19
2023-01-01T02:30:00,42920099999,OZAR AIR FORCE STATION /NASHIK ARPT,20.119,73.914,9.0,,93.45
2023-01-01T03:00:00,42920099999,OZAR AIR FORCE STATION /NASHIK ARPT,20.119,73.914,13.0,,82.01
2023-01-01T04:00:00,42920099999,OZAR AIR FORCE STATION /NASHIK ARPT,20.119,73.914,18.0,,63.62
2023-01-01T05:00:00,42920099999,OZAR AIR FORCE STATION /NASHIK ARPT,20.119,73.914,23.0,,40.89
2023-01-01T05:30:00,42920099999,OZAR AIR FORCE STATION /NASHIK ARPT,20.119,73.914,24.0,,38.49
2023-01-01T06:00:00,42920099999,OZAR AIR FORCE STATION /NASHIK ARPT,20.119,73.914,25.0,,36.26
2023-01-01T07:00:00,42920099999,OZAR AIR FORCE STATION /NASHIK ARPT,20.119,73.914,27.0,,30.1
2023-01-01T08:00:00,42920099999,OZAR AIR FORCE STATION /NASHIK ARPT,20.119,73.914,27.0,,26.25
2023-01-01T09:00:00,42920099999,OZAR AIR FORCE STATION /NASHIK ARPT,20.119,73.914,29.0,,20.32
2023-01-01T09:30:00,42920099999,OZAR AIR FORCE STATION /NASHIK ARPT,20.119,73.914,29.0,,20.32
2023-01-01T10:00:00,42920099999,OZAR AIR FORCE STATION /NASHIK ARPT,20.119,73.914,30.0,,17.88
2023-01-01T10:30:00,42920099999,OZAR AIR FORCE STATION /NASHIK ARPT,20.119,73.914,30.0,,20.57
2023-01-01T11:00:00,42920099999,OZAR AIR FORCE STATION /NASHIK ARPT,20.119,73.914,29.0,,21.79
2023-01-01T11:30:00,42920099999,OZAR AIR FORCE STATION /NASHIK ARPT,20.119,73.914,28.0,,23.1
2023-01-01T12:00:00,42920099999,OZAR AIR FORCE STATION /NASHIK ARPT,20.119,73.914,27.0,,24.49
2023-01-01T12:30:00,42920099999,OZAR AIR FORCE STATION /NASHIK ARPT,20.119,73.914,24.0,,23.69
2023-01-01T13:00:00,42920099999,OZAR AIR FORCE STATION /NASHIK ARPT,20.119,73.914,22.0,,28.71
2023-01-01T13:30:00,42920099999,OZAR AIR FORCE STATION /NASHIK ARPT,20.119,73.914,20.0,,40.03
2023-01-01T14:00:00,42920099999,OZAR AIR FORCE STATION /NASHIK ARPT,20.119,73.914,19.0,,52.28
2023-01-01T15:30:00,42920099999,OZAR AIR FORCE STATION /NASHIK ARPT,20.119,73.914,17.0,,67.77
2023-01-02T01:30:00,42920099999,OZAR AIR FORCE STATION /NASHIK ARPT,20.119,73.914,10.0,,93.5
2023-01-02T02:00:00,42920099999,OZAR AIR FORCE STATION /NASHIK ARPT,20.119,73.914,8.0,,93.4
2023-01-02T02:30:00,42920099999,OZAR AIR FORCE STATION /NASHIK ARPT,20.119,73.914,11.0,,93.55
2023-01-02T03:00:00,42920099999,OZAR AIR FORCE STATION /NASHIK ARPT,20.119,73.914,13.0,,87.66
2023-01-02T03:30:00,42920099999,OZAR AIR FORCE STATION /NASHIK ARPT,20.119,73.914,17.0,,82.51
2023-01-02T04:00:00,42920099999,OZAR AIR FORCE STATION /NASHIK ARPT,20.119,73.914,20.0,,49.13
2023-01-02T04:30:00,42920099999,OZAR AIR FORCE STATION /NASHIK ARPT,20.119,73.914,21.0,,46.19
2023-01-02T05:00:00,42920099999,OZAR AIR FORCE STATION /NASHIK ARPT,20.119,73.914,22.0,,46.47
2023-01-02T05:30:00,42920099999,OZAR AIR FORCE STATION /NASHIK ARPT,20.119,73.914,24.0,,38.49
2023-01-02T06:00:00,42920099999,OZAR AIR FORCE STATION /NASHIK ARPT,20.119,73.914,25.0,,36.26
2023-01-02T06:30:00,42920099999,OZAR AIR FORCE STATION /NASHIK ARPT,20.119,73.914,25.0,,36.26
2023-01-02T07:00:00,42920099999,OZAR AIR FORCE STATION /NASHIK ARPT,20.119,73.914,26.0,,39.06
2023-01-02T08:00:00,42920099999,OZAR AIR FORCE STATION /NASHIK ARPT,20.119,73.914,27.0,,34.45
2023-01-02T08:30:00,42920099999,OZAR AIR FORCE STATION /NASHIK ARPT,20.119,73.914,27.0,,32.21
2023-01-02T09:00:00,42920099999,OZAR AIR FORCE STATION /NASHIK ARPT,20.119,73.914,28.0,,28.39
2023-01-02T10:00:00,42920099999,OZAR AIR FORCE STATION /NASHIK ARPT,20.119,73.914,28.0,,30.38
2023-01-02T10:30:00,42920099999,OZAR AIR FORCE STATION /NASHIK ARPT,20.119,73.914,28.0,,26.52
2023-01-02T11:00:00,42920099999,OZAR AIR FORCE STATION /NASHIK ARPT,20.119,73.914,28.0,,21.54
2023-01-02T11:30:00,42920099999,OZAR AIR FORCE STATION /NASHIK ARPT,20.119,73.914,28.0,,21.54
2023-01-02T12:00:00,42920099999,OZAR AIR FORCE STATION /NASHIK ARPT,20.119,73.914,26.0,,25.98
2023-01-02T12:30:00,42920099999,OZAR AIR FORCE STATION /NASHIK ARPT,20.119,73.914,23.0,,38.21
2023-01-02T13:00:00,42920099999,OZAR AIR FORCE STATION /NASHIK ARPT,20.119,73.914,20.0,,37.35
2023-01-02T13:30:00,42920099999,OZAR AIR FORCE STATION /NASHIK ARPT,20.119,73.914,18.0,,48.58
2023-01-02T14:00:00,42920099999,OZAR AIR FORCE STATION /NASHIK ARPT,20.119,73.914,18.0,,48.58
2023-01-02T14:30:00,42920099999,OZAR AIR FORCE STATION /NASHIK ARPT,20.119,73.914,18.0,,48.58
2023-01-02T15:30:00,42920099999,OZAR AIR FORCE STATION /NASHIK ARPT,20.119,73.914,15.0,,62.95
2023-01-03T02:00:00,42920099999,OZAR AIR FORCE STATION /NASHIK ARPT,20.119,73.914,9.0,,100.0
2023-01-03T02:30:00,42920099999,OZAR AIR FORCE STATION /NASHIK ARPT,20.119,73.914,11.0,,100.0
2023-01-03T03:30:00,42920099999,OZAR AIR FORCE STATION /NASHIK ARPT,20.119,73.914,18.0,,67.97
2023-01-03T04:00:00,42920099999,OZAR AIR FORCE STATION /NASHIK ARPT,20.119,73.914,20.0,,56.16
2023-01-03T04:30:00,42920099999,OZAR AIR FORCE STATION /NASHIK ARPT,20.119,73.914,22.0,,46.47
2023-01-03T05:00:00,42920099999,OZAR AIR FORCE STATION /NASHIK ARPT,20.119,73.914,24.0,,47.01
2023-01-03T05:30:00,42920099999,OZAR AIR FORCE STATION /NASHIK ARPT,20.119,73.914,25.0,,44.28
2023-01-03T06:00:00,42920099999,OZAR AIR FORCE STATION /NASHIK ARPT,20.119,73.914,25.0,,47.28
2023-01-03T06:30:00,42920099999,OZAR AIR FORCE STATION /NASHIK ARPT,20.119,73.914,26.0,,44.56
2023-01-03T07:00:00,42920099999,OZAR AIR FORCE STATION /NASHIK ARPT,20.119,73.914,27.0,,39.34
2023-01-03T07:30:00,42920099999,OZAR AIR FORCE STATION /NASHIK ARPT,20.119,73.914,28.0,,30.38
2023-01-03T08:00:00,42920099999,OZAR AIR FORCE STATION /NASHIK ARPT,20.119,73.914,28.0,,24.76
2023-01-03T08:30:00,42920099999,OZAR AIR FORCE STATION /NASHIK ARPT,20.119,73.914,29.0,,23.36
2023-01-03T09:30:00,42920099999,OZAR AIR FORCE STATION /NASHIK ARPT,20.119,73.914,30.0,,23.62
2023-01-03T10:00:00,42920099999,OZAR AIR FORCE STATION /NASHIK ARPT,20.119,73.914,29.0,,18.94
2023-01-03T10:30:00,42920099999,OZAR AIR FORCE STATION /NASHIK ARPT,20.119,73.914,30.0,,22.05
2023-01-03T11:00:00,42920099999,OZAR AIR FORCE STATION /NASHIK ARPT,20.119,73.914,29.0,,25.02
2023-01-03T11:30:00,42920099999,OZAR AIR FORCE STATION /NASHIK ARPT,20.119,73.914,29.0,,25.02
2023-01-03T12:00:00,42920099999,OZAR AIR FORCE STATION /NASHIK ARPT,20.119,73.914,26.0,,29.82
2023-01-03T13:00:00,42920099999,OZAR AIR FORCE STATION /NASHIK ARPT,20.119,73.914,21.0,,37.64
2023-01-03T14:00:00,42920099999,OZAR AIR FORCE STATION /NASHIK ARPT,20.119,73.914,21.0,,49.4
2023-01-03T15:00:00,42920099999,OZAR AIR FORCE STATION /NASHIK ARPT,20.119,73.914,19.0,,59.76
2023-01-03T16:00:00,42920099999,OZAR AIR FORCE STATION /NASHIK ARPT,20.119,73.914,16.0,,77.16
2023-01-03T17:00:00,42920099999,OZAR AIR FORCE STATION /NASHIK ARPT,20.119,73.914,15.0,,82.26
2023-01-04T01:30:00,42920099999,OZAR AIR FORCE STATION /NASHIK ARPT,20.119,73.914,13.0,,100.0
2023-01-04T02:00:00,42920099999,OZAR AIR FORCE STATION /NASHIK ARPT,20.119,73.914,11.0,,100.0
2023-01-04T02:30:00,42920099999,OZAR AIR FORCE STATION /NASHIK ARPT,20.119,73.914,12.0,,100.0
2023-01-04T03:00:00,42920099999,OZAR AIR FORCE STATION /NASHIK ARPT,20.119,73.914,14.0,,100.0
2023-01-04T03:30:00,42920099999,OZAR AIR FORCE STATION /NASHIK ARPT,20.119,73.914,15.0,,93.75
2023-01-04T04:00:00,42920099999,OZAR AIR FORCE STATION /NASHIK ARPT,20.119,73.914,17.0,,77.31
2023-01-04T04:30:00,42920099999,OZAR AIR FORCE STATION /NASHIK ARPT,20.119,73.914,18.0,,63.62
2023-01-04T05:00:00,42920099999,OZAR AIR FORCE STATION /NASHIK ARPT,20.119,73.914,20.0,,52.54
2023-01-04T05:30:00,42920099999,OZAR AIR FORCE STATION /NASHIK ARPT,20.119,73.914,21.0,,49.4
2023-01-04T06:00:00,42920099999,OZAR AIR FORCE STATION /NASHIK ARPT,20.119,73.914,22.0,,49.67
2023-01-04T06:30:00,42920099999,OZAR AIR FORCE STATION /NASHIK ARPT,20.119,73.914,23.0,,46.74
2023-01-04T07:00:00,42920099999,OZAR AIR FORCE STATION /NASHIK ARPT,20.119,73.914,23.0,,46.74
2023-01-04T07:30:00,42920099999,OZAR AIR FORCE STATION /NASHIK ARPT,20.119,73.914,24.0,,44.01
2023-01-04T08:00:00,42920099999,OZAR AIR FORCE STATION /NASHIK ARPT,20.119,73.914,23.0,,46.74
2023-01-04T08:30:00,42920099999,OZAR AIR FORCE STATION /NASHIK ARPT,20.119,73.914,23.0,,46.74
2023-01-04T09:00:00,42920099999,OZAR AIR FORCE STATION /NASHIK ARPT,20.119,73.914,23.0,,46.74
2023-01-04T09:30:00,42920099999,OZAR AIR FORCE STATION /NASHIK ARPT,20.119,73.914,23.0,,49.93
2023-01-04T10:00:00,42920099999,OZAR AIR FORCE STATION /NASHIK ARPT,20.119,73.914,23.0,,49.93
2023-01-04T10:30:00,42920099999,OZAR AIR FORCE STATION /NASHIK ARPT,20.119,73.914,23.0,,49.93
2023-01-04T11:00:00,42920099999,OZAR AIR FORCE STATION /NASHIK ARPT,20.119,73.914,22.0,,49.67
2023-01-04T11:30:00,42920099999,OZAR AIR FORCE STATION /NASHIK ARPT,20.119,73.914,22.0,,49.67
2023-01-04T12:00:00,42920099999,OZAR AIR FORCE STATION /NASHIK ARPT,20.119,73.914,21.0,,52.8
2023-01-04T13:00:00,42920099999,OZAR AIR FORCE STATION /NASHIK ARPT,20.119,73.914,18.0,,59.52
2023-01-04T13:30:00,42920099999,OZAR AIR FORCE STATION /NASHIK ARPT,20.119,73.914,17.0,,63.4
2023-01-04T14:00:00,42920099999,OZAR AIR FORCE STATION /NASHIK ARPT,20.119,73.914,16.0,,67.56
2023-01-04T15:00:00,42920099999,OZAR AIR FORCE STATION /NASHIK ARPT,20.119,73.914,15.0,,67.36
2023-01-04T16:00:00,42920099999,OZAR AIR FORCE STATION /NASHIK ARPT,20.119,73.914,15.0,,67.36
2023-01-04T17:00:00,42920099999,OZAR AIR FORCE STATION /NASHIK ARPT,20.119,73.914,13.0,,100.0
2023-01-05T01:30:00,42920099999,OZAR AIR FORCE STATION /NASHIK ARPT,20.119,73.914,12.0,,100.0
2023-01-05T02:00:00,42920099999,OZAR AIR FORCE STATION /NASHIK ARPT,20.119,73.914,13.0,,93.65
2023-01-05T03:00:00,42920099999,OZAR AIR FORCE STATION /NASHIK ARPT,20.119,73.914,14.0,,100.0
2023-01-05T03:30:00,42920099999,OZAR AIR FORCE STATION /NASHIK ARPT,20.119,73.914,15.0,,93.75
2023-01-05T04:00:00,42920099999,OZAR AIR FORCE STATION /NASHIK ARPT,20.119,73.914,16.0,,87.93
2023-01-05T04:30:00,42920099999,OZAR AIR FORCE STATION /NASHIK ARPT,20.119,73.914,17.0,,82.51
2023-01-05T05:00:00,42920099999,OZAR AIR FORCE STATION /NASHIK ARPT,20.119,73.914,18.0,,77.46
2023-01-05T05:30:00,42920099999,OZAR AIR FORCE STATION /NASHIK ARPT,20.119,73.914,19.0,,72.76
2023-01-05T06:00:00,42920099999,OZAR AIR FORCE STATION /NASHIK ARPT,20.119,73.914,20.0,,72.94
2023-01-05T06:30:00,42920099999,OZAR AIR FORCE STATION /NASHIK ARPT,20.119,73.914,21.0,,73.11
2023-01-05T07:00:00,42920099999,OZAR AIR FORCE STATION /NASHIK ARPT,20.119,73.914,22.0,,64.5
2023-01-05T07:30:00,42920099999,OZAR AIR FORCE STATION /NASHIK ARPT,20.119,73.914,23.0,,60.7
2023-01-05T08:00:00,42920099999,OZAR AIR FORCE STATION /NASHIK ARPT,20.119,73.914,23.0,,60.7
2023-01-05T08:30:00,42920099999,OZAR AIR FORCE STATION /NASHIK ARPT,20.119,73.914,23.0,,60.7
2023-01-05T09:30:00,42920099999,OZAR AIR FORCE STATION /NASHIK ARPT,20.119,73.914,24.0,,57.15
2023-01-05T10:00:00,42920099999,OZAR AIR FORCE STATION /NASHIK ARPT,20.119,73.914,25.0,,53.83
2023-01-05T10:30:00,42920099999,OZAR AIR FORCE STATION /NASHIK ARPT,20.119,73.914,25.0,,53.83
2023-01-05T11:00:00,42920099999,OZAR AIR FORCE STATION /NASHIK ARPT,20.119,73.914,25.0,,53.83
2023-01-05T11:30:00,42920099999,OZAR AIR FORCE STATION /NASHIK ARPT,20.119,73.914,24.0,,57.15
2023-01-05T12:00:00,42920099999,OZAR AIR FORCE STATION /NASHIK ARPT,20.119,73.914,23.0,,60.7
2023-01-05T13:00:00,42920099999,OZAR AIR FORCE STATION /NASHIK ARPT,20.119,73.914,21.0,,73.11
2023-01-05T13:30:00,42920099999,OZAR AIR FORCE STATION /NASHIK ARPT,20.119,73.914,20.0,,77.77
2023-01-05T14:00:00,42920099999,OZAR AIR FORCE STATION /NASHIK ARPT,20.119,73.914,20.0,,82.87
2023-01-05T15:00:00,42920099999,OZAR AIR FORCE STATION /NASHIK ARPT,20.119,73.914,18.0,,100.0
2023-01-05T15:30:00,42920099999,OZAR AIR FORCE STATION /NASHIK ARPT,20.119,73.914,18.0,,100.0
2023-01-05T16:00:00,42920099999,OZAR AIR FORCE STATION /NASHIK ARPT,20.119,73.914,17.0,,88.01
2023-01-06T02:00:00,42920099999,OZAR AIR FORCE STATION /NASHIK ARPT,20.119,73.914,16.0,,100.0
2023-01-06T02:30:00,42920099999,OZAR AIR FORCE STATION /NASHIK ARPT,20.119,73.914,17.0,,100.0
2023-01-06T03:00:00,42920099999,OZAR AIR FORCE STATION /NASHIK ARPT,20.119,73.914,17.0,,100.0
2023-01-06T03:30:00,42920099999,OZAR AIR FORCE STATION /NASHIK ARPT,20.119,73.914,18.0,,100.0
2023-01-06T04:00:00,42920099999,OZAR AIR FORCE STATION /NASHIK ARPT,20.119,73.914,18.0,,100.0
2023-01-06T04:30:00,42920099999,OZAR AIR FORCE STATION /NASHIK ARPT,20.119,73.914,19.0,,100.0
2023-01-06T05:00:00,42920099999,OZAR AIR FORCE STATION /NASHIK ARPT,20.119,73.914,19.0,,100.0
2023-01-06T05:30:00,42920099999,OZAR AIR FORCE STATION /NASHIK ARPT,20.119,73.914,20.0,,77.77
2023-01-06T06:00:00,42920099999,OZAR AIR FORCE STATION /NASHIK ARPT,20.119,73.914,20.0,,93.97
2023-01-06T06:30:00,42920099999,OZAR AIR FORCE STATION /NASHIK ARPT,20.119,73.914,22.0,,78.06
2023-01-06T07:00:00,42920099999,OZAR AIR FORCE STATION /NASHIK ARPT,20.119,73.914,24.0,,64.93
2023-01-06T07:30:00,42920099999,OZAR AIR FORCE STATION /NASHIK ARPT,20.119,73.914,24.0,,64.93
2023-01-06T08:00:00,42920099999,OZAR AIR FORCE STATION /NASHIK ARPT,20.119,73.914,25.0,,61.16
2023-01-06T08:30:00,42920099999,OZAR AIR FORCE STATION /NASHIK ARPT,20.119,73.914,25.0,,61.16
2023-01-06T09:30:00,42920099999,OZAR AIR FORCE STATION /NASHIK ARPT,20.119,73.914,25.0,,61.16
2023-01-06T10:00:00,42920099999,OZAR AIR FORCE STATION /NASHIK ARPT,20.119,73.914,25.0,,61.16
2023-01-06T10:30:00,42920099999,OZAR AIR FORCE STATION /NASHIK ARPT,20.119,73.914,25.0,,61.16
2023-01-06T11:00:00,42920099999,OZAR AIR FORCE STATION /NASHIK ARPT,20.119,73.914,25.0,,61.16
2023-01-06T11:30:00,42920099999,OZAR AIR FORCE STATION /NASHIK ARPT,20.119,73.914,24.0,,64.93
2023-01-06T12:30:00,42920099999,OZAR AIR FORCE STATION /NASHIK ARPT,20.119,73.914,22.0,,78.06
2023-01-06T13:00:00,42920099999,OZAR AIR FORCE STATION /NASHIK ARPT,20.119,73.914,21.0,,88.35
2023-01-06T14:00:00,42920099999,OZAR AIR FORCE STATION /NASHIK ARPT,20.119,73.914,20.0,,100.0
2023-01-06T15:00:00,42920099999,OZAR AIR FORCE STATION /NASHIK ARPT,20.119,73.914,17.0,,100.0
2023-01-06T16:00:00,42920099999,OZAR AIR FORCE STATION /NASHIK ARPT,20.119,73.914,17.0,,88.01
2023-01-06T16:30:00,42920099999,OZAR AIR FORCE STATION /NASHIK ARPT,20.119,73.914,17.0,,93.84
2023-01-06T17:00:00,42920099999,OZAR AIR FORCE STATION /NASHIK ARPT,20.119,73.914,18.0,,93.88
2023-01-07T01:30:00,42920099999,OZAR AIR FORCE STATION /NASHIK ARPT,20.119,73.914,14.0,,100.0
2023-01-07T02:00:00,42920099999,OZAR AIR FORCE STATION /NASHIK ARPT,20.119,73.914,13.0,,100.0
2023-01-07T02:30:00,42920099999,OZAR AIR FORCE STATION /NASHIK ARPT,20.119,73.914,14.0,,100.0
2023-01-07T03:00:00,42920099999,OZAR AIR FORCE STATION /NASHIK ARPT,20.119,73.914,17.0,,93.84
2023-01-07T03:30:00,42920099999,OZAR AIR FORCE STATION /NASHIK ARPT,20.119,73.914,17.0,,100.0
2023-01-07T04:00:00,42920099999,OZAR AIR FORCE STATION /NASHIK ARPT,20.119,73.914,18.0,,100.0
2023-01-07T04:30:00,42920099999,OZAR AIR FORCE STATION /NASHIK ARPT,20.119,73.914,21.0,,94.02
2023-01-07T05:00:00,42920099999,OZAR AIR FORCE STATION /NASHIK ARPT,20.119,73.914,22.0,,88.44
2023-01-07T05:30:00,42920099999,OZAR AIR FORCE STATION /NASHIK ARPT,20.119,73.914,23.0,,68.97
2023-01-07T06:00:00,42920099999,OZAR AIR FORCE STATION /NASHIK ARPT,20.119,73.914,23.0,,68.97
2023-01-07T06:30:00,42920099999,OZAR AIR FORCE STATION /NASHIK ARPT,20.119,73.914,24.0,,64.93
2023-01-07T07:00:00,42920099999,OZAR AIR FORCE STATION /NASHIK ARPT,20.119,73.914,25.0,,57.39
2023-01-07T07:30:00,42920099999,OZAR AIR FORCE STATION /NASHIK ARPT,20.119,73.914,25.0,,57.39
2023-01-07T08:00:00,42920099999,OZAR AIR FORCE STATION /NASHIK ARPT,20.119,73.914,26.0,,50.73
2023-01-07T08:30:00,42920099999,OZAR AIR FORCE STATION /NASHIK ARPT,20.119,73.914,26.0,,50.73
2023-01-07T09:00:00,42920099999,OZAR AIR FORCE STATION /NASHIK ARPT,20.119,73.914,27.0,,44.83
2023-01-07T09:30:00,42920099999,OZAR AIR FORCE STATION /NASHIK ARPT,20.119,73.914,27.0,,44.83
2023-01-07T10:30:00,42920099999,OZAR AIR FORCE STATION /NASHIK ARPT,20.119,73.914,26.0,,44.56
2023-01-07T11:00:00,42920099999,OZAR AIR FORCE STATION /NASHIK ARPT,20.119,73.914,26.0,,44.56
2023-01-07T11:30:00,42920099999,OZAR AIR FORCE STATION /NASHIK ARPT,20.119,73.914,25.0,,47.28
2023-01-07T12:00:00,42920099999,OZAR AIR FORCE STATION /NASHIK ARPT,20.119,73.914,25.0,,50.46
2023-01-07T13:00:00,42920099999,OZAR AIR FORCE STATION /NASHIK ARPT,20.119,73.914,21.0,,73.11
2023-01-07T14:00:00,42920099999,OZAR AIR FORCE STATION /NASHIK ARPT,20.119,73.914,19.0,,77.62
2023-01-07T15:00:00,42920099999,OZAR AIR FORCE STATION /NASHIK ARPT,20.119,73.914,17.0,,100.0
2023-01-07T16:00:00,42920099999,OZAR AIR FORCE STATION /NASHIK ARPT,20.119,73.914,17.0,,100.0
2023-01-07T17:00:00,42920099999,OZAR AIR FORCE STATION /NASHIK ARPT,20.119,73.914,18.0,,93.88
2023-01-08T01:30:00,42920099999,OZAR AIR FORCE STATION /NASHIK ARPT,20.119,73.914,11.0,,93.55
2023-01-08T02:00:00,42920099999,OZAR AIR FORCE STATION /NASHIK ARPT,20.119,73.914,10.0,,100.0
2023-01-08T02:30:00,42920099999,OZAR AIR FORCE STATION /NASHIK ARPT,20.119,73.914,11.0,,100.0
2023-01-08T03:00:00,42920099999,OZAR AIR FORCE STATION /NASHIK ARPT,20.119,73.914,14.0,,100.0
2023-01-08T04:00:00,42920099999,OZAR AIR FORCE STATION /NASHIK ARPT,20.119,73.914,20.0,,52.54
2023-01-08T05:00:00,42920099999,OZAR AIR FORCE STATION /NASHIK ARPT,20.119,73.914,22.0,,40.6
2023-01-08T05:30:00,42920099999,OZAR AIR FORCE STATION /NASHIK ARPT,20.119,73.914,24.0,,31.37
2023-01-08T06:00:00,42920099999,OZAR AIR FORCE STATION /NASHIK ARPT,20.119,73.914,24.0,,33.6
2023-01-08T06:30:00,42920099999,OZAR AIR FORCE STATION /NASHIK ARPT,20.119,73.914,25.0,,31.65
2023-01-08T07:00:00,42920099999,OZAR AIR FORCE STATION /NASHIK ARPT,20.119,73.914,25.0,,29.55
2023-01-08T07:30:00,42920099999,OZAR AIR FORCE STATION /NASHIK ARPT,20.119,73.914,25.0,,29.55
2023-01-08T08:30:00,42920099999,OZAR AIR FORCE STATION /NASHIK ARPT,20.119,73.914,26.0,,27.84
2023-01-08T09:00:00,42920099999,OZAR AIR FORCE STATION /NASHIK ARPT,20.119,73.914,26.0,,27.84
2023-01-08T09:30:00,42920099999,OZAR AIR FORCE STATION /NASHIK ARPT,20.119,73.914,27.0,,26.25
2023-01-08T10:00:00,42920099999,OZAR AIR FORCE STATION /NASHIK ARPT,20.119,73.914,26.0,,27.84
2023-01-08T11:00:00,42920099999,OZAR AIR FORCE STATION /NASHIK ARPT,20.119,73.914,26.0,,27.84
2023-01-08T11:30:00,42920099999,OZAR AIR FORCE STATION /NASHIK ARPT,20.119,73.914,25.0,,25.7
2023-01-08T13:00:00,42920099999,OZAR AIR FORCE STATION /NASHIK ARPT,20.119,73.914,20.0,,42.88
2023-01-08T13:30:00,42920099999,OZAR AIR FORCE STATION /NASHIK ARPT,20.119,73.914,18.0,,48.58
2023-01-08T14:00:00,42920099999,OZAR AIR FORCE STATION /NASHIK ARPT,20.119,73.914,18.0,,48.58
2023-01-08T14:30:00,42920099999,OZAR AIR FORCE STATION /NASHIK ARPT,20.119,73.914,17.0,,51.75
2023-01-08T15:00:00,42920099999,OZAR AIR FORCE STATION /NASHIK ARPT,20.119,73.914,17.0,,55.4
2023-01-08T16:00:00,42920099999,OZAR AIR FORCE STATION /NASHIK ARPT,20.119,73.914,15.0,,62.95
2023-01-09T02:00:00,42920099999,OZAR AIR FORCE STATION /NASHIK ARPT,20.119,73.914,6.0,,93.3
2023-01-09T02:30:00,42920099999,OZAR AIR FORCE STATION /NASHIK ARPT,20.119,73.914,8.0,,93.4
2023-01-09T03:00:00,42920099999,OZAR AIR FORCE STATION /NASHIK ARPT,20.119,73.914,12.0,,81.88
2023-01-09T03:30:00,42920099999,OZAR AIR FORCE STATION /NASHIK ARPT,20.119,73.914,14.0,,71.85
2023-01-09T04:00:00,42920099999,OZAR AIR FORCE STATION /NASHIK ARPT,20.119,73.914,17.0,,59.28
2023-01-09T04:30:00,42920099999,OZAR AIR FORCE STATION /NASHIK ARPT,20.119,73.914,20.0,,28.14
2023-01-09T05:00:00,42920099999,OZAR AIR FORCE STATION /NASHIK ARPT,20.119,73.914,22.0,,23.15
2023-01-09T05:30:00,42920099999,OZAR AIR FORCE STATION /NASHIK ARPT,20.119,73.914,23.0,,21.79
2023-01-09T06:00:00,42920099999,OZAR AIR FORCE STATION /NASHIK ARPT,20.119,73.914,25.0,,19.32
2023-01-09T06:30:00,42920099999,OZAR AIR FORCE STATION /NASHIK ARPT,20.119,73.914,25.0,,19.32
2023-01-09T07:00:00,42920099999,OZAR AIR FORCE STATION /NASHIK ARPT,20.119,73.914,25.0,,19.32
2023-01-09T07:30:00,42920099999,OZAR AIR FORCE STATION /NASHIK ARPT,20.119,73.914,25.0,,20.77
2023-01-09T08:00:00,42920099999,OZAR AIR FORCE STATION /NASHIK ARPT,20.119,73.914,27.0,,17.17
2023-01-09T08:30:00,42920099999,OZAR AIR FORCE STATION /NASHIK ARPT,20.119,73.914,27.0,,17.17
2023-01-09T09:00:00,42920099999,OZAR AIR FORCE STATION /NASHIK ARPT,20.119,73.914,27.0,,15.96
2023-01-09T09:30:00,42920099999,OZAR AIR FORCE STATION /NASHIK ARPT,20.119,73.914,27.0,,15.96
2023-01-09T10:00:00,42920099999,OZAR AIR FORCE STATION /NASHIK ARPT,20.119,73.914,27.0,,14.83
2023-01-09T10:30:00,42920099999,OZAR AIR FORCE STATION /NASHIK ARPT,20.119,73.914,27.0,,14.83
2023-01-09T11:00:00,42920099999,OZAR AIR FORCE STATION /NASHIK ARPT,20.119,73.914,26.0,,14.61
2023-01-09T12:00:00,42920099999,OZAR AIR FORCE STATION /NASHIK ARPT,20.119,73.914,24.0,,19.07
2023-01-09T12:30:00,42920099999,OZAR AIR FORCE STATION /NASHIK ARPT,20.119,73.914,22.0,,21.53
2023-01-09T14:00:00,42920099999,OZAR AIR FORCE STATION /NASHIK ARPT,20.119,73.914,14.0,,47.47
2023-01-09T14:30:00,42920099999,OZAR AIR FORCE STATION /NASHIK ARPT,20.119,73.914,12.0,,71.47
2023-01-09T15:00:00,42920099999,OZAR AIR FORCE STATION /NASHIK ARPT,20.119,73.914,13.0,,54.36
2023-01-09T16:00:00,42920099999,OZAR AIR FORCE STATION /NASHIK ARPT,20.119,73.914,12.0,,58.05
2023-01-10T02:00:00,42920099999,OZAR AIR FORCE STATION /NASHIK ARPT,20.119,73.914,6.0,,87.0
2023-01-10T02:30:00,42920099999,OZAR AIR FORCE STATION /NASHIK ARPT,20.119,73.914,9.0,,81.49
2023-01-10T03:00:00,42920099999,OZAR AIR FORCE STATION /NASHIK ARPT,20.119,73.914,11.0,,76.36
2023-01-10T03:30:00,42920099999,OZAR AIR FORCE STATION /NASHIK ARPT,20.119,73.914,15.0,,62.95
2023-01-10T04:00:00,42920099999,OZAR AIR FORCE STATION /NASHIK ARPT,20.119,73.914,19.0,,37.06
2023-01-10T04:30:00,42920099999,OZAR AIR FORCE STATION /NASHIK ARPT,20.119,73.914,22.0,,26.74
2023-01-10T05:00:00,42920099999,OZAR AIR FORCE STATION /NASHIK ARPT,20.119,73.914,23.0,,25.16
2023-01-10T05:30:00,42920099999,OZAR AIR FORCE STATION /NASHIK ARPT,20.119,73.914,24.0,,23.69
2023-01-10T06:00:00,42920099999,OZAR AIR FORCE STATION /NASHIK ARPT,20.119,73.914,25.0,,22.31
2023-01-10T06:30:00,42920099999,OZAR AIR FORCE STATION /NASHIK ARPT,20.119,73.914,26.0,,22.57
2023-01-10T07:00:00,42920099999,OZAR AIR FORCE STATION /NASHIK ARPT,20.119,73.914,26.0,,21.03
2023-01-10T07:30:00,42920099999,OZAR AIR FORCE STATION /NASHIK ARPT,20.119,73.914,27.0,,18.45
2023-01-10T08:00:00,42920099999,OZAR AIR FORCE STATION /NASHIK ARPT,20.119,73.914,27.0,,19.82
2023-01-10T08:30:00,42920099999,OZAR AIR FORCE STATION /NASHIK ARPT,20.119,73.914,27.0,,18.45
2023-01-10T09:00:00,42920099999,OZAR AIR FORCE STATION /NASHIK ARPT,20.119,73.914,28.0,,18.7
2023-01-10T09:30:00,42920099999,OZAR AIR FORCE STATION /NASHIK ARPT,20.119,73.914,28.0,,17.4
2023-01-10T10:00:00,42920099999,OZAR AIR FORCE STATION /NASHIK ARPT,20.119,73.914,28.0,,18.7
2023-01-10T11:00:00,42920099999,OZAR AIR FORCE STATION /NASHIK ARPT,20.119,73.914,27.0,,19.82
2023-01-10T12:30:00,42920099999,OZAR AIR FORCE STATION /NASHIK ARPT,20.119,73.914,23.0,,27.01
2023-01-10T13:00:00,42920099999,OZAR AIR FORCE STATION /NASHIK ARPT,20.119,73.914,19.0,,34.54
2023-01-10T13:30:00,42920099999,OZAR AIR FORCE STATION /NASHIK ARPT,20.119,73.914,17.0,,42.03
2023-01-10T14:30:00,42920099999,OZAR AIR FORCE STATION /NASHIK ARPT,20.119,73.914,16.0,,59.04
2023-01-10T16:00:00,42920099999,OZAR AIR FORCE STATION /NASHIK ARPT,20.119,73.914,12.0,,76.52
2023-01-11T02:00:00,42920099999,OZAR AIR FORCE STATION /NASHIK ARPT,20.119,73.914,7.0,,87.1
2023-01-11T02:30:00,42920099999,OZAR AIR FORCE STATION /NASHIK ARPT,20.119,73.914,10.0,,76.19
2023-01-11T03:00:00,42920099999,OZAR AIR FORCE STATION /NASHIK ARPT,20.119,73.914,13.0,,71.66
2023-01-11T03:30:00,42920099999,OZAR AIR FORCE STATION /NASHIK ARPT,20.119,73.914,15.0,,72.03
2023-01-11T04:00:00,42920099999,OZAR AIR FORCE STATION /NASHIK ARPT,20.119,73.914,20.0,,34.83
2023-01-11T04:30:00,42920099999,OZAR AIR FORCE STATION /NASHIK ARPT,20.119,73.914,22.0,,30.8
2023-01-11T05:00:00,42920099999,OZAR AIR FORCE STATION /NASHIK ARPT,20.119,73.914,24.0,,29.27
2023-01-11T05:30:00,42920099999,OZAR AIR FORCE STATION /NASHIK ARPT,20.119,73.914,26.0,,24.22
2023-01-11T06:00:00,42920099999,OZAR AIR FORCE STATION /NASHIK ARPT,20.119,73.914,27.0,,21.28
2023-01-11T06:30:00,42920099999,OZAR AIR FORCE STATION /NASHIK ARPT,20.119,73.914,27.0,,21.28
2023-01-11T07:00:00,42920099999,OZAR AIR FORCE STATION /NASHIK ARPT,20.119,73.914,28.0,,18.7
2023-01-11T07:30:00,42920099999,OZAR AIR FORCE STATION /NASHIK ARPT,20.119,73.914,30.0,,19.18
2023-01-11T08:00:00,42920099999,OZAR AIR FORCE STATION /NASHIK ARPT,20.119,73.914,30.0,,16.65
2023-01-11T08:30:00,42920099999,OZAR AIR FORCE STATION /NASHIK ARPT,20.119,73.914,30.0,,16.65
2023-01-11T09:30:00,42920099999,OZAR AIR FORCE STATION /NASHIK ARPT,20.119,73.914,30.0,,15.5
2023-01-11T10:30:00,42920099999,OZAR AIR FORCE STATION /NASHIK ARPT,20.119,73.914,30.0,,15.5
2023-01-11T11:00:00,42920099999,OZAR AIR FORCE STATION /NASHIK ARPT,20.119,73.914,29.0,,20.32
2023-01-11T11:30:00,42920099999,OZAR AIR FORCE STATION /NASHIK ARPT,20.119,73.914,28.0,,20.07
2023-01-11T12:00:00,42920099999,OZAR AIR FORCE STATION /NASHIK ARPT,20.119,73.914,26.0,,21.03
2023-01-11T13:00:00,42920099999,OZAR AIR FORCE STATION /NASHIK ARPT,20.119,73.914,22.0,,26.74
2023-01-11T14:00:00,42920099999,OZAR AIR FORCE STATION /NASHIK ARPT,20.119,73.914,19.0,,42.6
2023-01-12T01:30:00,42920099999,OZAR AIR FORCE STATION /NASHIK ARPT,20.119,73.914,7.0,,100.0
2023-01-12T02:00:00,42920099999,OZAR AIR FORCE STATION /NASHIK ARPT,20.119,73.914,8.0,,93.4
2023-01-12T02:30:00,42920099999,OZAR AIR FORCE STATION /NASHIK ARPT,20.119,73.914,10.0,,87.38
2023-01-12T03:00:00,42920099999,OZAR AIR FORCE STATION /NASHIK ARPT,20.119,73.914,15.0,,87.84
2023-01-12T03:30:00,42920099999,OZAR AIR FORCE STATION /NASHIK ARPT,20.119,73.914,17.0,,63.4
2023-01-12T04:00:00,42920099999,OZAR AIR FORCE STATION /NASHIK ARPT,20.119,73.914,22.0,,46.47
2023-01-12T04:30:00,42920099999,OZAR AIR FORCE STATION /NASHIK ARPT,20.119,73.914,22.0,,46.47
2023-01-12T05:00:00,42920099999,OZAR AIR FORCE STATION /NASHIK ARPT,20.119,73.914,23.0,,43.73
2023-01-12T05:30:00,42920099999,OZAR AIR FORCE STATION /NASHIK ARPT,20.119,73.914,24.0,,33.6
2023-01-12T06:00:00,42920099999,OZAR AIR FORCE STATION /NASHIK ARPT,20.119,73.914,26.0,,29.82
2023-01-12T06:30:00,42920099999,OZAR AIR FORCE STATION /NASHIK ARPT,20.119,73.914,27.0,,28.12
2023-01-12T07:00:00,42920099999,OZAR AIR FORCE STATION /NASHIK ARPT,20.119,73.914,27.0,,26.25
2023-01-12T07:30:00,42920099999,OZAR AIR FORCE STATION /NASHIK ARPT,20.119,73.914,28.0,,21.54
2023-01-12T08:00:00,42920099999,OZAR AIR FORCE STATION /NASHIK ARPT,20.119,73.914,28.0,,20.07
2023-01-12T08:30:00,42920099999,OZAR AIR FORCE STATION /NASHIK ARPT,20.119,73.914,28.0,,21.54
2023-01-12T09:00:00,42920099999,OZAR AIR FORCE STATION /NASHIK ARPT,20.119,73.914,28.0,,21.54
2023-01-12T09:30:00,42920099999,OZAR AIR FORCE STATION /NASHIK ARPT,20.119,73.914,28.0,,23.1
2023-01-12T10:00:00,42920099999,OZAR AIR FORCE STATION /NASHIK ARPT,20.119,73.914,28.0,,23.1
2023-01-12T10:30:00,42920099999,OZAR AIR FORCE STATION /NASHIK ARPT,20.119,73.914,28.0,,24.76
2023-01-12T11:00:00,42920099999,OZAR AIR FORCE STATION /NASHIK ARPT,20.119,73.914,27.0,,26.25
2023-01-12T11:30:00,42920099999,OZAR AIR FORCE STATION /NASHIK ARPT,20.119,73.914,27.0,,28.12
2023-01-12T13:30:00,42920099999,OZAR AIR FORCE STATION /NASHIK ARPT,20.119,73.914,19.0,,52.28
2023-01-12T14:00:00,42920099999,OZAR AIR FORCE STATION /NASHIK ARPT,20.119,73.914,19.0,,55.91
2023-01-12T14:30:00,42920099999,OZAR AIR FORCE STATION /NASHIK ARPT,20.119,73.914,18.0,,59.52
2023-01-13T01:30:00,42920099999,OZAR AIR FORCE STATION /NASHIK ARPT,20.119,73.914,15.0,,100.0
2023-01-13T02:00:00,42920099999,OZAR AIR FORCE STATION /NASHIK ARPT,20.119,73.914,15.0,,93.75
2023-01-13T02:30:00,42920099999,OZAR AIR FORCE STATION /NASHIK ARPT,20.119,73.914,15.0,,93.75
2023-01-13T03:00:00,42920099999,OZAR AIR FORCE STATION /NASHIK ARPT,20.119,73.914,15.0,,93.75
2023-01-13T03:30:00,42920099999,OZAR AIR FORCE STATION /NASHIK ARPT,20.119,73.914,15.0,,93.75
2023-01-13T04:00:00,42920099999,OZAR AIR FORCE STATION /NASHIK ARPT,20.119,73.914,18.0,,63.62
2023-01-13T04:30:00,42920099999,OZAR AIR FORCE STATION /NASHIK ARPT,20.119,73.914,20.0,,52.54
2023-01-13T05:00:00,42920099999,OZAR AIR FORCE STATION /NASHIK ARPT,20.119,73.914,20.0,,49.13
2023-01-13T05:30:00,42920099999,OZAR AIR FORCE STATION /NASHIK ARPT,20.119,73.914,21.0,,46.19
2023-01-13T06:00:00,42920099999,OZAR AIR FORCE STATION /NASHIK ARPT,20.119,73.914,22.0,,43.45
2023-01-13T06:30:00,42920099999,OZAR AIR FORCE STATION /NASHIK ARPT,20.119,73.914,23.0,,40.89
2023-01-13T07:00:00,42920099999,OZAR AIR FORCE STATION /NASHIK ARPT,20.119,73.914,23.0,,38.21
2023-01-13T07:30:00,42920099999,OZAR AIR FORCE STATION /NASHIK ARPT,20.119,73.914,24.0,,35.97
2023-01-13T08:00:00,42920099999,OZAR AIR FORCE STATION /NASHIK ARPT,20.119,73.914,24.0,,35.97
2023-01-13T09:00:00,42920099999,OZAR AIR FORCE STATION /NASHIK ARPT,20.119,73.914,25.0,,36.26
2023-01-13T09:30:00,42920099999,OZAR AIR FORCE STATION /NASHIK ARPT,20.119,73.914,25.0,,38.78
2023-01-13T10:00:00,42920099999,OZAR AIR FORCE STATION /NASHIK ARPT,20.119,73.914,25.0,,38.78
2023-01-13T10:30:00,42920099999,OZAR AIR FORCE STATION /NASHIK ARPT,20.119,73.914,25.0,,38.78
2023-01-13T11:00:00,42920099999,OZAR AIR FORCE STATION /NASHIK ARPT,20.119,73.914,24.0,,41.17
2023-01-13T11:30:00,42920099999,OZAR AIR FORCE STATION /NASHIK ARPT,20.119,73.914,23.0,,43.73
2023-01-13T13:00:00,42920099999,OZAR AIR FORCE STATION /NASHIK ARPT,20.119,73.914,19.0,,55.91
2023-01-13T14:00:00,42920099999,OZAR AIR FORCE STATION /NASHIK ARPT,20.119,73.914,16.0,,72.22
2023-01-13T16:00:00,42920099999,OZAR AIR FORCE STATION /NASHIK ARPT,20.119,73.914,15.0,,77.0
2023-01-14T01:30:00,42920099999,OZAR AIR FORCE STATION /NASHIK ARPT,20.119,73.914,6.0,,100.0
2023-01-14T02:00:00,42920099999,OZAR AIR FORCE STATION /NASHIK ARPT,20.119,73.914,7.0,,100.0
2023-01-14T02:30:00,42920099999,OZAR AIR FORCE STATION /NASHIK ARPT,20.119,73.914,8.0,,100.0
2023-01-14T03:00:00,42920099999,OZAR AIR FORCE STATION /NASHIK ARPT,20.119,73.914,11.0,,100.0
2023-01-14T03:30:00,42920099999,OZAR AIR FORCE STATION /NASHIK ARPT,20.119,73.914,13.0,,100.0
2023-01-14T04:00:00,42920099999,OZAR AIR FORCE STATION /NASHIK ARPT,20.119,73.914,16.0,,77.16
2023-01-14T04:30:00,42920099999,OZAR AIR FORCE STATION /NASHIK ARPT,20.119,73.914,18.0,,59.52
2023-01-14T05:00:00,42920099999,OZAR AIR FORCE STATION /NASHIK ARPT,20.119,73.914,19.0,,55.91
2023-01-14T05:30:00,42920099999,OZAR AIR FORCE STATION /NASHIK ARPT,20.119,73.914,20.0,,52.54
2023-01-14T06:00:00,42920099999,OZAR AIR FORCE STATION /NASHIK ARPT,20.119,73.914,21.0,,49.4
2023-01-14T06:30:00,42920099999,OZAR AIR FORCE STATION /NASHIK ARPT,20.119,73.914,22.0,,46.47
2023-01-14T07:00:00,42920099999,OZAR AIR FORCE STATION /NASHIK ARPT,20.119,73.914,23.0,,43.73
2023-01-14T07:30:00,42920099999,OZAR AIR FORCE STATION /NASHIK ARPT,20.119,73.914,24.0,,41.17
2023-01-14T08:00:00,42920099999,OZAR AIR FORCE STATION /NASHIK ARPT,20.119,73.914,24.0,,41.17
2023-01-14T09:00:00,42920099999,OZAR AIR FORCE STATION /NASHIK ARPT,20.119,73.914,25.0,,36.26
2023-01-14T10:00:00,42920099999,OZAR AIR FORCE STATION /NASHIK ARPT,20.119,73.914,26.0,,36.54
2023-01-14T10:30:00,42920099999,OZAR AIR FORCE STATION /NASHIK ARPT,20.119,73.914,27.0,,28.12
2023-01-14T11:00:00,42920099999,OZAR AIR FORCE STATION /NASHIK ARPT,20.119,73.914,27.0,,30.1
2023-01-14T11:30:00,42920099999,OZAR AIR FORCE STATION /NASHIK ARPT,20.119,73.914,26.0,,31.93
2023-01-14T12:00:00,42920099999,OZAR AIR FORCE STATION /NASHIK ARPT,20.119,73.914,26.0,,25.98
2023-01-14T12:30:00,42920099999,OZAR AIR FORCE STATION /NASHIK ARPT,20.119,73.914,23.0,,40.89
2023-01-14T13:00:00,42920099999,OZAR AIR FORCE STATION /NASHIK ARPT,20.119,73.914,20.0,,49.13
2023-01-14T14:00:00,42920099999,OZAR AIR FORCE STATION /NASHIK ARPT,20.119,73.914,18.0,,59.52
2023-01-15T01:30:00,42920099999,OZAR AIR FORCE STATION /NASHIK ARPT,20.119,73.914,5.0,,100.0
2023-01-15T02:00:00,42920099999,OZAR AIR FORCE STATION /NASHIK ARPT,20.119,73.914,7.0,,100.0
2023-01-15T02:30:00,42920099999,OZAR AIR FORCE STATION /NASHIK ARPT,20.119,73.914,8.0,,93.4
2023-01-15T03:00:00,42920099999,OZAR AIR FORCE STATION /NASHIK ARPT,20.119,73.914,12.0,,87.57
2023-01-15T03:30:00,42920099999,OZAR AIR FORCE STATION /NASHIK ARPT,20.119,73.914,15.0,,62.95
2023-01-15T04:00:00,42920099999,OZAR AIR FORCE STATION /NASHIK ARPT,20.119,73.914,18.0,,48.58
2023-01-15T05:00:00,42920099999,OZAR AIR FORCE STATION /NASHIK ARPT,20.119,73.914,21.0,,43.17
2023-01-15T06:00:00,42920099999,OZAR AIR FORCE STATION /NASHIK ARPT,20.119,73.914,23.0,,38.21
2023-01-15T07:00:00,42920099999,OZAR AIR FORCE STATION /NASHIK ARPT,20.119,73.914,25.0,,36.26
2023-01-15T08:00:00,42920099999,OZAR AIR FORCE STATION /NASHIK ARPT,20.119,73.914,26.0,,36.54
2023-01-15T09:00:00,42920099999,OZAR AIR FORCE STATION /NASHIK ARPT,20.119,73.914,27.0,,34.45
2023-01-15T10:00:00,42920099999,OZAR AIR FORCE STATION /NASHIK ARPT,20.119,73.914,28.0,,30.38
2023-01-15T10:30:00,42920099999,OZAR AIR FORCE STATION /NASHIK ARPT,20.119,73.914,28.0,,23.1
2023-01-15T11:00:00,42920099999,OZAR AIR FORCE STATION /NASHIK ARPT,20.119,73.914,28.0,,21.54
2023-01-15T12:00:00,42920099999,OZAR AIR FORCE STATION /NASHIK ARPT,20.119,73.914,27.0,,26.25
2023-01-15T13:00:00,42920099999,OZAR AIR FORCE STATION /NASHIK ARPT,20.119,73.914,22.0,,43.45
2023-01-15T14:00:00,42920099999,OZAR AIR FORCE STATION /NASHIK ARPT,20.119,73.914,20.0,,52.54
2023-01-15T14:30:00,42920099999,OZAR AIR FORCE STATION /NASHIK ARPT,20.119,73.914,19.0,,59.76
2023-01-15T15:30:00,42920099999,OZAR AIR FORCE STATION /NASHIK ARPT,20.119,73.914,15.0,,72.03
2023-01-16T01:30:00,42920099999,OZAR AIR FORCE STATION /NASHIK ARPT,20.119,73.914,9.0,,100.0
2023-01-16T02:30:00,42920099999,OZAR AIR FORCE STATION /NASHIK ARPT,20.119,73.914,10.0,,93.5
2023-01-16T03:00:00,42920099999,OZAR AIR FORCE STATION /NASHIK ARPT,20.119,73.914,13.0,,87.66
2023-01-16T04:00:00,42920099999,OZAR AIR FORCE STATION /NASHIK ARPT,20.119,73.914,20.0,,56.16
2023-01-16T04:30:00,42920099999,OZAR AIR FORCE STATION /NASHIK ARPT,20.119,73.914,21.0,,46.19
2023-01-16T05:00:00,42920099999,OZAR AIR FORCE STATION /NASHIK ARPT,20.119,73.914,24.0,,41.17
2023-01-16T05:30:00,42920099999,OZAR AIR FORCE STATION /NASHIK ARPT,20.119,73.914,24.0,,38.49
2023-01-16T06:00:00,42920099999,OZAR AIR FORCE STATION /NASHIK ARPT,20.119,73.914,25.0,,36.26
2023-01-16T06:30:00,42920099999,OZAR AIR FORCE STATION /NASHIK ARPT,20.119,73.914,25.0,,36.26
2023-01-16T07:00:00,42920099999,OZAR AIR FORCE STATION /NASHIK ARPT,20.119,73.914,26.0,,34.17
2023-01-16T07:30:00,42920099999,OZAR AIR FORCE STATION /NASHIK ARPT,20.119,73.914,26.0,,31.93
2023-01-16T08:00:00,42920099999,OZAR AIR FORCE STATION /NASHIK ARPT,20.119,73.914,28.0,,24.76
2023-01-16T09:30:00,42920099999,OZAR AIR FORCE STATION /NASHIK ARPT,20.119,73.914,30.0,,16.65
2023-01-16T10:00:00,42920099999,OZAR AIR FORCE STATION /NASHIK ARPT,20.119,73.914,30.0,,19.18
2023-01-16T10:30:00,42920099999,OZAR AIR FORCE STATION /NASHIK ARPT,20.119,73.914,29.0,,25.02
2023-01-16T11:00:00,42920099999,OZAR AIR FORCE STATION /NASHIK ARPT,20.119,73.914,29.0,,25.02
2023-01-16T11:30:00,42920099999,OZAR AIR FORCE STATION /NASHIK ARPT,20.119,73.914,28.0,,23.1
2023-01-16T12:00:00,42920099999,OZAR AIR FORCE STATION /NASHIK ARPT,20.119,73.914,27.0,,24.49
2023-01-16T13:00:00,42920099999,OZAR AIR FORCE STATION /NASHIK ARPT,20.119,73.914,23.0,,33.32
2023-01-16T13:30:00,42920099999,OZAR AIR FORCE STATION /NASHIK ARPT,20.119,73.914,22.0,,35.4
2023-01-16T14:00:00,42920099999,OZAR AIR FORCE STATION /NASHIK ARPT,20.119,73.914,18.0,,48.58
2023-01-16T14:30:00,42920099999,OZAR AIR FORCE STATION /NASHIK ARPT,20.119,73.914,18.0,,55.66
2023-01-16T15:00:00,42920099999,OZAR AIR FORCE STATION /NASHIK ARPT,20.119,73.914,19.0,,52.28
2023-01-16T15:30:00,42920099999,OZAR AIR FORCE STATION /NASHIK ARPT,20.119,73.914,14.0,,71.85
2023-01-16T16:00:00,42920099999,OZAR AIR FORCE STATION /NASHIK ARPT,20.119,73.914,14.0,,87.75
2023-01-17T01:30:00,42920099999,OZAR AIR FORCE STATION /NASHIK ARPT,20.119,73.914,9.0,,100.0
2023-01-17T02:00:00,42920099999,OZAR AIR FORCE STATION /NASHIK ARPT,20.119,73.914,10.0,,93.5
2023-01-17T02:30:00,42920099999,OZAR AIR FORCE STATION /NASHIK ARPT,20.119,73.914,11.0,,93.55
2023-01-17T03:00:00,42920099999,OZAR AIR FORCE STATION /NASHIK ARPT,20.119,73.914,13.0,,93.65
2023-01-17T03:30:00,42920099999,OZAR AIR FORCE STATION /NASHIK ARPT,20.119,73.914,17.0,,72.4
2023-01-17T04:00:00,42920099999,OZAR AIR FORCE STATION /NASHIK ARPT,20.119,73.914,18.0,,67.97
2023-01-17T04:30:00,42920099999,OZAR AIR FORCE STATION /NASHIK ARPT,20.119,73.914,21.0,,52.8
2023-01-17T05:00:00,42920099999,OZAR AIR FORCE STATION /NASHIK ARPT,20.119,73.914,23.0,,43.73
2023-01-17T06:00:00,42920099999,OZAR AIR FORCE STATION /NASHIK ARPT,20.119,73.914,25.0,,36.26
2023-01-17T06:30:00,42920099999,OZAR AIR FORCE STATION /NASHIK ARPT,20.119,73.914,26.0,,31.93
2023-01-17T07:00:00,42920099999,OZAR AIR FORCE STATION /NASHIK ARPT,20.119,73.914,26.0,,29.82
2023-01-17T07:30:00,42920099999,OZAR AIR FORCE STATION /NASHIK ARPT,20.119,73.914,28.0,,24.76
2023-01-17T08:00:00,42920099999,OZAR AIR FORCE STATION /NASHIK ARPT,20.119,73.914,28.0,,21.54
2023-01-17T08:30:00,42920099999,OZAR AIR FORCE STATION /NASHIK ARPT,20.119,73.914,30.0,,16.65
2023-01-17T09:00:00,42920099999,OZAR AIR FORCE STATION /NASHIK ARPT,20.119,73.914,30.0,,16.65
2023-01-17T09:30:00,42920099999,OZAR AIR FORCE STATION /NASHIK ARPT,20.119,73.914,30.0,,15.5
2023-01-17T10:00:00,42920099999,OZAR AIR FORCE STATION /NASHIK ARPT,20.119,73.914,30.0,,12.46
2023-01-17T10:30:00,42920099999,OZAR AIR FORCE STATION /NASHIK ARPT,20.119,73.914,30.0,,12.46
2023-01-17T11:00:00,42920099999,OZAR AIR FORCE STATION /NASHIK ARPT,20.119,73.914,30.0,,12.46
2023-01-17T12:00:00,42920099999,OZAR AIR FORCE STATION /NASHIK ARPT,20.119,73.914,28.0,,15.05
2023-01-17T12:30:00,42920099999,OZAR AIR FORCE STATION /NASHIK ARPT,20.119,73.914,25.0,,25.7
2023-01-17T13:00:00,42920099999,OZAR AIR FORCE STATION /NASHIK ARPT,20.119,73.914,22.0,,33.03
2023-01-17T13:30:00,42920099999,OZAR AIR FORCE STATION /NASHIK ARPT,20.119,73.914,20.0,,34.83
2023-01-17T14:00:00,42920099999,OZAR AIR FORCE STATION /NASHIK ARPT,20.119,73.914,20.0,,37.35
2023-01-17T15:00:00,42920099999,OZAR AIR FORCE STATION /NASHIK ARPT,20.119,73.914,17.0,,51.75
2023-01-17T15:30:00,42920099999,OZAR AIR FORCE STATION /NASHIK ARPT,20.119,73.914,18.0,,52.01
2023-01-17T16:00:00,42920099999,OZAR AIR FORCE STATION /NASHIK ARPT,20.119,73.914,18.0,,52.01
2023-01-17T16:30:00,42920099999,OZAR AIR FORCE STATION /NASHIK ARPT,20.119,73.914,13.0,,71.66
2023-01-17T17:00:00,42920099999,OZAR AIR FORCE STATION /NASHIK ARPT,20.119,73.914,12.0,,81.88
2023-01-18T02:00:00,42920099999,OZAR AIR FORCE STATION /NASHIK ARPT,20.119,73.914,7.0,,93.35
2023-01-18T02:30:00,42920099999,OZAR AIR FORCE STATION /NASHIK ARPT,20.119,73.914,11.0,,87.48
2023-01-18T03:00:00,42920099999,OZAR AIR FORCE STATION /NASHIK ARPT,20.119,73.914,14.0,,82.14
2023-01-18T03:30:00,42920099999,OZAR AIR FORCE STATION /NASHIK ARPT,20.119,73.914,17.0,,63.4
2023-01-18T04:00:00,42920099999,OZAR AIR FORCE STATION /NASHIK ARPT,20.119,73.914,19.0,,48.86
2023-01-18T04:30:00,42920099999,OZAR AIR FORCE STATION /NASHIK ARPT,20.119,73.914,20.0,,49.13
2023-01-18T05:00:00,42920099999,OZAR AIR FORCE STATION /NASHIK ARPT,20.119,73.914,22.0,,43.45
2023-01-18T05:30:00,42920099999,OZAR AIR FORCE STATION /NASHIK ARPT,20.119,73.914,24.0,,38.49
2023-01-18T06:00:00,42920099999,OZAR AIR FORCE STATION /NASHIK ARPT,20.119,73.914,25.0,,36.26
2023-01-18T06:30:00,42920099999,OZAR AIR FORCE STATION /NASHIK ARPT,20.119,73.914,27.0,,32.21
2023-01-18T07:00:00,42920099999,OZAR AIR FORCE STATION /NASHIK ARPT,20.119,73.914,27.0,,34.45
2023-01-18T07:30:00,42920099999,OZAR AIR FORCE STATION /NASHIK ARPT,20.119,73.914,27.0,,34.45
2023-01-18T08:00:00,42920099999,OZAR AIR FORCE STATION /NASHIK ARPT,20.119,73.914,27.0,,32.21
2023-01-18T08:30:00,42920099999,OZAR AIR FORCE STATION /NASHIK ARPT,20.119,73.914,28.0,,30.38
2023-01-18T09:00:00,42920099999,OZAR AIR FORCE STATION /NASHIK ARPT,20.119,73.914,29.0,,28.66
2023-01-18T09:30:00,42920099999,OZAR AIR FORCE STATION /NASHIK ARPT,20.119,73.914,29.0,,28.66
2023-01-18T10:00:00,42920099999,OZAR AIR FORCE STATION /NASHIK ARPT,20.119,73.914,29.0,,26.79
2023-01-18T10:30:00,42920099999,OZAR AIR FORCE STATION /NASHIK ARPT,20.119,73.914,29.0,,28.66
2023-01-18T11:00:00,42920099999,OZAR AIR FORCE STATION /NASHIK ARPT,20.119,73.914,28.0,,30.38
2023-01-18T11:30:00,42920099999,OZAR AIR FORCE STATION /NASHIK ARPT,20.119,73.914,28.0,,30.38
2023-01-18T12:30:00,42920099999,OZAR AIR FORCE STATION /NASHIK ARPT,20.119,73.914,25.0,,38.78
2023-01-18T13:00:00,42920099999,OZAR AIR FORCE STATION /NASHIK ARPT,20.119,73.914,22.0,,53.06
2023-01-18T13:30:00,42920099999,OZAR AIR FORCE STATION /NASHIK ARPT,20.119,73.914,22.0,,53.06
2023-01-18T14:00:00,42920099999,OZAR AIR FORCE STATION /NASHIK ARPT,20.119,73.914,18.0,,63.62
2023-01-18T15:00:00,42920099999,OZAR AIR FORCE STATION /NASHIK ARPT,20.119,73.914,20.0,,56.16
2023-01-19T01:30:00,42920099999,OZAR AIR FORCE STATION /NASHIK ARPT,20.119,73.914,10.0,,93.5
2023-01-19T02:00:00,42920099999,OZAR AIR FORCE STATION /NASHIK ARPT,20.119,73.914,9.0,,93.45
2023-01-19T02:30:00,42920099999,OZAR AIR FORCE STATION /NASHIK ARPT,20.119,73.914,10.0,,93.5
2023-01-19T03:00:00,42920099999,OZAR AIR FORCE STATION /NASHIK ARPT,20.119,73.914,13.0,,93.65
2023-01-19T03:30:00,42920099999,OZAR AIR FORCE STATION /NASHIK ARPT,20.119,73.914,19.0,,68.18
2023-01-19T04:00:00,42920099999,OZAR AIR FORCE STATION /NASHIK ARPT,20.119,73.914,21.0,,56.41
2023-01-19T04:30:00,42920099999,OZAR AIR FORCE STATION /NASHIK ARPT,20.119,73.914,22.0,,53.06
2023-01-19T05:00:00,42920099999,OZAR AIR FORCE STATION /NASHIK ARPT,20.119,73.914,23.0,,46.74
2023-01-19T05:30:00,42920099999,OZAR AIR FORCE STATION /NASHIK ARPT,20.119,73.914,24.0,,47.01
2023-01-19T06:00:00,42920099999,OZAR AIR FORCE STATION /NASHIK ARPT,20.119,73.914,25.0,,41.45
2023-01-19T06:30:00,42920099999,OZAR AIR FORCE STATION /NASHIK ARPT,20.119,73.914,26.0,,39.06
2023-01-19T07:00:00,42920099999,OZAR AIR FORCE STATION /NASHIK ARPT,20.119,73.914,27.0,,36.82
2023-01-19T07:30:00,42920099999,OZAR AIR FORCE STATION /NASHIK ARPT,20.119,73.914,28.0,,34.73
2023-01-19T08:00:00,42920099999,OZAR AIR FORCE STATION /NASHIK ARPT,20.119,73.914,28.0,,34.73
2023-01-19T08:30:00,42920099999,OZAR AIR FORCE STATION /NASHIK ARPT,20.119,73.914,29.0,,30.66
2023-01-19T09:00:00,42920099999,OZAR AIR FORCE STATION /NASHIK ARPT,20.119,73.914,30.0,,28.94
2023-01-19T09:30:00,42920099999,OZAR AIR FORCE STATION /NASHIK ARPT,20.119,73.914,30.0,,27.06
2023-01-19T10:00:00,42920099999,OZAR AIR FORCE STATION /NASHIK ARPT,20.119,73.914,31.0,,20.82
2023-01-19T10:30:00,42920099999,OZAR AIR FORCE STATION /NASHIK ARPT,20.119,73.914,31.0,,18.12
2023-01-19T11:00:00,42920099999,OZAR AIR FORCE STATION /NASHIK ARPT,20.119,73.914,30.0,,17.88
2023-01-19T11:30:00,42920099999,OZAR AIR FORCE STATION /NASHIK ARPT,20.119,73.914,30.0,,19.18
2023-01-19T12:00:00,42920099999,OZAR AIR FORCE STATION /NASHIK ARPT,20.119,73.914,29.0,,18.94
2023-01-19T13:00:00,42920099999,OZAR AIR FORCE STATION /NASHIK ARPT,20.119,73.914,24.0,,31.37
2023-01-19T13:30:00,42920099999,OZAR AIR FORCE STATION /NASHIK ARPT,20.119,73.914,23.0,,35.69
2023-01-19T14:00:00,42920099999,OZAR AIR FORCE STATION /NASHIK ARPT,20.119,73.914,21.0,,43.17
2023-01-19T15:00:00,42920099999,OZAR AIR FORCE STATION /NASHIK ARPT,20.119,73.914,18.0,,52.01
2023-01-19T15:30:00,42920099999,OZAR AIR FORCE STATION /NASHIK ARPT,20.119,73.914,18.0,,55.66
2023-01-19T17:00:00,42920099999,OZAR AIR FORCE STATION /NASHIK ARPT,20.119,73.914,18.0,,59.52
2023-01-20T02:00:00,42920099999,OZAR AIR FORCE STATION /NASHIK ARPT,20.119,73.914,10.0,,93.5
2023-01-20T02:30:00,42920099999,OZAR AIR FORCE STATION /NASHIK ARPT,20.119,73.914,11.0,,87.48
2023-01-20T03:00:00,42920099999,OZAR AIR FORCE STATION /NASHIK ARPT,20.119,73.914,14.0,,82.14
2023-01-20T03:30:00,42920099999,OZAR AIR FORCE STATION /NASHIK ARPT,20.119,73.914,18.0,,63.62
2023-01-20T04:00:00,42920099999,OZAR AIR FORCE STATION /NASHIK ARPT,20.119,73.914,20.0,,49.13
2023-01-20T04:30:00,42920099999,OZAR AIR FORCE STATION /NASHIK ARPT,20.119,73.914,23.0,,38.21
2023-01-20T05:00:00,42920099999,OZAR AIR FORCE STATION /NASHIK ARPT,20.119,73.914,25.0,,33.88
2023-01-20T05:30:00,42920099999,OZAR AIR FORCE STATION /NASHIK ARPT,20.119,73.914,26.0,,34.17
2023-01-20T06:00:00,42920099999,OZAR AIR FORCE STATION /NASHIK ARPT,20.119,73.914,25.0,,38.78
2023-01-20T06:30:00,42920099999,OZAR AIR FORCE STATION /NASHIK ARPT,20.119,73.914,28.0,,23.1
2023-01-20T07:00:00,42920099999,OZAR AIR FORCE STATION /NASHIK ARPT,20.119,73.914,29.0,,20.32
2023-01-20T07:30:00,42920099999,OZAR AIR FORCE STATION /NASHIK ARPT,20.119,73.914,30.0,,17.88
2023-01-20T08:00:00,42920099999,OZAR AIR FORCE STATION /NASHIK ARPT,20.119,73.914,30.0,,17.88
2023-01-20T08:30:00,42920099999,OZAR AIR FORCE STATION /NASHIK ARPT,20.119,73.914,30.0,,17.88
2023-01-20T09:00:00,42920099999,OZAR AIR FORCE STATION /NASHIK ARPT,20.119,73.914,30.0,,16.65
2023-01-20T09:30:00,42920099999,OZAR AIR FORCE STATION /NASHIK ARPT,20.119,73.914,31.0,,13.62
2023-01-20T10:00:00,42920099999,OZAR AIR FORCE STATION /NASHIK ARPT,20.119,73.914,30.0,,15.5
2023-01-20T10:30:00,42920099999,OZAR AIR FORCE STATION /NASHIK ARPT,20.119,73.914,30.0,,16.65
2023-01-20T11:00:00,42920099999,OZAR AIR FORCE STATION /NASHIK ARPT,20.119,73.914,29.0,,17.64
2023-01-20T11:30:00,42920099999,OZAR AIR FORCE STATION /NASHIK ARPT,20.119,73.914,28.0,,20.07
2023-01-20T12:00:00,42920099999,OZAR AIR FORCE STATION /NASHIK ARPT,20.119,73.914,28.0,,20.07
2023-01-20T13:00:00,42920099999,OZAR AIR FORCE STATION /NASHIK ARPT,20.119,73.914,24.0,,29.27
2023-01-20T14:00:00,42920099999,OZAR AIR FORCE STATION /NASHIK ARPT,20.119,73.914,21.0,,40.32
2023-01-21T01:30:00,42920099999,OZAR AIR FORCE STATION /NASHIK ARPT,20.119,73.914,11.0,,93.55
2023-01-21T02:00:00,42920099999,OZAR AIR FORCE STATION /NASHIK ARPT,20.119,73.914,10.0,,87.38
2023-01-21T02:30:00,42920099999,OZAR AIR FORCE STATION /NASHIK ARPT,20.119,73.914,12.0,,87.57
2023-01-21T03:00:00,42920099999,OZAR AIR FORCE STATION /NASHIK ARPT,20.119,73.914,14.0,,76.84
2023-01-21T03:30:00,42920099999,OZAR AIR FORCE STATION /NASHIK ARPT,20.119,73.914,18.0,,52.01
2023-01-21T04:00:00,42920099999,OZAR AIR FORCE STATION /NASHIK ARPT,20.119,73.914,20.0,,45.91
2023-01-21T05:00:00,42920099999,OZAR AIR FORCE STATION /NASHIK ARPT,20.119,73.914,25.0,,33.88
2023-01-21T05:30:00,42920099999,OZAR AIR FORCE STATION /NASHIK ARPT,20.119,73.914,25.0,,33.88
2023-01-21T06:00:00,42920099999,OZAR AIR FORCE STATION /NASHIK ARPT,20.119,73.914,28.0,,28.39
2023-01-21T07:00:00,42920099999,OZAR AIR FORCE STATION /NASHIK ARPT,20.119,73.914,27.0,,26.25
2023-01-21T07:30:00,42920099999,OZAR AIR FORCE STATION /NASHIK ARPT,20.119,73.914,28.0,,23.1
2023-01-21T08:00:00,42920099999,OZAR AIR FORCE STATION /NASHIK ARPT,20.119,73.914,29.0,,23.36
2023-01-21T08:30:00,42920099999,OZAR AIR FORCE STATION /NASHIK ARPT,20.119,73.914,29.0,,21.79
2023-01-21T09:00:00,42920099999,OZAR AIR FORCE STATION /NASHIK ARPT,20.119,73.914,29.0,,18.94
2023-01-21T09:30:00,42920099999,OZAR AIR FORCE STATION /NASHIK ARPT,20.119,73.914,29.0,,20.32
2023-01-21T10:00:00,42920099999,OZAR AIR FORCE STATION /NASHIK ARPT,20.119,73.914,29.0,,20.32
2023-01-21T10:30:00,42920099999,OZAR AIR FORCE STATION /NASHIK ARPT,20.119,73.914,29.0,,23.36
2023-01-21T11:00:00,42920099999,OZAR AIR FORCE STATION /NASHIK ARPT,20.119,73.914,29.0,,21.79
2023-01-21T11:30:00,42920099999,OZAR AIR FORCE STATION /NASHIK ARPT,20.119,73.914,28.0,,26.52
2023-01-21T12:00:00,42920099999,OZAR AIR FORCE STATION /NASHIK ARPT,20.119,73.914,27.0,,32.21
2023-01-21T13:00:00,42920099999,OZAR AIR FORCE STATION /NASHIK ARPT,20.119,73.914,23.0,,43.73
2023-01-21T13:30:00,42920099999,OZAR AIR FORCE STATION /NASHIK ARPT,20.119,73.914,21.0,,49.4
2023-01-21T14:00:00,42920099999,OZAR AIR FORCE STATION /NASHIK ARPT,20.119,73.914,21.0,,46.19
2023-01-21T15:00:00,42920099999,OZAR AIR FORCE STATION /NASHIK ARPT,20.119,73.914,19.0,,48.86
2023-01-21T16:00:00,42920099999,OZAR AIR FORCE STATION /NASHIK ARPT,20.119,73.914,18.0,,48.58
2023-01-21T17:00:00,42920099999,OZAR AIR FORCE STATION /NASHIK ARPT,20.119,73.914,17.0,,55.4
2023-01-22T02:00:00,42920099999,OZAR AIR FORCE STATION /NASHIK ARPT,20.119,73.914,10.0,,76.19
2023-01-22T02:30:00,42920099999,OZAR AIR FORCE STATION /NASHIK ARPT,20.119,73.914,12.0,,71.47
2023-01-22T03:00:00,42920099999,OZAR AIR FORCE STATION /NASHIK ARPT,20.119,73.914,13.0,,71.66
2023-01-22T03:30:00,42920099999,OZAR AIR FORCE STATION /NASHIK ARPT,20.119,73.914,16.0,,55.14
2023-01-22T04:00:00,42920099999,OZAR AIR FORCE STATION /NASHIK ARPT,20.119,73.914,18.0,,45.35
2023-01-22T04:30:00,42920099999,OZAR AIR FORCE STATION /NASHIK ARPT,20.119,73.914,20.0,,37.35
2023-01-22T05:00:00,42920099999,OZAR AIR FORCE STATION /NASHIK ARPT,20.119,73.914,22.0,,26.74
2023-01-22T05:30:00,42920099999,OZAR AIR FORCE STATION /NASHIK ARPT,20.119,73.914,25.0,,25.7
2023-01-22T06:00:00,42920099999,OZAR AIR FORCE STATION /NASHIK ARPT,20.119,73.914,24.0,,27.29
2023-01-22T06:30:00,42920099999,OZAR AIR FORCE STATION /NASHIK ARPT,20.119,73.914,26.0,,25.98
2023-01-22T07:00:00,42920099999,OZAR AIR FORCE STATION /NASHIK ARPT,20.119,73.914,26.0,,25.98
2023-01-22T07:30:00,42920099999,OZAR AIR FORCE STATION /NASHIK ARPT,20.119,73.914,27.0,,24.49
2023-01-22T08:30:00,42920099999,OZAR AIR FORCE STATION /NASHIK ARPT,20.119,73.914,27.0,,26.25
2023-01-22T09:00:00,42920099999,OZAR AIR FORCE STATION /NASHIK ARPT,20.119,73.914,28.0,,30.38
2023-01-22T09:30:00,42920099999,OZAR AIR FORCE STATION /NASHIK ARPT,20.119,73.914,29.0,,28.66
2023-01-22T10:00:00,42920099999,OZAR AIR FORCE STATION /NASHIK ARPT,20.119,73.914,30.0,,23.62
2023-01-22T10:30:00,42920099999,OZAR AIR FORCE STATION /NASHIK ARPT,20.119,73.914,29.0,,25.02
2023-01-22T11:30:00,42920099999,OZAR AIR FORCE STATION /NASHIK ARPT,20.119,73.914,27.0,,28.12
2023-01-22T12:00:00,42920099999,OZAR AIR FORCE STATION /NASHIK ARPT,20.119,73.914,26.0,,29.82
2023-01-22T12:30:00,42920099999,OZAR AIR FORCE STATION /NASHIK ARPT,20.119,73.914,24.0,,33.6
2023-01-22T13:00:00,42920099999,OZAR AIR FORCE STATION /NASHIK ARPT,20.119,73.914,22.0,,37.92
2023-01-22T14:00:00,42920099999,OZAR AIR FORCE STATION /NASHIK ARPT,20.119,73.914,19.0,,42.6
2023-01-22T15:00:00,42920099999,OZAR AIR FORCE STATION /NASHIK ARPT,20.119,73.914,18.0,,48.58
2023-01-22T16:00:00,42920099999,OZAR AIR FORCE STATION /NASHIK ARPT,20.119,73.914,17.0,,51.75
2023-01-23T01:30:00,42920099999,OZAR AIR FORCE STATION /NASHIK ARPT,20.119,73.914,9.0,,87.29
2023-01-23T02:00:00,42920099999,OZAR AIR FORCE STATION /NASHIK ARPT,20.119,73.914,9.0,,87.29
2023-01-23T02:30:00,42920099999,OZAR AIR FORCE STATION /NASHIK ARPT,20.119,73.914,11.0,,87.48
2023-01-23T03:00:00,42920099999,OZAR AIR FORCE STATION /NASHIK ARPT,20.119,73.914,14.0,,71.85
2023-01-23T03:30:00,42920099999,OZAR AIR FORCE STATION /NASHIK ARPT,20.119,73.914,16.0,,72.22
2023-01-23T04:00:00,42920099999,OZAR AIR FORCE STATION /NASHIK ARPT,20.119,73.914,19.0,,55.91
2023-01-23T04:30:00,42920099999,OZAR AIR FORCE STATION /NASHIK ARPT,20.119,73.914,22.0,,40.6
2023-01-23T05:30:00,42920099999,OZAR AIR FORCE STATION /NASHIK ARPT,20.119,73.914,24.0,,31.37
2023-01-23T06:00:00,42920099999,OZAR AIR FORCE STATION /NASHIK ARPT,20.119,73.914,24.0,,31.37
2023-01-23T06:30:00,42920099999,OZAR AIR FORCE STATION /NASHIK ARPT,20.119,73.914,25.0,,31.65
2023-01-23T07:00:00,42920099999,OZAR AIR FORCE STATION /NASHIK ARPT,20.119,73.914,26.0,,29.82
2023-01-23T07:30:00,42920099999,OZAR AIR FORCE STATION /NASHIK ARPT,20.119,73.914,28.0,,28.39
2023-01-23T08:00:00,42920099999,OZAR AIR FORCE STATION /NASHIK ARPT,20.119,73.914,27.0,,32.21
2023-01-23T08:30:00,42920099999,OZAR AIR FORCE STATION /NASHIK ARPT,20.119,73.914,28.0,,28.39
2023-01-23T09:00:00,42920099999,OZAR AIR FORCE STATION /NASHIK ARPT,20.119,73.914,28.0,,30.38
2023-01-23T09:30:00,42920099999,OZAR AIR FORCE STATION /NASHIK ARPT,20.119,73.914,28.0,,28.39
2023-01-23T10:30:00,42920099999,OZAR AIR FORCE STATION /NASHIK ARPT,20.119,73.914,28.0,,28.39
2023-01-23T11:30:00,42920099999,OZAR AIR FORCE STATION /NASHIK ARPT,20.119,73.914,26.0,,34.17
2023-01-23T12:00:00,42920099999,OZAR AIR FORCE STATION /NASHIK ARPT,20.119,73.914,25.0,,36.26
2023-01-23T12:30:00,42920099999,OZAR AIR FORCE STATION /NASHIK ARPT,20.119,73.914,23.0,,40.89
2023-01-23T13:30:00,42920099999,OZAR AIR FORCE STATION /NASHIK ARPT,20.119,73.914,20.0,,49.13
2023-01-23T14:00:00,42920099999,OZAR AIR FORCE STATION /NASHIK ARPT,20.119,73.914,19.0,,52.28
2023-01-23T15:00:00,42920099999,OZAR AIR FORCE STATION /NASHIK ARPT,20.119,73.914,17.0,,59.28
2023-01-23T16:00:00,42920099999,OZAR AIR FORCE STATION /NASHIK ARPT,20.119,73.914,17.0,,59.28
2023-01-24T02:00:00,42920099999,OZAR AIR FORCE STATION /NASHIK ARPT,20.119,73.914,10.0,,81.62
2023-01-24T02:30:00,42920099999,OZAR AIR FORCE STATION /NASHIK ARPT,20.119,73.914,12.0,,81.88
2023-01-24T03:00:00,42920099999,OZAR AIR FORCE STATION /NASHIK ARPT,20.119,73.914,14.0,,71.85
2023-01-24T03:30:00,42920099999,OZAR AIR FORCE STATION /NASHIK ARPT,20.119,73.914,16.0,,63.17
2023-01-24T04:00:00,42920099999,OZAR AIR FORCE STATION /NASHIK ARPT,20.119,73.914,19.0,,52.28
2023-01-24T04:30:00,42920099999,OZAR AIR FORCE STATION /NASHIK ARPT,20.119,73.914,20.0,,45.91
2023-01-24T05:00:00,42920099999,OZAR AIR FORCE STATION /NASHIK ARPT,20.119,73.914,23.0,,35.69
2023-01-24T05:30:00,42920099999,OZAR AIR FORCE STATION /NASHIK ARPT,20.119,73.914,24.0,,35.97
2023-01-24T06:00:00,42920099999,OZAR AIR FORCE STATION /NASHIK ARPT,20.119,73.914,25.0,,33.88
2023-01-24T06:30:00,42920099999,OZAR AIR FORCE STATION /NASHIK ARPT,20.119,73.914,25.0,,33.88
2023-01-24T07:00:00,42920099999,OZAR AIR FORCE STATION /NASHIK ARPT,20.119,73.914,25.0,,36.26
2023-01-24T07:30:00,42920099999,OZAR AIR FORCE STATION /NASHIK ARPT,20.119,73.914,26.0,,36.54
2023-01-24T08:00:00,42920099999,OZAR AIR FORCE STATION /NASHIK ARPT,20.119,73.914,27.0,,36.82
2023-01-24T08:30:00,42920099999,OZAR AIR FORCE STATION /NASHIK ARPT,20.119,73.914,27.0,,36.82
2023-01-24T09:00:00,42920099999,OZAR AIR FORCE STATION /NASHIK ARPT,20.119,73.914,28.0,,34.73
2023-01-24T09:30:00,42920099999,OZAR AIR FORCE STATION /NASHIK ARPT,20.119,73.914,28.0,,32.49
2023-01-24T10:00:00,42920099999,OZAR AIR FORCE STATION /NASHIK ARPT,20.119,73.914,27.0,,34.45
2023-01-24T10:30:00,42920099999,OZAR AIR FORCE STATION /NASHIK ARPT,20.119,73.914,26.0,,36.54
2023-01-24T11:00:00,42920099999,OZAR AIR FORCE STATION /NASHIK ARPT,20.119,73.914,26.0,,36.54
2023-01-24T11:30:00,42920099999,OZAR AIR FORCE STATION /NASHIK ARPT,20.119,73.914,24.0,,41.17
2023-01-24T12:30:00,42920099999,OZAR AIR FORCE STATION /NASHIK ARPT,20.119,73.914,22.0,,46.47
2023-01-24T13:00:00,42920099999,OZAR AIR FORCE STATION /NASHIK ARPT,20.119,73.914,21.0,,49.4
2023-01-24T14:00:00,42920099999,OZAR AIR FORCE STATION /NASHIK ARPT,20.119,73.914,19.0,,55.91
2023-01-24T15:00:00,42920099999,OZAR AIR FORCE STATION /NASHIK ARPT,20.119,73.914,18.0,,55.66
2023-01-24T15:30:00,42920099999,OZAR AIR FORCE STATION /NASHIK ARPT,20.119,73.914,17.0,,59.28
2023-01-25T01:30:00,42920099999,OZAR AIR FORCE STATION /NASHIK ARPT,20.119,73.914,12.0,,71.47
2023-01-25T02:00:00,42920099999,OZAR AIR FORCE STATION /NASHIK ARPT,20.119,73.914,12.0,,76.52
2023-01-25T02:30:00,42920099999,OZAR AIR FORCE STATION /NASHIK ARPT,20.119,73.914,12.0,,76.52
2023-01-25T03:00:00,42920099999,OZAR AIR FORCE STATION /NASHIK ARPT,20.119,73.914,14.0,,67.15
2023-01-25T03:30:00,42920099999,OZAR AIR FORCE STATION /NASHIK ARPT,20.119,73.914,16.0,,63.17
2023-01-25T04:00:00,42920099999,OZAR AIR FORCE STATION /NASHIK ARPT,20.119,73.914,18.0,,55.66
2023-01-25T04:30:00,42920099999,OZAR AIR FORCE STATION /NASHIK ARPT,20.119,73.914,20.0,,45.91
2023-01-25T05:00:00,42920099999,OZAR AIR FORCE STATION /NASHIK ARPT,20.119,73.914,20.0,,45.91
2023-01-25T05:30:00,42920099999,OZAR AIR FORCE STATION /NASHIK ARPT,20.119,73.914,22.0,,43.45
2023-01-25T06:00:00,42920099999,OZAR AIR FORCE STATION /NASHIK ARPT,20.119,73.914,23.0,,38.21
2023-01-25T06:30:00,42920099999,OZAR AIR FORCE STATION /NASHIK ARPT,20.119,73.914,23.0,,38.21
2023-01-25T07:00:00,42920099999,OZAR AIR FORCE STATION /NASHIK ARPT,20.119,73.914,24.0,,33.6
2023-01-25T07:30:00,42920099999,OZAR AIR FORCE STATION /NASHIK ARPT,20.119,73.914,24.0,,35.97
2023-01-25T08:00:00,42920099999,OZAR AIR FORCE STATION /NASHIK ARPT,20.119,73.914,24.0,,38.49
2023-01-25T09:00:00,42920099999,OZAR AIR FORCE STATION /NASHIK ARPT,20.119,73.914,26.0,,34.17
2023-01-25T09:30:00,42920099999,OZAR AIR FORCE STATION /NASHIK ARPT,20.119,73.914,26.0,,34.17
2023-01-25T10:00:00,42920099999,OZAR AIR FORCE STATION /NASHIK ARPT,20.119,73.914,25.0,,36.26
2023-01-25T10:30:00,42920099999,OZAR AIR FORCE STATION /NASHIK ARPT,20.119,73.914,25.0,,36.26
2023-01-25T11:00:00,42920099999,OZAR AIR FORCE STATION /NASHIK ARPT,20.119,73.914,24.0,,38.49
2023-01-25T12:30:00,42920099999,OZAR AIR FORCE STATION /NASHIK ARPT,20.119,73.914,24.0,,41.17
2023-01-25T13:30:00,42920099999,OZAR AIR FORCE STATION /NASHIK ARPT,20.119,73.914,20.0,,45.91
2023-01-25T14:00:00,42920099999,OZAR AIR FORCE STATION /NASHIK ARPT,20.119,73.914,19.0,,48.86
2023-01-26T01:30:00,42920099999,OZAR AIR FORCE STATION /NASHIK ARPT,20.119,73.914,11.0,,87.48
2023-01-26T02:00:00,42920099999,OZAR AIR FORCE STATION /NASHIK ARPT,20.119,73.914,11.0,,87.48
2023-01-26T02:30:00,42920099999,OZAR AIR FORCE STATION /NASHIK ARPT,20.119,73.914,11.0,,87.48
2023-01-26T04:00:00,42920099999,OZAR AIR FORCE STATION /NASHIK ARPT,20.119,73.914,20.0,,56.16
2023-01-26T06:00:00,42920099999,OZAR AIR FORCE STATION /NASHIK ARPT,20.119,73.914,24.0,,44.01
2023-01-26T06:30:00,42920099999,OZAR AIR FORCE STATION /NASHIK ARPT,20.119,73.914,25.0,,41.45
2023-01-26T07:00:00,42920099999,OZAR AIR FORCE STATION /NASHIK ARPT,20.119,73.914,26.0,,39.06
2023-01-26T08:00:00,42920099999,OZAR AIR FORCE STATION /NASHIK ARPT,20.119,73.914,27.0,,39.34
2023-01-26T09:00:00,42920099999,OZAR AIR FORCE STATION /NASHIK ARPT,20.119,73.914,27.0,,39.34
2023-01-26T10:00:00,42920099999,OZAR AIR FORCE STATION /NASHIK ARPT,20.119,73.914,28.0,,34.73
2023-01-26T11:00:00,42920099999,OZAR AIR FORCE STATION /NASHIK ARPT,20.119,73.914,27.0,,39.34
2023-01-26T12:00:00,42920099999,OZAR AIR FORCE STATION /NASHIK ARPT,20.119,73.914,26.0,,41.73
2023-01-26T13:00:00,42920099999,OZAR AIR FORCE STATION /NASHIK ARPT,20.119,73.914,23.0,,53.32
2023-01-26T14:00:00,42920099999,OZAR AIR FORCE STATION /NASHIK ARPT,20.119,73.914,22.0,,56.66
2023-01-26T15:00:00,42920099999,OZAR AIR FORCE STATION /NASHIK ARPT,20.119,73.914,21.0,,60.24
2023-01-26T15:30:00,42920099999,OZAR AIR FORCE STATION /NASHIK ARPT,20.119,73.914,23.0,,56.91
2023-01-27T02:00:00,42920099999,OZAR AIR FORCE STATION /NASHIK ARPT,20.119,73.914,16.0,,100.0
2023-01-27T02:30:00,42920099999,OZAR AIR FORCE STATION /NASHIK ARPT,20.119,73.914,17.0,,100.0
2023-01-27T03:00:00,42920099999,OZAR AIR FORCE STATION /NASHIK ARPT,20.119,73.914,19.0,,100.0
2023-01-27T03:30:00,42920099999,OZAR AIR FORCE STATION /NASHIK ARPT,20.119,73.914,19.0,,93.93
2023-01-27T04:00:00,42920099999,OZAR AIR FORCE STATION /NASHIK ARPT,20.119,73.914,20.0,,100.0
2023-01-27T04:30:00,42920099999,OZAR AIR FORCE STATION /NASHIK ARPT,20.119,73.914,21.0,,94.02
2023-01-27T05:00:00,42920099999,OZAR AIR FORCE STATION /NASHIK ARPT,20.119,73.914,22.0,,83.11
2023-01-27T05:30:00,42920099999,OZAR AIR FORCE STATION /NASHIK ARPT,20.119,73.914,22.0,,73.29
2023-01-27T06:00:00,42920099999,OZAR AIR FORCE STATION /NASHIK ARPT,20.119,73.914,23.0,,64.72
2023-01-27T06:30:00,42920099999,OZAR AIR FORCE STATION /NASHIK ARPT,20.119,73.914,24.0,,57.15
2023-01-27T07:00:00,42920099999,OZAR AIR FORCE STATION /NASHIK ARPT,20.119,73.914,26.0,,47.55
2023-01-27T07:30:00,42920099999,OZAR AIR FORCE STATION /NASHIK ARPT,20.119,73.914,26.0,,47.55
2023-01-27T08:00:00,42920099999,OZAR AIR FORCE STATION /NASHIK ARPT,20.119,73.914,27.0,,44.83
2023-01-27T08:30:00,42920099999,OZAR AIR FORCE STATION /NASHIK ARPT,20.119,73.914,27.0,,44.83
2023-01-27T09:30:00,42920099999,OZAR AIR FORCE STATION /NASHIK ARPT,20.119,73.914,28.0,,39.62
2023-01-27T10:00:00,42920099999,OZAR AIR FORCE STATION /NASHIK ARPT,20.119,73.914,28.0,,34.73
2023-01-27T11:00:00,42920099999,OZAR AIR FORCE STATION /NASHIK ARPT,20.119,73.914,27.0,,39.34
2023-01-27T12:00:00,42920099999,OZAR AIR FORCE STATION /NASHIK ARPT,20.119,73.914,27.0,,36.82
2023-01-27T12:30:00,42920099999,OZAR AIR FORCE STATION /NASHIK ARPT,20.119,73.914,25.0,,41.45
2023-01-27T13:00:00,42920099999,OZAR AIR FORCE STATION /NASHIK ARPT,20.119,73.914,24.0,,50.2
2023-01-27T14:00:00,42920099999,OZAR AIR FORCE STATION /NASHIK ARPT,20.119,73.914,22.0,,53.06
2023-01-28T01:30:00,42920099999,OZAR AIR FORCE STATION /NASHIK ARPT,20.119,73.914,15.0,,100.0
2023-01-28T02:00:00,42920099999,OZAR AIR FORCE STATION /NASHIK ARPT,20.119,73.914,15.0,,100.0
2023-01-28T02:30:00,42920099999,OZAR AIR FORCE STATION /NASHIK ARPT,20.119,73.914,12.0,,100.0
2023-01-28T03:00:00,42920099999,OZAR AIR FORCE STATION /NASHIK ARPT,20.119,73.914,16.0,,93.79
2023-01-28T04:00:00,42920099999,OZAR AIR FORCE STATION /NASHIK ARPT,20.119,73.914,21.0,,64.29
2023-01-28T04:30:00,42920099999,OZAR AIR FORCE STATION /NASHIK ARPT,20.119,73.914,23.0,,53.32
2023-01-28T05:00:00,42920099999,OZAR AIR FORCE STATION /NASHIK ARPT,20.119,73.914,24.0,,47.01
2023-01-28T05:30:00,42920099999,OZAR AIR FORCE STATION /NASHIK ARPT,20.119,73.914,25.0,,44.28
2023-01-28T06:00:00,42920099999,OZAR AIR FORCE STATION /NASHIK ARPT,20.119,73.914,26.0,,39.06
2023-01-28T06:30:00,42920099999,OZAR AIR FORCE STATION /NASHIK ARPT,20.119,73.914,27.0,,34.45
2023-01-28T07:00:00,42920099999,OZAR AIR FORCE STATION /NASHIK ARPT,20.119,73.914,28.0,,26.52
2023-01-28T07:30:00,42920099999,OZAR AIR FORCE STATION /NASHIK ARPT,20.119,73.914,29.0,,25.02
2023-01-28T08:00:00,42920099999,OZAR AIR FORCE STATION /NASHIK ARPT,20.119,73.914,29.0,,25.02
2023-01-28T09:00:00,42920099999,OZAR AIR FORCE STATION /NASHIK ARPT,20.119,73.914,30.0,,23.62
2023-01-28T09:30:00,42920099999,OZAR AIR FORCE STATION /NASHIK ARPT,20.119,73.914,30.0,,22.05
2023-01-28T10:00:00,42920099999,OZAR AIR FORCE STATION /NASHIK ARPT,20.119,73.914,30.0,,22.05
2023-01-28T10:30:00,42920099999,OZAR AIR FORCE STATION /NASHIK ARPT,20.119,73.914,30.0,,22.05
2023-01-28T11:00:00,42920099999,OZAR AIR FORCE STATION /NASHIK ARPT,20.119,73.914,29.0,,23.36
2023-01-28T12:00:00,42920099999,OZAR AIR FORCE STATION /NASHIK ARPT,20.119,73.914,28.0,,26.52
2023-01-28T13:00:00,42920099999,OZAR AIR FORCE STATION /NASHIK ARPT,20.119,73.914,23.0,,40.89
2023-01-28T14:00:00,42920099999,OZAR AIR FORCE STATION /NASHIK ARPT,20.119,73.914,21.0,,49.4
2023-01-29T01:30:00,42920099999,OZAR AIR FORCE STATION /NASHIK ARPT,20.119,73.914,12.0,,87.57
2023-01-29T02:00:00,42920099999,OZAR AIR FORCE STATION /NASHIK ARPT,20.119,73.914,11.0,,87.48
2023-01-29T02:30:00,42920099999,OZAR AIR FORCE STATION /NASHIK ARPT,20.119,73.914,12.0,,93.6
2023-01-29T03:00:00,42920099999,OZAR AIR FORCE STATION /NASHIK ARPT,20.119,73.914,15.0,,82.26
2023-01-29T04:00:00,42920099999,OZAR AIR FORCE STATION /NASHIK ARPT,20.119,73.914,21.0,,56.41
2023-01-29T04:30:00,42920099999,OZAR AIR FORCE STATION /NASHIK ARPT,20.119,73.914,23.0,,46.74
2023-01-29T05:00:00,42920099999,OZAR AIR FORCE STATION /NASHIK ARPT,20.119,73.914,24.0,,47.01
2023-01-29T06:00:00,42920099999,OZAR AIR FORCE STATION /NASHIK ARPT,20.119,73.914,26.0,,39.06
2023-01-29T06:30:00,42920099999,OZAR AIR FORCE STATION /NASHIK ARPT,20.119,73.914,26.0,,36.54
2023-01-29T07:00:00,42920099999,OZAR AIR FORCE STATION /NASHIK ARPT,20.119,73.914,27.0,,32.21
2023-01-29T07:30:00,42920099999,OZAR AIR FORCE STATION /NASHIK ARPT,20.119,73.914,28.0,,30.38
2023-01-29T08:00:00,42920099999,OZAR AIR FORCE STATION /NASHIK ARPT,20.119,73.914,28.0,,30.38
2023-01-29T08:30:00,42920099999,OZAR AIR FORCE STATION /NASHIK ARPT,20.119,73.914,28.0,,30.38
2023-01-29T09:00:00,42920099999,OZAR AIR FORCE STATION /NASHIK ARPT,20.119,73.914,29.0,,28.66
2023-01-29T10:00:00,42920099999,OZAR AIR FORCE STATION /NASHIK ARPT,20.119,73.914,29.0,,30.66
2023-01-29T10:30:00,42920099999,OZAR AIR FORCE STATION /NASHIK ARPT,20.119,73.914,28.0,,34.73
2023-01-29T11:00:00,42920099999,OZAR AIR FORCE STATION /NASHIK ARPT,20.119,73.914,28.0,,34.73
2023-01-29T11:30:00,42920099999,OZAR AIR FORCE STATION /NASHIK ARPT,20.119,73.914,28.0,,34.73
2023-01-29T12:00:00,42920099999,OZAR AIR FORCE STATION /NASHIK ARPT,20.119,73.914,27.0,,42.01
2023-01-29T12:30:00,42920099999,OZAR AIR FORCE STATION /NASHIK ARPT,20.119,73.914,26.0,,44.56
2023-01-29T14:00:00,42920099999,OZAR AIR FORCE STATION /NASHIK ARPT,20.119,73.914,22.0,,78.06
2023-01-29T16:00:00,42920099999,OZAR AIR FORCE STATION /NASHIK ARPT,20.119,73.914,19.0,,93.93
2023-01-30T01:30:00,42920099999,OZAR AIR FORCE STATION /NASHIK ARPT,20.119,73.914,12.0,,100.0
2023-01-30T02:00:00,42920099999,OZAR AIR FORCE STATION /NASHIK ARPT,20.119,73.914,12.0,,100.0
2023-01-30T02:30:00,42920099999,OZAR AIR FORCE STATION /NASHIK ARPT,20.119,73.914,14.0,,100.0
2023-01-30T04:00:00,42920099999,OZAR AIR FORCE STATION /NASHIK ARPT,20.119,73.914,17.0,,100.0
2023-01-30T05:00:00,42920099999,OZAR AIR FORCE STATION /NASHIK ARPT,20.119,73.914,23.0,,68.97
2023-01-30T05:30:00,42920099999,OZAR AIR FORCE STATION /NASHIK ARPT,20.119,73.914,23.0,,64.72
2023-01-30T06:00:00,42920099999,OZAR AIR FORCE STATION /NASHIK ARPT,20.119,73.914,25.0,,57.39
2023-01-30T06:30:00,42920099999,OZAR AIR FORCE STATION /NASHIK ARPT,20.119,73.914,26.0,,47.55
2023-01-30T07:00:00,42920099999,OZAR AIR FORCE STATION /NASHIK ARPT,20.119,73.914,27.0,,47.82
2023-01-30T07:30:00,42920099999,OZAR AIR FORCE STATION /NASHIK ARPT,20.119,73.914,27.0,,47.82
2023-01-30T08:00:00,42920099999,OZAR AIR FORCE STATION /NASHIK ARPT,20.119,73.914,27.0,,47.82
2023-01-30T08:30:00,42920099999,OZAR AIR FORCE STATION /NASHIK ARPT,20.119,73.914,27.0,,44.83
2023-01-30T09:00:00,42920099999,OZAR AIR FORCE STATION /NASHIK ARPT,20.119,73.914,27.0,,44.83
2023-01-30T09:30:00,42920099999,OZAR AIR FORCE STATION /NASHIK ARPT,20.119,73.914,27.0,,44.83
2023-01-30T10:00:00,42920099999,OZAR AIR FORCE STATION /NASHIK ARPT,20.119,73.914,27.0,,42.01
2023-01-30T10:30:00,42920099999,OZAR AIR FORCE STATION /NASHIK ARPT,20.119,73.914,27.0,,42.01
2023-01-30T11:00:00,42920099999,OZAR AIR FORCE STATION /NASHIK ARPT,20.119,73.914,27.0,,42.01
2023-01-30T11:30:00,42920099999,OZAR AIR FORCE STATION /NASHIK ARPT,20.119,73.914,27.0,,42.01
2023-01-30T12:00:00,42920099999,OZAR AIR FORCE STATION /NASHIK ARPT,20.119,73.914,26.0,,47.55
2023-01-30T13:00:00,42920099999,OZAR AIR FORCE STATION /NASHIK ARPT,20.119,73.914,23.0,,60.7
2023-01-30T13:30:00,42920099999,OZAR AIR FORCE STATION /NASHIK ARPT,20.119,73.914,23.0,,64.72
2023-01-30T14:00:00,42920099999,OZAR AIR FORCE STATION /NASHIK ARPT,20.119,73.914,22.0,,68.77
2023-01-30T15:30:00,42920099999,OZAR AIR FORCE STATION /NASHIK ARPT,20.119,73.914,20.0,,77.77
2023-01-30T16:00:00,42920099999,OZAR AIR FORCE STATION /NASHIK ARPT,20.119,73.914,19.0,,82.75
2023-01-30T16:30:00,42920099999,OZAR AIR FORCE STATION /NASHIK ARPT,20.119,73.914,19.0,,82.75
2023-01-31T01:30:00,42920099999,OZAR AIR FORCE STATION /NASHIK ARPT,20.119,73.914,16.0,,87.93
2023-01-31T02:00:00,42920099999,OZAR AIR FORCE STATION /NASHIK ARPT,20.119,73.914,13.0,,93.65
2023-01-31T02:30:00,42920099999,OZAR AIR FORCE STATION /NASHIK ARPT,20.119,73.914,14.0,,100.0
2023-01-31T03:00:00,42920099999,OZAR AIR FORCE STATION /NASHIK ARPT,20.119,73.914,17.0,,93.84
2023-01-31T03:30:00,42920099999,OZAR AIR FORCE STATION /NASHIK ARPT,20.119,73.914,19.0,,82.75
2023-01-31T04:00:00,42920099999,OZAR AIR FORCE STATION /NASHIK ARPT,20.119,73.914,21.0,,73.11
2023-01-31T04:30:00,42920099999,OZAR AIR FORCE STATION /NASHIK ARPT,20.119,73.914,22.0,,68.77
2023-01-31T05:00:00,42920099999,OZAR AIR FORCE STATION /NASHIK ARPT,20.119,73.914,24.0,,60.93
2023-01-31T05:30:00,42920099999,OZAR AIR FORCE STATION /NASHIK ARPT,20.119,73.914,24.0,,60.93
2023-01-31T06:00:00,42920099999,OZAR AIR FORCE STATION /NASHIK ARPT,20.119,73.914,26.0,,50.73
2023-01-31T06:30:00,42920099999,OZAR AIR FORCE STATION /NASHIK ARPT,20.119,73.914,27.0,,47.82
2023-01-31T07:00:00,42920099999,OZAR AIR FORCE STATION /NASHIK ARPT,20.119,73.914,27.0,,44.83
2023-01-31T07:30:00,42920099999,OZAR AIR FORCE STATION /NASHIK ARPT,20.119,73.914,27.0,,44.83
2023-01-31T08:00:00,42920099999,OZAR AIR FORCE STATION /NASHIK ARPT,20.119,73.914,27.0,,42.01
2023-01-31T08:30:00,42920099999,OZAR AIR FORCE STATION /NASHIK ARPT,20.119,73.914,28.0,,39.62
2023-01-31T09:00:00,42920099999,OZAR AIR FORCE STATION /NASHIK ARPT,20.119,73.914,28.0,,37.1
2023-01-31T09:30:00,42920099999,OZAR AIR FORCE STATION /NASHIK ARPT,20.119,73.914,28.0,,34.73
2023-01-31T10:00:00,42920099999,OZAR AIR FORCE STATION /NASHIK ARPT,20.119,73.914,29.0,,26.79
2023-01-31T11:00:00,42920099999,OZAR AIR FORCE STATION /NASHIK ARPT,20.119,73.914,28.0,,30.38
2023-01-31T11:30:00,42920099999,OZAR AIR FORCE STATION /NASHIK ARPT,20.119,73.914,28.0,,28.39
2023-01-31T12:00:00,42920099999,OZAR AIR FORCE STATION /NASHIK ARPT,20.119,73.914,27.0,,28.12
2023-01-31T13:00:00,42920099999,OZAR AIR FORCE STATION /NASHIK ARPT,20.119,73.914,23.0,,35.69
2023-01-31T13:30:00,42920099999,OZAR AIR FORCE STATION /NASHIK ARPT,20.119,73.914,22.0,,43.45
2023-01-31T14:00:00,42920099999,OZAR AIR FORCE STATION /NASHIK ARPT,20.119,73.914,21.0,,56.41
2023-01-31T15:00:00,42920099999,OZAR AIR FORCE STATION /NASHIK ARPT,20.119,73.914,21.0,,64.29
2023-01-31T16:00:00,42920099999,OZAR AIR FORCE STATION /NASHIK ARPT,20.119,73.914,21.0,,68.58
2023-01-31T16:30:00,42920099999,OZAR AIR FORCE STATION /NASHIK ARPT,20.119,73.914,19.0,,82.75
2023-01-31T17:00:00,42920099999,OZAR AIR FORCE STATION /NASHIK ARPT,20.119,73.914,19.0,,77.62
2023-02-01T02:00:00,42920099999,OZAR AIR FORCE STATION /NASHIK ARPT,20.119,73.914,14.0,,100.0
2023-02-01T02:30:00,42920099999,OZAR AIR FORCE STATION /NASHIK ARPT,20.119,73.914,15.0,,100.0
2023-02-01T03:30:00,42920099999,OZAR AIR FORCE STATION /NASHIK ARPT,20.119,73.914,18.0,,88.1
2023-02-01T04:00:00,42920099999,OZAR AIR FORCE STATION /NASHIK ARPT,20.119,73.914,19.0,,72.76
2023-02-01T04:30:00,42920099999,OZAR AIR FORCE STATION /NASHIK ARPT,20.119,73.914,21.0,,60.24
2023-02-01T05:00:00,42920099999,OZAR AIR FORCE STATION /NASHIK ARPT,20.119,73.914,22.0,,56.66
2023-02-01T05:30:00,42920099999,OZAR AIR FORCE STATION /NASHIK ARPT,20.119,73.914,23.0,,49.93
2023-02-01T06:00:00,42920099999,OZAR AIR FORCE STATION /NASHIK ARPT,20.119,73.914,24.0,,44.01
2023-02-01T06:30:00,42920099999,OZAR AIR FORCE STATION /NASHIK ARPT,20.119,73.914,24.0,,44.01
2023-02-01T07:00:00,42920099999,OZAR AIR FORCE STATION /NASHIK ARPT,20.119,73.914,25.0,,38.78
2023-02-01T07:30:00,42920099999,OZAR AIR FORCE STATION /NASHIK ARPT,20.119,73.914,26.0,,34.17
2023-02-01T08:00:00,42920099999,OZAR AIR FORCE STATION /NASHIK ARPT,20.119,73.914,26.0,,34.17
2023-02-01T08:30:00,42920099999,OZAR AIR FORCE STATION /NASHIK ARPT,20.119,73.914,27.0,,34.45
2023-02-01T09:00:00,42920099999,OZAR AIR FORCE STATION /NASHIK ARPT,20.119,73.914,26.0,,36.54
2023-02-01T09:30:00,42920099999,OZAR AIR FORCE STATION /NASHIK ARPT,20.119,73.914,26.0,,36.54
2023-02-01T10:00:00,42920099999,OZAR AIR FORCE STATION /NASHIK ARPT,20.119,73.914,26.0,,39.06
2023-02-01T11:00:00,42920099999,OZAR AIR FORCE STATION /NASHIK ARPT,20.119,73.914,26.0,,39.06
2023-02-01T11:30:00,42920099999,OZAR AIR FORCE STATION /NASHIK ARPT,20.119,73.914,25.0,,41.45
2023-02-01T12:00:00,42920099999,OZAR AIR FORCE STATION /NASHIK ARPT,20.119,73.914,25.0,,36.26
2023-02-01T12:30:00,42920099999,OZAR AIR FORCE STATION /NASHIK ARPT,20.119,73.914,24.0,,35.97
2023-02-01T13:00:00,42920099999,OZAR AIR FORCE STATION /NASHIK ARPT,20.119,73.914,22.0,,40.6
2023-02-01T13:30:00,42920099999,OZAR AIR FORCE STATION /NASHIK ARPT,20.119,73.914,21.0,,46.19
2023-02-01T14:00:00,42920099999,OZAR AIR FORCE STATION /NASHIK ARPT,20.119,73.914,20.0,,52.54
2023-02-01T14:30:00,42920099999,OZAR AIR FORCE STATION /NASHIK ARPT,20.119,73.914,19.0,,55.91
2023-02-01T15:00:00,42920099999,OZAR AIR FORCE STATION /NASHIK ARPT,20.119,73.914,19.0,,55.91
2023-02-01T16:00:00,42920099999,OZAR AIR FORCE STATION /NASHIK ARPT,20.119,73.914,17.0,,63.4
2023-02-01T17:00:00,42920099999,OZAR AIR FORCE STATION /NASHIK ARPT,20.119,73.914,17.0,,63.4
2023-02-02T01:30:00,42920099999,OZAR AIR FORCE STATION /NASHIK ARPT,20.119,73.914,11.0,,87.48
2023-02-02T02:00:00,42920099999,OZAR AIR FORCE STATION /NASHIK ARPT,20.119,73.914,15.0,,67.36
2023-02-02T02:30:00,42920099999,OZAR AIR FORCE STATION /NASHIK ARPT,20.119,73.914,13.0,,100.0
2023-02-02T03:00:00,42920099999,OZAR AIR FORCE STATION /NASHIK ARPT,20.119,73.914,17.0,,72.4
2023-02-02T03:30:00,42920099999,OZAR AIR FORCE STATION /NASHIK ARPT,20.119,73.914,19.0,,48.86
2023-02-02T04:00:00,42920099999,OZAR AIR FORCE STATION /NASHIK ARPT,20.119,73.914,20.0,,42.88
2023-02-02T04:30:00,42920099999,OZAR AIR FORCE STATION /NASHIK ARPT,20.119,73.914,22.0,,37.92
2023-02-02T05:00:00,42920099999,OZAR AIR FORCE STATION /NASHIK ARPT,20.119,73.914,23.0,,35.69
2023-02-02T05:30:00,42920099999,OZAR AIR FORCE STATION /NASHIK ARPT,20.119,73.914,24.0,,33.6
2023-02-02T06:00:00,42920099999,OZAR AIR FORCE STATION /NASHIK ARPT,20.119,73.914,25.0,,31.65
2023-02-02T06:30:00,42920099999,OZAR AIR FORCE STATION /NASHIK ARPT,20.119,73.914,26.0,,29.82
2023-02-02T07:00:00,42920099999,OZAR AIR FORCE STATION /NASHIK ARPT,20.119,73.914,27.0,,28.12
2023-02-02T07:30:00,42920099999,OZAR AIR FORCE STATION /NASHIK ARPT,20.119,73.914,27.0,,28.12
2023-02-02T08:00:00,42920099999,OZAR AIR FORCE STATION /NASHIK ARPT,20.119,73.914,27.0,,30.1
2023-02-02T08:30:00,42920099999,OZAR AIR FORCE STATION /NASHIK ARPT,20.119,73.914,27.0,,28.12
2023-02-02T09:00:00,42920099999,OZAR AIR FORCE STATION /NASHIK ARPT,20.119,73.914,28.0,,26.52
2023-02-02T09:30:00,42920099999,OZAR AIR FORCE STATION /NASHIK ARPT,20.119,73.914,27.0,,30.1
2023-02-02T10:00:00,42920099999,OZAR AIR FORCE STATION /NASHIK ARPT,20.119,73.914,28.0,,26.52
2023-02-02T11:00:00,42920099999,OZAR AIR FORCE STATION /NASHIK ARPT,20.119,73.914,27.0,,30.1
2023-02-02T11:30:00,42920099999,OZAR AIR FORCE STATION /NASHIK ARPT,20.119,73.914,27.0,,26.25
2023-02-02T12:00:00,42920099999,OZAR AIR FORCE STATION /NASHIK ARPT,20.119,73.914,26.0,,29.82
2023-02-02T12:30:00,42920099999,OZAR AIR FORCE STATION /NASHIK ARPT,20.119,73.914,25.0,,31.65
2023-02-02T13:00:00,42920099999,OZAR AIR FORCE STATION /NASHIK ARPT,20.119,73.914,22.0,,43.45
2023-02-02T13:30:00,42920099999,OZAR AIR FORCE STATION /NASHIK ARPT,20.119,73.914,20.0,,45.91
2023-02-02T14:00:00,42920099999,OZAR AIR FORCE STATION /NASHIK ARPT,20.119,73.914,20.0,,45.91
2023-02-02T15:00:00,42920099999,OZAR AIR FORCE STATION /NASHIK ARPT,20.119,73.914,19.0,,52.28
2023-02-02T16:00:00,42920099999,OZAR AIR FORCE STATION /NASHIK ARPT,20.119,73.914,19.0,,52.28
2023-02-02T17:00:00,42920099999,OZAR AIR FORCE STATION /NASHIK ARPT,20.119,73.914,14.0,,76.84
2023-02-03T02:00:00,42920099999,OZAR AIR FORCE STATION /NASHIK ARPT,20.119,73.914,11.0,,81.75
2023-02-03T02:30:00,42920099999,OZAR AIR FORCE STATION /NASHIK ARPT,20.119,73.914,12.0,,76.52
2023-02-03T03:00:00,42920099999,OZAR AIR FORCE STATION /NASHIK ARPT,20.119,73.914,15.0,,67.36
2023-02-03T03:30:00,42920099999,OZAR AIR FORCE STATION /NASHIK ARPT,20.119,73.914,19.0,,39.75
2023-02-03T04:00:00,42920099999,OZAR AIR FORCE STATION /NASHIK ARPT,20.119,73.914,21.0,,26.46
2023-02-03T04:30:00,42920099999,OZAR AIR FORCE STATION /NASHIK ARPT,20.119,73.914,23.0,,25.16
2023-02-03T05:00:00,42920099999,OZAR AIR FORCE STATION /NASHIK ARPT,20.119,73.914,25.0,,22.31
2023-02-03T05:30:00,42920099999,OZAR AIR FORCE STATION /NASHIK ARPT,20.119,73.914,26.0,,19.57
2023-02-03T06:00:00,42920099999,OZAR AIR FORCE STATION /NASHIK ARPT,20.119,73.914,26.0,,19.57
2023-02-03T06:30:00,42920099999,OZAR AIR FORCE STATION /NASHIK ARPT,20.119,73.914,27.0,,19.82
2023-02-03T07:00:00,42920099999,OZAR AIR FORCE STATION /NASHIK ARPT,20.119,73.914,27.0,,21.28
2023-02-03T07:30:00,42920099999,OZAR AIR FORCE STATION /NASHIK ARPT,20.119,73.914,27.0,,22.84
2023-02-03T08:00:00,42920099999,OZAR AIR FORCE STATION /NASHIK ARPT,20.119,73.914,28.0,,21.54
2023-02-03T08:30:00,42920099999,OZAR AIR FORCE STATION /NASHIK ARPT,20.119,73.914,28.0,,21.54
2023-02-03T09:00:00,42920099999,OZAR AIR FORCE STATION /NASHIK ARPT,20.119,73.914,29.0,,21.79
2023-02-03T09:30:00,42920099999,OZAR AIR FORCE STATION /NASHIK ARPT,20.119,73.914,28.0,,23.1
2023-02-03T10:30:00,42920099999,OZAR AIR FORCE STATION /NASHIK ARPT,20.119,73.914,28.0,,26.52
2023-02-03T11:00:00,42920099999,OZAR AIR FORCE STATION /NASHIK ARPT,20.119,73.914,28.0,,24.76
2023-02-03T11:30:00,42920099999,OZAR AIR FORCE STATION /NASHIK ARPT,20.119,73.914,28.0,,24.76
2023-02-03T12:00:00,42920099999,OZAR AIR FORCE STATION /NASHIK ARPT,20.119,73.914,27.0,,28.12
2023-02-03T13:30:00,42920099999,OZAR AIR FORCE STATION /NASHIK ARPT,20.119,73.914,20.0,,42.88
2023-02-03T14:00:00,42920099999,OZAR AIR FORCE STATION /NASHIK ARPT,20.119,73.914,18.0,,48.58
2023-02-03T15:00:00,42920099999,OZAR AIR FORCE STATION /NASHIK ARPT,20.119,73.914,16.0,,59.04
2023-02-03T16:00:00,42920099999,OZAR AIR FORCE STATION /NASHIK ARPT,20.119,73.914,17.0,,63.4
2023-02-03T17:00:00,42920099999,OZAR AIR FORCE STATION /NASHIK ARPT,20.119,73.914,17.0,,55.4
2023-02-04T02:00:00,42920099999,OZAR AIR FORCE STATION /NASHIK ARPT,20.119,73.914,10.0,,81.62
2023-02-04T02:30:00,42920099999,OZAR AIR FORCE STATION /NASHIK ARPT,20.119,73.914,12.0,,87.57
2023-02-04T03:00:00,42920099999,OZAR AIR FORCE STATION /NASHIK ARPT,20.119,73.914,15.0,,77.0
2023-02-04T03:30:00,42920099999,OZAR AIR FORCE STATION /NASHIK ARPT,20.119,73.914,18.0,,59.52
2023-02-04T04:00:00,42920099999,OZAR AIR FORCE STATION /NASHIK ARPT,20.119,73.914,21.0,,40.32
2023-02-04T04:30:00,42920099999,OZAR AIR FORCE STATION /NASHIK ARPT,20.119,73.914,23.0,,31.08
2023-02-04T05:00:00,42920099999,OZAR AIR FORCE STATION /NASHIK ARPT,20.119,73.914,25.0,,17.97
2023-02-04T05:30:00,42920099999,OZAR AIR FORCE STATION /NASHIK ARPT,20.119,73.914,26.0,,18.21
2023-02-04T06:00:00,42920099999,OZAR AIR FORCE STATION /NASHIK ARPT,20.119,73.914,26.0,,18.21
2023-02-04T06:30:00,42920099999,OZAR AIR FORCE STATION /NASHIK ARPT,20.119,73.914,27.0,,15.96
2023-02-04T07:00:00,42920099999,OZAR AIR FORCE STATION /NASHIK ARPT,20.119,73.914,27.0,,18.45
2023-02-04T07:30:00,42920099999,OZAR AIR FORCE STATION /NASHIK ARPT,20.119,73.914,28.0,,18.7
2023-02-04T08:00:00,42920099999,OZAR AIR FORCE STATION /NASHIK ARPT,20.119,73.914,28.0,,21.54
2023-02-04T08:30:00,42920099999,OZAR AIR FORCE STATION /NASHIK ARPT,20.119,73.914,28.0,,21.54
2023-02-04T09:00:00,42920099999,OZAR AIR FORCE STATION /NASHIK ARPT,20.119,73.914,28.0,,21.54
2023-02-04T09:30:00,42920099999,OZAR AIR FORCE STATION /NASHIK ARPT,20.119,73.914,29.0,,18.94
2023-02-04T10:00:00,42920099999,OZAR AIR FORCE STATION /NASHIK ARPT,20.119,73.914,29.0,,18.94
2023-02-04T10:30:00,42920099999,OZAR AIR FORCE STATION /NASHIK ARPT,20.119,73.914,30.0,,19.18
2023-02-04T11:30:00,42920099999,OZAR AIR FORCE STATION /NASHIK ARPT,20.119,73.914,29.0,,20.32
2023-02-04T12:00:00,42920099999,OZAR AIR FORCE STATION /NASHIK ARPT,20.119,73.914,28.0,,23.1
2023-02-04T12:30:00,42920099999,OZAR AIR FORCE STATION /NASHIK ARPT,20.119,73.914,26.0,,27.84
2023-02-04T13:30:00,42920099999,OZAR AIR FORCE STATION /NASHIK ARPT,20.119,73.914,21.0,,35.12
2023-02-04T14:00:00,42920099999,OZAR AIR FORCE STATION /NASHIK ARPT,20.119,73.914,22.0,,37.92
2023-02-04T15:00:00,42920099999,OZAR AIR FORCE STATION /NASHIK ARPT,20.119,73.914,18.0,,52.01
2023-02-04T17:00:00,42920099999,OZAR AIR FORCE STATION /NASHIK ARPT,20.119,73.914,14.0,,76.84
2023-02-05T02:00:00,42920099999,OZAR AIR FORCE STATION /NASHIK ARPT,20.119,73.914,9.0,,87.29
2023-02-05T02:30:00,42920099999,OZAR AIR FORCE STATION /NASHIK ARPT,20.119,73.914,13.0,,76.68
2023-02-05T03:00:00,42920099999,OZAR AIR FORCE STATION /NASHIK ARPT,20.119,73.914,17.0,,55.4
2023-02-05T03:30:00,42920099999,OZAR AIR FORCE STATION /NASHIK ARPT,20.119,73.914,19.0,,48.86
2023-02-05T04:00:00,42920099999,OZAR AIR FORCE STATION /NASHIK ARPT,20.119,73.914,21.0,,35.12
2023-02-05T04:30:00,42920099999,OZAR AIR FORCE STATION /NASHIK ARPT,20.119,73.914,24.0,,27.29
2023-02-05T05:00:00,42920099999,OZAR AIR FORCE STATION /NASHIK ARPT,20.119,73.914,25.0,,22.31
2023-02-05T05:30:00,42920099999,OZAR AIR FORCE STATION /NASHIK ARPT,20.119,73.914,27.0,,18.45
2023-02-05T06:30:00,42920099999,OZAR AIR FORCE STATION /NASHIK ARPT,20.119,73.914,27.0,,19.82
2023-02-05T07:30:00,42920099999,OZAR AIR FORCE STATION /NASHIK ARPT,20.119,73.914,28.0,,18.7
2023-02-05T09:00:00,42920099999,OZAR AIR FORCE STATION /NASHIK ARPT,20.119,73.914,30.0,,19.18
2023-02-05T09:30:00,42920099999,OZAR AIR FORCE STATION /NASHIK ARPT,20.119,73.914,31.0,,18.12
2023-02-05T10:00:00,42920099999,OZAR AIR FORCE STATION /NASHIK ARPT,20.119,73.914,30.0,,19.18
2023-02-05T10:30:00,42920099999,OZAR AIR FORCE STATION /NASHIK ARPT,20.119,73.914,30.0,,19.18
2023-02-05T11:30:00,42920099999,OZAR AIR FORCE STATION /NASHIK ARPT,20.119,73.914,29.0,,20.32
2023-02-05T12:30:00,42920099999,OZAR AIR FORCE STATION /NASHIK ARPT,20.119,73.914,26.0,,25.98
2023-02-05T13:00:00,42920099999,OZAR AIR FORCE STATION /NASHIK ARPT,20.119,73.914,24.0,,29.27
2023-02-05T14:00:00,42920099999,OZAR AIR FORCE STATION /NASHIK ARPT,20.119,73.914,22.0,,37.92
2023-02-05T15:00:00,42920099999,OZAR AIR FORCE STATION /NASHIK ARPT,20.119,73.914,20.0,,49.13
2023-02-05T16:00:00,42920099999,OZAR AIR FORCE STATION /NASHIK ARPT,20.119,73.914,20.0,,49.13
2023-02-06T02:00:00,42920099999,OZAR AIR FORCE STATION /NASHIK ARPT,20.119,73.914,11.0,,81.75
2023-02-06T02:30:00,42920099999,OZAR AIR FORCE STATION /NASHIK ARPT,20.119,73.914,14.0,,71.85
2023-02-06T03:00:00,42920099999,OZAR AIR FORCE STATION /NASHIK ARPT,20.119,73.914,18.0,,52.01
2023-02-06T03:30:00,42920099999,OZAR AIR FORCE STATION /NASHIK ARPT,20.119,73.914,20.0,,49.13
2023-02-06T04:30:00,42920099999,OZAR AIR FORCE STATION /NASHIK ARPT,20.119,73.914,24.0,,35.97
2023-02-06T05:00:00,42920099999,OZAR AIR FORCE STATION /NASHIK ARPT,20.119,73.914,26.0,,29.82
2023-02-06T05:30:00,42920099999,OZAR AIR FORCE STATION /NASHIK ARPT,20.119,73.914,27.0,,26.25
2023-02-06T06:30:00,42920099999,OZAR AIR FORCE STATION /NASHIK ARPT,20.119,73.914,29.0,,25.02
2023-02-06T07:00:00,42920099999,OZAR AIR FORCE STATION /NASHIK ARPT,20.119,73.914,30.0,,20.57
2023-02-06T07:30:00,42920099999,OZAR AIR FORCE STATION /NASHIK ARPT,20.119,73.914,29.0,,21.79
2023-02-06T08:00:00,42920099999,OZAR AIR FORCE STATION /NASHIK ARPT,20.119,73.914,30.0,,23.62
2023-02-06T08:30:00,42920099999,OZAR AIR FORCE STATION /NASHIK ARPT,20.119,73.914,31.0,,22.31
2023-02-06T09:00:00,42920099999,OZAR AIR FORCE STATION /NASHIK ARPT,20.119,73.914,31.0,,20.82
2023-02-06T09:30:00,42920099999,OZAR AIR FORCE STATION /NASHIK ARPT,20.119,73.914,31.0,,19.43
2023-02-06T10:00:00,42920099999,OZAR AIR FORCE STATION /NASHIK ARPT,20.119,73.914,31.0,,16.88
2023-02-06T10:30:00,42920099999,OZAR AIR FORCE STATION /NASHIK ARPT,20.119,73.914,31.0,,15.72
2023-02-06T11:00:00,42920099999,OZAR AIR FORCE STATION /NASHIK ARPT,20.119,73.914,31.0,,16.88
2023-02-06T12:00:00,42920099999,OZAR AIR FORCE STATION /NASHIK ARPT,20.119,73.914,29.0,,18.94
2023-02-06T13:00:00,42920099999,OZAR AIR FORCE STATION /NASHIK ARPT,20.119,73.914,25.0,,29.55
2023-02-06T13:30:00,42920099999,OZAR AIR FORCE STATION /NASHIK ARPT,20.119,73.914,23.0,,33.32
2023-02-06T14:30:00,42920099999,OZAR AIR FORCE STATION /NASHIK ARPT,20.119,73.914,22.0,,37.92
2023-02-06T15:00:00,42920099999,OZAR AIR FORCE STATION /NASHIK ARPT,20.119,73.914,22.0,,37.92
2023-02-06T16:00:00,42920099999,OZAR AIR FORCE STATION /NASHIK ARPT,20.119,73.914,20.0,,42.88
2023-02-06T16:30:00,42920099999,OZAR AIR FORCE STATION /NASHIK ARPT,20.119,73.914,20.0,,42.88
2023-02-07T01:30:00,42920099999,OZAR AIR FORCE STATION /NASHIK ARPT,20.119,73.914,10.0,,87.38
2023-02-07T02:00:00,42920099999,OZAR AIR FORCE STATION /NASHIK ARPT,20.119,73.914,13.0,,66.93
2023-02-07T02:30:00,42920099999,OZAR AIR FORCE STATION /NASHIK ARPT,20.119,73.914,16.0,,63.17
2023-02-07T03:00:00,42920099999,OZAR AIR FORCE STATION /NASHIK ARPT,20.119,73.914,19.0,,52.28
2023-02-07T03:30:00,42920099999,OZAR AIR FORCE STATION /NASHIK ARPT,20.119,73.914,22.0,,46.47
2023-02-07T04:00:00,42920099999,OZAR AIR FORCE STATION /NASHIK ARPT,20.119,73.914,23.0,,40.89
2023-02-07T04:30:00,42920099999,OZAR AIR FORCE STATION /NASHIK ARPT,20.119,73.914,25.0,,33.88
2023-02-07T05:00:00,42920099999,OZAR AIR FORCE STATION /NASHIK ARPT,20.119,73.914,27.0,,32.21
2023-02-07T05:30:00,42920099999,OZAR AIR FORCE STATION /NASHIK ARPT,20.119,73.914,27.0,,30.1
2023-02-07T06:00:00,42920099999,OZAR AIR FORCE STATION /NASHIK ARPT,20.119,73.914,27.0,,28.12
2023-02-07T06:30:00,42920099999,OZAR AIR FORCE STATION /NASHIK ARPT,20.119,73.914,28.0,,24.76
2023-02-07T07:00:00,42920099999,OZAR AIR FORCE STATION /NASHIK ARPT,20.119,73.914,29.0,,21.79
2023-02-07T07:30:00,42920099999,OZAR AIR FORCE STATION /NASHIK ARPT,20.119,73.914,29.0,,20.32
2023-02-07T08:00:00,42920099999,OZAR AIR FORCE STATION /NASHIK ARPT,20.119,73.914,29.0,,21.79
2023-02-07T09:00:00,42920099999,OZAR AIR FORCE STATION /NASHIK ARPT,20.119,73.914,29.0,,18.94
2023-02-07T09:30:00,42920099999,OZAR AIR FORCE STATION /NASHIK ARPT,20.119,73.914,29.0,,18.94
2023-02-07T10:00:00,42920099999,OZAR AIR FORCE STATION /NASHIK ARPT,20.119,73.914,31.0,,16.88
2023-02-07T10:30:00,42920099999,OZAR AIR FORCE STATION /NASHIK ARPT,20.119,73.914,30.0,,17.88
2023-02-07T11:00:00,42920099999,OZAR AIR FORCE STATION /NASHIK ARPT,20.119,73.914,30.0,,17.88
2023-02-07T11:30:00,42920099999,OZAR AIR FORCE STATION /NASHIK ARPT,20.119,73.914,29.0,,18.94
2023-02-07T12:00:00,42920099999,OZAR AIR FORCE STATION /NASHIK ARPT,20.119,73.914,29.0,,18.94
2023-02-07T12:30:00,42920099999,OZAR AIR FORCE STATION /NASHIK ARPT,20.119,73.914,27.0,,22.84
2023-02-07T13:00:00,42920099999,OZAR AIR FORCE STATION /NASHIK ARPT,20.119,73.914,24.0,,31.37
2023-02-07T13:30:00,42920099999,OZAR AIR FORCE STATION /NASHIK ARPT,20.119,73.914,21.0,,35.12
2023-02-07T14:00:00,42920099999,OZAR AIR FORCE STATION /NASHIK ARPT,20.119,73.914,22.0,,35.4
2023-02-07T15:00:00,42920099999,OZAR AIR FORCE STATION /NASHIK ARPT,20.119,73.914,21.0,,37.64
2023-02-07T15:30:00,42920099999,OZAR AIR FORCE STATION /NASHIK ARPT,20.119,73.914,18.0,,48.58
2023-02-07T16:00:00,42920099999,OZAR AIR FORCE STATION /NASHIK ARPT,20.119,73.914,19.0,,42.6
2023-02-07T16:30:00,42920099999,OZAR AIR FORCE STATION /NASHIK ARPT,20.119,73.914,17.0,,48.31
2023-02-08T01:30:00,42920099999,OZAR AIR FORCE STATION /NASHIK ARPT,20.119,73.914,10.0,,81.62
2023-02-08T02:00:00,42920099999,OZAR AIR FORCE STATION /NASHIK ARPT,20.119,73.914,10.0,,81.62
2023-02-08T02:30:00,42920099999,OZAR AIR FORCE STATION /NASHIK ARPT,20.119,73.914,13.0,,76.68
2023-02-08T03:00:00,42920099999,OZAR AIR FORCE STATION /NASHIK ARPT,20.119,73.914,17.0,,67.77
2023-02-08T03:30:00,42920099999,OZAR AIR FORCE STATION /NASHIK ARPT,20.119,73.914,20.0,,52.54
2023-02-08T04:00:00,42920099999,OZAR AIR FORCE STATION /NASHIK ARPT,20.119,73.914,24.0,,31.37
2023-02-08T04:30:00,42920099999,OZAR AIR FORCE STATION /NASHIK ARPT,20.119,73.914,25.0,,25.7
2023-02-08T05:00:00,42920099999,OZAR AIR FORCE STATION /NASHIK ARPT,20.119,73.914,25.0,,27.57
2023-02-08T05:30:00,42920099999,OZAR AIR FORCE STATION /NASHIK ARPT,20.119,73.914,27.0,,24.49
2023-02-08T06:00:00,42920099999,OZAR AIR FORCE STATION /NASHIK ARPT,20.119,73.914,28.0,,23.1
2023-02-08T06:30:00,42920099999,OZAR AIR FORCE STATION /NASHIK ARPT,20.119,73.914,29.0,,21.79
2023-02-08T07:00:00,42920099999,OZAR AIR FORCE STATION /NASHIK ARPT,20.119,73.914,29.0,,23.36
2023-02-08T08:00:00,42920099999,OZAR AIR FORCE STATION /NASHIK ARPT,20.119,73.914,30.0,,
2023-02-08T09:00:00,42920099999,OZAR AIR FORCE STATION /NASHIK ARPT,20.119,73.914,31.0,,22.31
2023-02-08T09:30:00,42920099999,OZAR AIR FORCE STATION /NASHIK ARPT,20.119,73.914,31.0,,18.12
2023-02-08T10:00:00,42920099999,OZAR AIR FORCE STATION /NASHIK ARPT,20.119,73.914,31.0,,16.88
2023-02-08T10:30:00,42920099999,OZAR AIR FORCE STATION /NASHIK ARPT,20.119,73.914,31.0,,15.72
2023-02-08T11:00:00,42920099999,OZAR AIR FORCE STATION /NASHIK ARPT,20.119,73.914,31.0,,15.72
2023-02-08T12:00:00,42920099999,OZAR AIR FORCE STATION /NASHIK ARPT,20.119,73.914,30.0,,20.57
2023-02-08T12:30:00,42920099999,OZAR AIR FORCE STATION /NASHIK ARPT,20.119,73.914,28.0,,24.76
2023-02-08T13:00:00,42920099999,OZAR AIR FORCE STATION /NASHIK ARPT,20.119,73.914,25.0,,36.26
2023-02-08T13:30:00,42920099999,OZAR AIR FORCE STATION /NASHIK ARPT,20.119,73.914,22.0,,37.92
2023-02-08T14:00:00,42920099999,OZAR AIR FORCE STATION /NASHIK ARPT,20.119,73.914,22.0,,46.47
2023-02-08T14:30:00,42920099999,OZAR AIR FORCE STATION /NASHIK ARPT,20.119,73.914,22.0,,46.47
2023-02-08T15:00:00,42920099999,OZAR AIR FORCE STATION /NASHIK ARPT,20.119,73.914,20.0,,52.54
2023-02-08T15:30:00,42920099999,OZAR AIR FORCE STATION /NASHIK ARPT,20.119,73.914,20.0,,49.13
2023-02-08T16:30:00,42920099999,OZAR AIR FORCE STATION /NASHIK ARPT,20.119,73.914,17.0,,59.28
2023-02-08T17:00:00,42920099999,OZAR AIR FORCE STATION /NASHIK ARPT,20.119,73.914,16.0,,59.04
2023-02-09T01:30:00,42920099999,OZAR AIR FORCE STATION /NASHIK ARPT,20.119,73.914,10.0,,81.62
2023-02-09T02:30:00,42920099999,OZAR AIR FORCE STATION /NASHIK ARPT,20.119,73.914,13.0,,82.01
2023-02-09T04:30:00,42920099999,OZAR AIR FORCE STATION /NASHIK ARPT,20.119,73.914,24.0,,31.37
2023-02-09T05:00:00,42920099999,OZAR AIR FORCE STATION /NASHIK ARPT,20.119,73.914,26.0,,24.22
2023-02-09T05:30:00,42920099999,OZAR AIR FORCE STATION /NASHIK ARPT,20.119,73.914,28.0,,21.54
2023-02-09T06:00:00,42920099999,OZAR AIR FORCE STATION /NASHIK ARPT,20.119,73.914,29.0,,20.32
2023-02-09T06:30:00,42920099999,OZAR AIR FORCE STATION /NASHIK ARPT,20.119,73.914,30.0,,17.88
2023-02-09T07:00:00,42920099999,OZAR AIR FORCE STATION /NASHIK ARPT,20.119,73.914,33.0,,16.18
2023-02-09T07:30:00,42920099999,OZAR AIR FORCE STATION /NASHIK ARPT,20.119,73.914,31.0,,20.82
2023-02-09T08:30:00,42920099999,OZAR AIR FORCE STATION /NASHIK ARPT,20.119,73.914,32.0,,13.83
2023-02-09T09:00:00,42920099999,OZAR AIR FORCE STATION /NASHIK ARPT,20.119,73.914,32.0,,14.86
2023-02-09T09:30:00,42920099999,OZAR AIR FORCE STATION /NASHIK ARPT,20.119,73.914,32.0,,14.86
2023-02-09T10:00:00,42920099999,OZAR AIR FORCE STATION /NASHIK ARPT,20.119,73.914,32.0,,13.83
2023-02-09T10:30:00,42920099999,OZAR AIR FORCE STATION /NASHIK ARPT,20.119,73.914,32.0,,11.96
2023-02-09T11:00:00,42920099999,OZAR AIR FORCE STATION /NASHIK ARPT,20.119,73.914,32.0,,12.87
2023-02-09T11:30:00,42920099999,OZAR AIR FORCE STATION /NASHIK ARPT,20.119,73.914,32.0,,9.58
2023-02-09T12:00:00,42920099999,OZAR AIR FORCE STATION /NASHIK ARPT,20.119,73.914,32.0,,9.58
2023-02-09T12:30:00,42920099999,OZAR AIR FORCE STATION /NASHIK ARPT,20.119,73.914,30.0,,13.41
2023-02-09T13:00:00,42920099999,OZAR AIR FORCE STATION /NASHIK ARPT,20.119,73.914,27.0,,21.28
2023-02-09T13:30:00,42920099999,OZAR AIR FORCE STATION /NASHIK ARPT,20.119,73.914,23.0,,28.99
2023-02-09T14:00:00,42920099999,OZAR AIR FORCE STATION /NASHIK ARPT,20.119,73.914,23.0,,28.99
2023-02-09T14:30:00,42920099999,OZAR AIR FORCE STATION /NASHIK ARPT,20.119,73.914,24.0,,27.29
2023-02-09T15:00:00,42920099999,OZAR AIR FORCE STATION /NASHIK ARPT,20.119,73.914,22.0,,30.8
2023-02-09T15:30:00,42920099999,OZAR AIR FORCE STATION /NASHIK ARPT,20.119,73.914,20.0,,37.35
2023-02-09T16:00:00,42920099999,OZAR AIR FORCE STATION /NASHIK ARPT,20.119,73.914,21.0,,35.12
2023-02-09T16:30:00,42920099999,OZAR AIR FORCE STATION /NASHIK ARPT,20.119,73.914,21.0,,35.12
2023-02-09T17:00:00,42920099999,OZAR AIR FORCE STATION /NASHIK ARPT,20.119,73.914,19.0,,39.75
2023-02-10T01:30:00,42920099999,OZAR AIR FORCE STATION /NASHIK ARPT,20.119,73.914,13.0,,66.93
2023-02-10T02:00:00,42920099999,OZAR AIR FORCE STATION /NASHIK ARPT,20.119,73.914,11.0,,71.28
2023-02-10T02:30:00,42920099999,OZAR AIR FORCE STATION /NASHIK ARPT,20.119,73.914,14.0,,67.15
2023-02-10T03:00:00,42920099999,OZAR AIR FORCE STATION /NASHIK ARPT,20.119,73.914,19.0,,39.75
2023-02-10T03:30:00,42920099999,OZAR AIR FORCE STATION /NASHIK ARPT,20.119,73.914,22.0,,40.6
2023-02-10T04:00:00,42920099999,OZAR AIR FORCE STATION /NASHIK ARPT,20.119,73.914,25.0,,33.88
2023-02-10T04:30:00,42920099999,OZAR AIR FORCE STATION /NASHIK ARPT,20.119,73.914,27.0,,24.49
2023-02-10T05:00:00,42920099999,OZAR AIR FORCE STATION /NASHIK ARPT,20.119,73.914,29.0,,18.94
2023-02-10T05:30:00,42920099999,OZAR AIR FORCE STATION /NASHIK ARPT,20.119,73.914,30.0,,20.57
2023-02-10T06:00:00,42920099999,OZAR AIR FORCE STATION /NASHIK ARPT,20.119,73.914,31.0,,16.88
2023-02-10T06:30:00,42920099999,OZAR AIR FORCE STATION /NASHIK ARPT,20.119,73.914,32.0,,14.86
2023-02-10T07:00:00,42920099999,OZAR AIR FORCE STATION /NASHIK ARPT,20.119,73.914,32.0,,13.83
2023-02-10T07:30:00,42920099999,OZAR AIR FORCE STATION /NASHIK ARPT,20.119,73.914,32.0,,13.83
2023-02-10T08:00:00,42920099999,OZAR AIR FORCE STATION /NASHIK ARPT,20.119,73.914,34.0,,9.93
2023-02-10T08:30:00,42920099999,OZAR AIR FORCE STATION /NASHIK ARPT,20.119,73.914,33.0,,10.51
2023-02-10T09:00:00,42920099999,OZAR AIR FORCE STATION /NASHIK ARPT,20.119,73.914,34.0,,9.22
2023-02-10T09:30:00,42920099999,OZAR AIR FORCE STATION /NASHIK ARPT,20.119,73.914,33.0,,11.31
2023-02-10T10:00:00,42920099999,OZAR AIR FORCE STATION /NASHIK ARPT,20.119,73.914,33.0,,11.31
2023-02-10T10:30:00,42920099999,OZAR AIR FORCE STATION /NASHIK ARPT,20.119,73.914,34.0,,10.69
2023-02-10T11:00:00,42920099999,OZAR AIR FORCE STATION /NASHIK ARPT,20.119,73.914,35.0,,10.11
2023-02-10T12:00:00,42920099999,OZAR AIR FORCE STATION /NASHIK ARPT,20.119,73.914,33.0,,11.31
2023-02-10T12:30:00,42920099999,OZAR AIR FORCE STATION /NASHIK ARPT,20.119,73.914,30.0,,16.65
2023-02-10T13:00:00,42920099999,OZAR AIR FORCE STATION /NASHIK ARPT,20.119,73.914,27.0,,21.28
2023-02-10T13:30:00,42920099999,OZAR AIR FORCE STATION /NASHIK ARPT,20.119,73.914,25.0,,22.31
2023-02-10T14:00:00,42920099999,OZAR AIR FORCE STATION /NASHIK ARPT,20.119,73.914,24.0,,23.69
2023-02-10T14:30:00,42920099999,OZAR AIR FORCE STATION /NASHIK ARPT,20.119,73.914,24.0,,23.69
2023-02-10T15:00:00,42920099999,OZAR AIR FORCE STATION /NASHIK ARPT,20.119,73.914,22.0,,30.8
2023-02-10T15:30:00,42920099999,OZAR AIR FORCE STATION /NASHIK ARPT,20.119,73.914,21.0,,32.75
2023-02-10T16:30:00,42920099999,OZAR AIR FORCE STATION /NASHIK ARPT,20.119,73.914,17.0,,45.07
2023-02-11T01:30:00,42920099999,OZAR AIR FORCE STATION /NASHIK ARPT,20.119,73.914,9.0,,70.89
2023-02-11T02:00:00,42920099999,OZAR AIR FORCE STATION /NASHIK ARPT,20.119,73.914,10.0,,66.29
2023-02-11T02:30:00,42920099999,OZAR AIR FORCE STATION /NASHIK ARPT,20.119,73.914,13.0,,58.3
2023-02-11T03:00:00,42920099999,OZAR AIR FORCE STATION /NASHIK ARPT,20.119,73.914,17.0,,45.07
2023-02-11T03:30:00,42920099999,OZAR AIR FORCE STATION /NASHIK ARPT,20.119,73.914,22.0,,33.03
2023-02-11T04:00:00,42920099999,OZAR AIR FORCE STATION /NASHIK ARPT,20.119,73.914,26.0,,22.57
2023-02-11T04:30:00,42920099999,OZAR AIR FORCE STATION /NASHIK ARPT,20.119,73.914,27.0,,24.49
2023-02-11T05:00:00,42920099999,OZAR AIR FORCE STATION /NASHIK ARPT,20.119,73.914,29.0,,17.64
2023-02-11T05:30:00,42920099999,OZAR AIR FORCE STATION /NASHIK ARPT,20.119,73.914,30.0,,17.88
2023-02-11T06:00:00,42920099999,OZAR AIR FORCE STATION /NASHIK ARPT,20.119,73.914,31.0,,15.72
2023-02-11T06:30:00,42920099999,OZAR AIR FORCE STATION /NASHIK ARPT,20.119,73.914,32.0,,9.58
2023-02-11T07:00:00,42920099999,OZAR AIR FORCE STATION /NASHIK ARPT,20.119,73.914,33.0,,9.05
2023-02-11T09:00:00,42920099999,OZAR AIR FORCE STATION /NASHIK ARPT,20.119,73.914,34.0,,6.31
2023-02-11T09:30:00,42920099999,OZAR AIR FORCE STATION /NASHIK ARPT,20.119,73.914,34.0,,6.82
2023-02-11T10:00:00,42920099999,OZAR AIR FORCE STATION /NASHIK ARPT,20.119,73.914,33.0,,7.78
2023-02-11T10:30:00,42920099999,OZAR AIR FORCE STATION /NASHIK ARPT,20.119,73.914,33.0,,7.21
2023-02-11T11:00:00,42920099999,OZAR AIR FORCE STATION /NASHIK ARPT,20.119,73.914,33.0,,8.4
2023-02-11T11:30:00,42920099999,OZAR AIR FORCE STATION /NASHIK ARPT,20.119,73.914,32.0,,9.58
2023-02-11T12:00:00,42920099999,OZAR AIR FORCE STATION /NASHIK ARPT,20.119,73.914,31.0,,12.66
2023-02-11T12:30:00,42920099999,OZAR AIR FORCE STATION /NASHIK ARPT,20.119,73.914,29.0,,17.64
2023-02-11T13:00:00,42920099999,OZAR AIR FORCE STATION /NASHIK ARPT,20.119,73.914,26.0,,24.22
2023-02-11T13:30:00,42920099999,OZAR AIR FORCE STATION /NASHIK ARPT,20.119,73.914,24.0,,27.29
2023-02-11T14:00:00,42920099999,OZAR AIR FORCE STATION /NASHIK ARPT,20.119,73.914,23.0,,33.32
2023-02-11T14:30:00,42920099999,OZAR AIR FORCE STATION /NASHIK ARPT,20.119,73.914,22.0,,37.92
2023-02-11T15:00:00,42920099999,OZAR AIR FORCE STATION /NASHIK ARPT,20.119,73.914,21.0,,43.17
2023-02-11T15:30:00,42920099999,OZAR AIR FORCE STATION /NASHIK ARPT,20.119,73.914,20.0,,45.91
2023-02-11T16:00:00,42920099999,OZAR AIR FORCE STATION /NASHIK ARPT,20.119,73.914,20.0,,45.91
2023-02-11T16:30:00,42920099999,OZAR AIR FORCE STATION /NASHIK ARPT,20.119,73.914,18.0,,52.01
2023-02-11T17:00:00,42920099999,OZAR AIR FORCE STATION /NASHIK ARPT,20.119,73.914,16.0,,55.14
2023-02-12T01:30:00,42920099999,OZAR AIR FORCE STATION /NASHIK ARPT,20.119,73.914,10.0,,87.38
2023-02-12T02:00:00,42920099999,OZAR AIR FORCE STATION /NASHIK ARPT,20.119,73.914,8.0,,81.35
2023-02-12T02:30:00,42920099999,OZAR AIR FORCE STATION /NASHIK ARPT,20.119,73.914,11.0,,81.75
2023-02-12T03:00:00,42920099999,OZAR AIR FORCE STATION /NASHIK ARPT,20.119,73.914,15.0,,72.03
2023-02-12T03:30:00,42920099999,OZAR AIR FORCE STATION /NASHIK ARPT,20.119,73.914,18.0,,59.52
2023-02-12T04:30:00,42920099999,OZAR AIR FORCE STATION /NASHIK ARPT,20.119,73.914,25.0,,22.31
2023-02-12T05:00:00,42920099999,OZAR AIR FORCE STATION /NASHIK ARPT,20.119,73.914,26.0,,21.03
2023-02-12T06:00:00,42920099999,OZAR AIR FORCE STATION /NASHIK ARPT,20.119,73.914,28.0,,15.05
2023-02-12T07:00:00,42920099999,OZAR AIR FORCE STATION /NASHIK ARPT,20.119,73.914,28.0,,17.4
2023-02-12T08:00:00,42920099999,OZAR AIR FORCE STATION /NASHIK ARPT,20.119,73.914,30.0,,13.41
2023-02-12T09:00:00,42920099999,OZAR AIR FORCE STATION /NASHIK ARPT,20.119,73.914,30.0,,14.42
2023-02-12T10:00:00,42920099999,OZAR AIR FORCE STATION /NASHIK ARPT,20.119,73.914,31.0,,13.62
2023-02-12T10:30:00,42920099999,OZAR AIR FORCE STATION /NASHIK ARPT,20.119,73.914,30.0,,14.42
2023-02-12T11:00:00,42920099999,OZAR AIR FORCE STATION /NASHIK ARPT,20.119,73.914,30.0,,12.46
2023-02-12T11:30:00,42920099999,OZAR AIR FORCE STATION /NASHIK ARPT,20.119,73.914,30.0,,12.46
2023-02-12T12:00:00,42920099999,OZAR AIR FORCE STATION /NASHIK ARPT,20.119,73.914,29.0,,14.2
2023-02-12T12:30:00,42920099999,OZAR AIR FORCE STATION /NASHIK ARPT,20.119,73.914,27.0,,18.45
2023-02-12T13:00:00,42920099999,OZAR AIR FORCE STATION /NASHIK ARPT,20.119,73.914,25.0,,23.96
2023-02-12T14:00:00,42920099999,OZAR AIR FORCE STATION /NASHIK ARPT,20.119,73.914,21.0,,30.52
2023-02-12T14:30:00,42920099999,OZAR AIR FORCE STATION /NASHIK ARPT,20.119,73.914,19.0,,34.54
2023-02-12T15:00:00,42920099999,OZAR AIR FORCE STATION /NASHIK ARPT,20.119,73.914,18.0,,42.31
2023-02-12T15:30:00,42920099999,OZAR AIR FORCE STATION /NASHIK ARPT,20.119,73.914,16.0,,51.48
2023-02-13T01:30:00,42920099999,OZAR AIR FORCE STATION /NASHIK ARPT,20.119,73.914,8.0,,81.35
2023-02-13T02:00:00,42920099999,OZAR AIR FORCE STATION /NASHIK ARPT,20.119,73.914,8.0,,81.35
2023-02-13T02:30:00,42920099999,OZAR AIR FORCE STATION /NASHIK ARPT,20.119,73.914,12.0,,71.47
2023-02-13T03:00:00,42920099999,OZAR AIR FORCE STATION /NASHIK ARPT,20.119,73.914,19.0,,42.6
2023-02-13T03:30:00,42920099999,OZAR AIR FORCE STATION /NASHIK ARPT,20.119,73.914,22.0,,30.8
2023-02-13T04:00:00,42920099999,OZAR AIR FORCE STATION /NASHIK ARPT,20.119,73.914,23.0,,27.01
2023-02-13T04:30:00,42920099999,OZAR AIR FORCE STATION /NASHIK ARPT,20.119,73.914,24.0,,25.43
2023-02-13T05:00:00,42920099999,OZAR AIR FORCE STATION /NASHIK ARPT,20.119,73.914,25.0,,23.96
2023-02-13T05:30:00,42920099999,OZAR AIR FORCE STATION /NASHIK ARPT,20.119,73.914,26.0,,24.22
2023-02-13T06:00:00,42920099999,OZAR AIR FORCE STATION /NASHIK ARPT,20.119,73.914,27.0,,22.84
2023-02-13T06:30:00,42920099999,OZAR AIR FORCE STATION /NASHIK ARPT,20.119,73.914,27.0,,22.84
2023-02-13T07:30:00,42920099999,OZAR AIR FORCE STATION /NASHIK ARPT,20.119,73.914,29.0,,18.94
2023-02-13T08:00:00,42920099999,OZAR AIR FORCE STATION /NASHIK ARPT,20.119,73.914,30.0,,16.65
2023-02-13T09:00:00,42920099999,OZAR AIR FORCE STATION /NASHIK ARPT,20.119,73.914,29.0,,17.64
2023-02-13T09:30:00,42920099999,OZAR AIR FORCE STATION /NASHIK ARPT,20.119,73.914,30.0,,17.88
2023-02-13T10:00:00,42920099999,OZAR AIR FORCE STATION /NASHIK ARPT,20.119,73.914,30.0,,17.88
2023-02-13T10:30:00,42920099999,OZAR AIR FORCE STATION /NASHIK ARPT,20.119,73.914,30.0,,14.42
2023-02-13T11:30:00,42920099999,OZAR AIR FORCE STATION /NASHIK ARPT,20.119,73.914,30.0,,12.46
2023-02-13T12:00:00,42920099999,OZAR AIR FORCE STATION /NASHIK ARPT,20.119,73.914,29.0,,17.64
2023-02-13T12:30:00,42920099999,OZAR AIR FORCE STATION /NASHIK ARPT,20.119,73.914,27.0,,21.28
2023-02-13T13:00:00,42920099999,OZAR AIR FORCE STATION /NASHIK ARPT,20.119,73.914,24.0,,29.27
2023-02-13T13:30:00,42920099999,OZAR AIR FORCE STATION /NASHIK ARPT,20.119,73.914,22.0,,35.4
2023-02-13T14:00:00,42920099999,OZAR AIR FORCE STATION /NASHIK ARPT,20.119,73.914,19.0,,37.06
2023-02-13T16:00:00,42920099999,OZAR AIR FORCE STATION /NASHIK ARPT,20.119,73.914,15.0,,44.5
2023-02-14T01:30:00,42920099999,OZAR AIR FORCE STATION /NASHIK ARPT,20.119,73.914,7.0,,65.63
2023-02-14T02:00:00,42920099999,OZAR AIR FORCE STATION /NASHIK ARPT,20.119,73.914,8.0,,70.7
2023-02-14T02:30:00,42920099999,OZAR AIR FORCE STATION /NASHIK ARPT,20.119,73.914,12.0,,71.47
2023-02-14T03:00:00,42920099999,OZAR AIR FORCE STATION /NASHIK ARPT,20.119,73.914,15.0,,58.79
2023-02-14T03:30:00,42920099999,OZAR AIR FORCE STATION /NASHIK ARPT,20.119,73.914,18.0,,48.58
2023-02-14T04:00:00,42920099999,OZAR AIR FORCE STATION /NASHIK ARPT,20.119,73.914,23.0,,21.79
2023-02-14T04:30:00,42920099999,OZAR AIR FORCE STATION /NASHIK ARPT,20.119,73.914,24.0,,17.72
2023-02-14T05:00:00,42920099999,OZAR AIR FORCE STATION /NASHIK ARPT,20.119,73.914,26.0,,15.73
2023-02-14T05:30:00,42920099999,OZAR AIR FORCE STATION /NASHIK ARPT,20.119,73.914,26.0,,15.73
2023-02-14T06:00:00,42920099999,OZAR AIR FORCE STATION /NASHIK ARPT,20.119,73.914,28.0,,13.99
2023-02-14T06:30:00,42920099999,OZAR AIR FORCE STATION /NASHIK ARPT,20.119,73.914,29.0,,14.2
2023-02-14T07:00:00,42920099999,OZAR AIR FORCE STATION /NASHIK ARPT,20.119,73.914,29.0,,12.26
2023-02-14T07:30:00,42920099999,OZAR AIR FORCE STATION /NASHIK ARPT,20.119,73.914,31.0,,11.77
2023-02-14T08:00:00,42920099999,OZAR AIR FORCE STATION /NASHIK ARPT,20.119,73.914,30.0,,13.41
2023-02-14T08:30:00,42920099999,OZAR AIR FORCE STATION /NASHIK ARPT,20.119,73.914,31.0,,11.77
2023-02-14T09:30:00,42920099999,OZAR AIR FORCE STATION /NASHIK ARPT,20.119,73.914,31.0,,12.66
2023-02-14T10:00:00,42920099999,OZAR AIR FORCE STATION /NASHIK ARPT,20.119,73.914,31.0,,12.66
2023-02-14T10:30:00,42920099999,OZAR AIR FORCE STATION /NASHIK ARPT,20.119,73.914,31.0,,11.77
2023-02-14T11:00:00,42920099999,OZAR AIR FORCE STATION /NASHIK ARPT,20.119,73.914,30.0,,12.46
2023-02-14T11:30:00,42920099999,OZAR AIR FORCE STATION /NASHIK ARPT,20.119,73.914,30.0,,13.41
2023-02-14T12:00:00,42920099999,OZAR AIR FORCE STATION /NASHIK ARPT,20.119,73.914,29.0,,14.2
2023-02-14T13:00:00,42920099999,OZAR AIR FORCE STATION /NASHIK ARPT,20.119,73.914,25.0,,20.77
2023-02-14T13:30:00,42920099999,OZAR AIR FORCE STATION /NASHIK ARPT,20.119,73.914,20.0,,28.14
2023-02-14T14:00:00,42920099999,OZAR AIR FORCE STATION /NASHIK ARPT,20.119,73.914,19.0,,32.17
2023-02-14T15:00:00,42920099999,OZAR AIR FORCE STATION /NASHIK ARPT,20.119,73.914,16.0,,48.03
2023-02-14T15:30:00,42920099999,OZAR AIR FORCE STATION /NASHIK ARPT,20.119,73.914,15.0,,44.5
2023-02-14T17:00:00,42920099999,OZAR AIR FORCE STATION /NASHIK ARPT,20.119,73.914,13.0,,50.66
2023-02-15T01:30:00,42920099999,OZAR AIR FORCE STATION /NASHIK ARPT,20.119,73.914,9.0,,53.29
2023-02-15T02:30:00,42920099999,OZAR AIR FORCE STATION /NASHIK ARPT,20.119,73.914,13.0,,50.66
2023-02-15T03:00:00,42920099999,OZAR AIR FORCE STATION /NASHIK ARPT,20.119,73.914,16.0,,38.88
2023-02-15T03:30:00,42920099999,OZAR AIR FORCE STATION /NASHIK ARPT,20.119,73.914,19.0,,32.17
2023-02-15T04:00:00,42920099999,OZAR AIR FORCE STATION /NASHIK ARPT,20.119,73.914,24.0,,22.05
2023-02-15T04:30:00,42920099999,OZAR AIR FORCE STATION /NASHIK ARPT,20.119,73.914,27.0,,10.99
2023-02-15T05:00:00,42920099999,OZAR AIR FORCE STATION /NASHIK ARPT,20.119,73.914,28.0,,12.05
2023-02-15T06:00:00,42920099999,OZAR AIR FORCE STATION /NASHIK ARPT,20.119,73.914,29.0,,13.2
2023-02-15T06:30:00,42920099999,OZAR AIR FORCE STATION /NASHIK ARPT,20.119,73.914,30.0,,12.46
2023-02-15T07:00:00,42920099999,OZAR AIR FORCE STATION /NASHIK ARPT,20.119,73.914,30.0,,12.46
2023-02-15T07:30:00,42920099999,OZAR AIR FORCE STATION /NASHIK ARPT,20.119,73.914,32.0,,10.32
2023-02-15T08:00:00,42920099999,OZAR AIR FORCE STATION /NASHIK ARPT,20.119,73.914,31.0,,7.47
2023-02-15T08:30:00,42920099999,OZAR AIR FORCE STATION /NASHIK ARPT,20.119,73.914,33.0,,7.21
2023-02-15T09:00:00,42920099999,OZAR AIR FORCE STATION /NASHIK ARPT,20.119,73.914,32.0,,7.63
2023-02-15T09:30:00,42920099999,OZAR AIR FORCE STATION /NASHIK ARPT,20.119,73.914,32.0,,7.63
2023-02-15T10:00:00,42920099999,OZAR AIR FORCE STATION /NASHIK ARPT,20.119,73.914,33.0,,7.21
2023-02-15T10:30:00,42920099999,OZAR AIR FORCE STATION /NASHIK ARPT,20.119,73.914,32.0,,7.63
2023-02-15T11:00:00,42920099999,OZAR AIR FORCE STATION /NASHIK ARPT,20.119,73.914,32.0,,8.88
2023-02-15T11:30:00,42920099999,OZAR AIR FORCE STATION /NASHIK ARPT,20.119,73.914,32.0,,8.24
2023-02-15T12:00:00,42920099999,OZAR AIR FORCE STATION /NASHIK ARPT,20.119,73.914,31.0,,8.72
2023-02-15T12:30:00,42920099999,OZAR AIR FORCE STATION /NASHIK ARPT,20.119,73.914,30.0,,9.96
2023-02-15T13:00:00,42920099999,OZAR AIR FORCE STATION /NASHIK ARPT,20.119,73.914,27.0,,13.77
2023-02-15T13:30:00,42920099999,OZAR AIR FORCE STATION /NASHIK ARPT,20.119,73.914,24.0,,20.51
2023-02-15T14:00:00,42920099999,OZAR AIR FORCE STATION /NASHIK ARPT,20.119,73.914,22.0,,23.15
2023-02-15T14:30:00,42920099999,OZAR AIR FORCE STATION /NASHIK ARPT,20.119,73.914,20.0,,28.14
2023-02-15T15:30:00,42920099999,OZAR AIR FORCE STATION /NASHIK ARPT,20.119,73.914,17.0,,36.48
2023-02-15T16:00:00,42920099999,OZAR AIR FORCE STATION /NASHIK ARPT,20.119,73.914,16.0,,38.88
2023-02-16T01:30:00,42920099999,OZAR AIR FORCE STATION /NASHIK ARPT,20.119,73.914,10.0,,53.56
2023-02-16T02:00:00,42920099999,OZAR AIR FORCE STATION /NASHIK ARPT,20.119,73.914,9.0,,70.89
2023-02-16T02:30:00,42920099999,OZAR AIR FORCE STATION /NASHIK ARPT,20.119,73.914,14.0,,50.94
2023-02-16T03:00:00,42920099999,OZAR AIR FORCE STATION /NASHIK ARPT,20.119,73.914,19.0,,34.54
2023-02-16T03:30:00,42920099999,OZAR AIR FORCE STATION /NASHIK ARPT,20.119,73.914,23.0,,28.99
2023-02-16T04:00:00,42920099999,OZAR AIR FORCE STATION /NASHIK ARPT,20.119,73.914,26.0,,18.21
2023-02-16T04:30:00,42920099999,OZAR AIR FORCE STATION /NASHIK ARPT,20.119,73.914,28.0,,13.99
2023-02-16T05:00:00,42920099999,OZAR AIR FORCE STATION /NASHIK ARPT,20.119,73.914,29.0,,14.2
2023-02-16T05:30:00,42920099999,OZAR AIR FORCE STATION /NASHIK ARPT,20.119,73.914,30.0,,13.41
2023-02-16T06:00:00,42920099999,OZAR AIR FORCE STATION /NASHIK ARPT,20.119,73.914,31.0,,11.77
2023-02-16T06:30:00,42920099999,OZAR AIR FORCE STATION /NASHIK ARPT,20.119,73.914,32.0,,11.12
2023-02-16T07:00:00,42920099999,OZAR AIR FORCE STATION /NASHIK ARPT,20.119,73.914,32.0,,10.32
2023-02-16T07:30:00,42920099999,OZAR AIR FORCE STATION /NASHIK ARPT,20.119,73.914,32.0,,10.32
2023-02-16T08:00:00,42920099999,OZAR AIR FORCE STATION /NASHIK ARPT,20.119,73.914,32.0,,12.87
2023-02-16T08:30:00,42920099999,OZAR AIR FORCE STATION /NASHIK ARPT,20.119,73.914,32.0,,11.96
2023-02-16T09:00:00,42920099999,OZAR AIR FORCE STATION /NASHIK ARPT,20.119,73.914,33.0,,12.16
2023-02-16T09:30:00,42920099999,OZAR AIR FORCE STATION /NASHIK ARPT,20.119,73.914,33.0,,11.31
2023-02-16T10:00:00,42920099999,OZAR AIR FORCE STATION /NASHIK ARPT,20.119,73.914,33.0,,11.31
2023-02-16T10:30:00,42920099999,OZAR AIR FORCE STATION /NASHIK ARPT,20.119,73.914,33.0,,9.05
2023-02-16T11:00:00,42920099999,OZAR AIR FORCE STATION /NASHIK ARPT,20.119,73.914,34.0,,7.36
2023-02-16T11:30:00,42920099999,OZAR AIR FORCE STATION /NASHIK ARPT,20.119,73.914,33.0,,8.4
2023-02-16T12:00:00,42920099999,OZAR AIR FORCE STATION /NASHIK ARPT,20.119,73.914,32.0,,10.32
2023-02-16T12:30:00,42920099999,OZAR AIR FORCE STATION /NASHIK ARPT,20.119,73.914,30.0,,12.46
2023-02-16T13:00:00,42920099999,OZAR AIR FORCE STATION /NASHIK ARPT,20.119,73.914,28.0,,16.19
2023-02-16T13:30:00,42920099999,OZAR AIR FORCE STATION /NASHIK ARPT,20.119,73.914,25.0,,19.32
2023-02-16T14:00:00,42920099999,OZAR AIR FORCE STATION /NASHIK ARPT,20.119,73.914,22.0,,24.89
2023-02-16T14:30:00,42920099999,OZAR AIR FORCE STATION /NASHIK ARPT,20.119,73.914,20.0,,28.14
2023-02-16T15:00:00,42920099999,OZAR AIR FORCE STATION /NASHIK ARPT,20.119,73.914,17.0,,42.03
2023-02-16T16:00:00,42920099999,OZAR AIR FORCE STATION /NASHIK ARPT,20.119,73.914,17.0,,39.17
2023-02-16T16:30:00,42920099999,OZAR AIR FORCE STATION /NASHIK ARPT,20.119,73.914,16.0,,41.74
2023-02-16T17:00:00,42920099999,OZAR AIR FORCE STATION /NASHIK ARPT,20.119,73.914,16.0,,38.88
2023-02-17T01:30:00,42920099999,OZAR AIR FORCE STATION /NASHIK ARPT,20.119,73.914,10.0,,61.78
2023-02-17T02:00:00,42920099999,OZAR AIR FORCE STATION /NASHIK ARPT,20.119,73.914,11.0,,57.8
2023-02-17T02:30:00,42920099999,OZAR AIR FORCE STATION /NASHIK ARPT,20.119,73.914,16.0,,44.79
2023-02-17T03:00:00,42920099999,OZAR AIR FORCE STATION /NASHIK ARPT,20.119,73.914,17.0,,42.03
2023-02-17T03:30:00,42920099999,OZAR AIR FORCE STATION /NASHIK ARPT,20.119,73.914,22.0,,33.03
2023-02-17T04:00:00,42920099999,OZAR AIR FORCE STATION /NASHIK ARPT,20.119,73.914,26.0,,29.82
2023-02-17T04:30:00,42920099999,OZAR AIR FORCE STATION /NASHIK ARPT,20.119,73.914,29.0,,16.42
2023-02-17T05:00:00,42920099999,OZAR AIR FORCE STATION /NASHIK ARPT,20.119,73.914,30.0,,15.5
2023-02-17T05:30:00,42920099999,OZAR AIR FORCE STATION /NASHIK ARPT,20.119,73.914,31.0,,10.14
2023-02-17T06:00:00,42920099999,OZAR AIR FORCE STATION /NASHIK ARPT,20.119,73.914,31.0,,10.93
2023-02-17T06:30:00,42920099999,OZAR AIR FORCE STATION /NASHIK ARPT,20.119,73.914,32.0,,10.32
2023-02-17T07:00:00,42920099999,OZAR AIR FORCE STATION /NASHIK ARPT,20.119,73.914,32.0,,10.32
2023-02-17T07:30:00,42920099999,OZAR AIR FORCE STATION /NASHIK ARPT,20.119,73.914,33.0,,9.76
2023-02-17T08:00:00,42920099999,OZAR AIR FORCE STATION /NASHIK ARPT,20.119,73.914,33.0,,8.4
2023-02-17T08:30:00,42920099999,OZAR AIR FORCE STATION /NASHIK ARPT,20.119,73.914,33.0,,7.78
2023-02-17T09:00:00,42920099999,OZAR AIR FORCE STATION /NASHIK ARPT,20.119,73.914,33.0,,9.05
2023-02-17T09:30:00,42920099999,OZAR AIR FORCE STATION /NASHIK ARPT,20.119,73.914,33.0,,9.05
2023-02-17T10:00:00,42920099999,OZAR AIR FORCE STATION /NASHIK ARPT,20.119,73.914,33.0,,7.78
2023-02-17T10:30:00,42920099999,OZAR AIR FORCE STATION /NASHIK ARPT,20.119,73.914,33.0,,9.05
2023-02-17T11:00:00,42920099999,OZAR AIR FORCE STATION /NASHIK ARPT,20.119,73.914,33.0,,7.78
2023-02-17T12:00:00,42920099999,OZAR AIR FORCE STATION /NASHIK ARPT,20.119,73.914,32.0,,8.24
2023-02-17T12:30:00,42920099999,OZAR AIR FORCE STATION /NASHIK ARPT,20.119,73.914,30.0,,11.57
2023-02-17T13:30:00,42920099999,OZAR AIR FORCE STATION /NASHIK ARPT,20.119,73.914,24.0,,19.07
2023-02-17T14:00:00,42920099999,OZAR AIR FORCE STATION /NASHIK ARPT,20.119,73.914,21.0,,24.62
2023-02-17T14:30:00,42920099999,OZAR AIR FORCE STATION /NASHIK ARPT,20.119,73.914,19.0,,27.86
2023-02-17T15:30:00,42920099999,OZAR AIR FORCE STATION /NASHIK ARPT,20.119,73.914,19.0,,37.06
2023-02-17T16:00:00,42920099999,OZAR AIR FORCE STATION /NASHIK ARPT,20.119,73.914,17.0,,36.48
2023-02-17T16:30:00,42920099999,OZAR AIR FORCE STATION /NASHIK ARPT,20.119,73.914,17.0,,33.96
2023-02-17T17:00:00,42920099999,OZAR AIR FORCE STATION /NASHIK ARPT,20.119,73.914,16.0,,38.88
2023-02-18T01:30:00,42920099999,OZAR AIR FORCE STATION /NASHIK ARPT,20.119,73.914,11.0,,57.8
2023-02-18T02:00:00,42920099999,OZAR AIR FORCE STATION /NASHIK ARPT,20.119,73.914,13.0,,50.66
2023-02-18T02:30:00,42920099999,OZAR AIR FORCE STATION /NASHIK ARPT,20.119,73.914,15.0,,47.75
2023-02-18T03:00:00,42920099999,OZAR AIR FORCE STATION /NASHIK ARPT,20.119,73.914,21.0,,30.52
2023-02-18T03:30:00,42920099999,OZAR AIR FORCE STATION /NASHIK ARPT,20.119,73.914,25.0,,20.77
2023-02-18T04:00:00,42920099999,OZAR AIR FORCE STATION /NASHIK ARPT,20.119,73.914,26.0,,19.57
2023-02-18T04:30:00,42920099999,OZAR AIR FORCE STATION /NASHIK ARPT,20.119,73.914,27.0,,18.45
2023-02-18T05:00:00,42920099999,OZAR AIR FORCE STATION /NASHIK ARPT,20.119,73.914,28.0,,18.7
2023-02-18T05:30:00,42920099999,OZAR AIR FORCE STATION /NASHIK ARPT,20.119,73.914,29.0,,17.64
2023-02-18T06:00:00,42920099999,OZAR AIR FORCE STATION /NASHIK ARPT,20.119,73.914,28.0,,18.7
2023-02-18T06:30:00,42920099999,OZAR AIR FORCE STATION /NASHIK ARPT,20.119,73.914,29.0,,17.64
2023-02-18T07:00:00,42920099999,OZAR AIR FORCE STATION /NASHIK ARPT,20.119,73.914,31.0,,16.88
2023-02-18T07:30:00,42920099999,OZAR AIR FORCE STATION /NASHIK ARPT,20.119,73.914,31.0,,14.64
2023-02-18T08:00:00,42920099999,OZAR AIR FORCE STATION /NASHIK ARPT,20.119,73.914,31.0,,13.62
2023-02-18T08:30:00,42920099999,OZAR AIR FORCE STATION /NASHIK ARPT,20.119,73.914,31.0,,11.77
2023-02-18T09:00:00,42920099999,OZAR AIR FORCE STATION /NASHIK ARPT,20.119,73.914,32.0,,6.53
2023-02-18T09:30:00,42920099999,OZAR AIR FORCE STATION /NASHIK ARPT,20.119,73.914,33.0,,6.67
2023-02-18T10:00:00,42920099999,OZAR AIR FORCE STATION /NASHIK ARPT,20.119,73.914,32.0,,9.58
2023-02-18T10:30:00,42920099999,OZAR AIR FORCE STATION /NASHIK ARPT,20.119,73.914,32.0,,9.58
2023-02-18T11:00:00,42920099999,OZAR AIR FORCE STATION /NASHIK ARPT,20.119,73.914,32.0,,8.88
2023-02-18T11:30:00,42920099999,OZAR AIR FORCE STATION /NASHIK ARPT,20.119,73.914,32.0,,8.88
2023-02-18T12:00:00,42920099999,OZAR AIR FORCE STATION /NASHIK ARPT,20.119,73.914,32.0,,7.06
2023-02-18T12:30:00,42920099999,OZAR AIR FORCE STATION /NASHIK ARPT,20.119,73.914,30.0,,8.55
2023-02-18T13:00:00,42920099999,OZAR AIR FORCE STATION /NASHIK ARPT,20.119,73.914,27.0,,10.18
2023-02-18T13:30:00,42920099999,OZAR AIR FORCE STATION /NASHIK ARPT,20.119,73.914,24.0,,16.46
2023-02-18T14:30:00,42920099999,OZAR AIR FORCE STATION /NASHIK ARPT,20.119,73.914,20.0,,28.14
2023-02-18T15:00:00,42920099999,OZAR AIR FORCE STATION /NASHIK ARPT,20.119,73.914,17.0,,33.96
2023-02-18T17:00:00,42920099999,OZAR AIR FORCE STATION /NASHIK ARPT,20.119,73.914,14.0,,41.16
2023-02-19T01:30:00,42920099999,OZAR AIR FORCE STATION /NASHIK ARPT,20.119,73.914,9.0,,57.28
2023-02-19T02:00:00,42920099999,OZAR AIR FORCE STATION /NASHIK ARPT,20.119,73.914,9.0,,66.07
2023-02-19T02:30:00,42920099999,OZAR AIR FORCE STATION /NASHIK ARPT,20.119,73.914,13.0,,54.36
2023-02-19T03:00:00,42920099999,OZAR AIR FORCE STATION /NASHIK ARPT,20.119,73.914,20.0,,32.46
2023-02-19T03:30:00,42920099999,OZAR AIR FORCE STATION /NASHIK ARPT,20.119,73.914,23.0,,25.16
2023-02-19T04:00:00,42920099999,OZAR AIR FORCE STATION /NASHIK ARPT,20.119,73.914,25.0,,19.32
2023-02-19T04:30:00,42920099999,OZAR AIR FORCE STATION /NASHIK ARPT,20.119,73.914,27.0,,17.17
2023-02-19T05:00:00,42920099999,OZAR AIR FORCE STATION /NASHIK ARPT,20.119,73.914,28.0,,17.4
2023-02-19T05:30:00,42920099999,OZAR AIR FORCE STATION /NASHIK ARPT,20.119,73.914,28.0,,18.7
2023-02-19T06:00:00,42920099999,OZAR AIR FORCE STATION /NASHIK ARPT,20.119,73.914,29.0,,18.94
2023-02-19T07:00:00,42920099999,OZAR AIR FORCE STATION /NASHIK ARPT,20.119,73.914,31.0,,16.88
2023-02-19T08:00:00,42920099999,OZAR AIR FORCE STATION /NASHIK ARPT,20.119,73.914,32.0,,13.83
2023-02-19T09:00:00,42920099999,OZAR AIR FORCE STATION /NASHIK ARPT,20.119,73.914,32.0,,11.96
2023-02-19T10:00:00,42920099999,OZAR AIR FORCE STATION /NASHIK ARPT,20.119,73.914,33.0,,9.76
2023-02-19T10:30:00,42920099999,OZAR AIR FORCE STATION /NASHIK ARPT,20.119,73.914,33.0,,9.76
2023-02-19T11:30:00,42920099999,OZAR AIR FORCE STATION /NASHIK ARPT,20.119,73.914,32.0,,11.96
2023-02-19T12:30:00,42920099999,OZAR AIR FORCE STATION /NASHIK ARPT,20.119,73.914,30.0,,12.46
2023-02-19T13:00:00,42920099999,OZAR AIR FORCE STATION /NASHIK ARPT,20.119,73.914,27.0,,21.28
2023-02-19T13:30:00,42920099999,OZAR AIR FORCE STATION /NASHIK ARPT,20.119,73.914,23.0,,28.99
2023-02-19T14:00:00,42920099999,OZAR AIR FORCE STATION /NASHIK ARPT,20.119,73.914,22.0,,26.74
2023-02-19T14:30:00,42920099999,OZAR AIR FORCE STATION /NASHIK ARPT,20.119,73.914,20.0,,32.46
2023-02-19T15:00:00,42920099999,OZAR AIR FORCE STATION /NASHIK ARPT,20.119,73.914,18.0,,39.46
2023-02-19T15:30:00,42920099999,OZAR AIR FORCE STATION /NASHIK ARPT,20.119,73.914,19.0,,42.6
2023-02-19T16:30:00,42920099999,OZAR AIR FORCE STATION /NASHIK ARPT,20.119,73.914,18.0,,45.35
2023-02-19T17:00:00,42920099999,OZAR AIR FORCE STATION /NASHIK ARPT,20.119,73.914,16.0,,48.03
2023-02-20T02:00:00,42920099999,OZAR AIR FORCE STATION /NASHIK ARPT,20.119,73.914,10.0,,66.29
2023-02-20T02:30:00,42920099999,OZAR AIR FORCE STATION /NASHIK ARPT,20.119,73.914,14.0,,58.55
2023-02-20T03:00:00,42920099999,OZAR AIR FORCE STATION /NASHIK ARPT,20.119,73.914,17.0,,55.4
2023-02-20T03:30:00,42920099999,OZAR AIR FORCE STATION /NASHIK ARPT,20.119,73.914,21.0,,43.17
2023-02-20T04:00:00,42920099999,OZAR AIR FORCE STATION /NASHIK ARPT,20.119,73.914,26.0,,18.21
2023-02-20T04:30:00,42920099999,OZAR AIR FORCE STATION /NASHIK ARPT,20.119,73.914,29.0,,13.2
2023-02-20T05:00:00,42920099999,OZAR AIR FORCE STATION /NASHIK ARPT,20.119,73.914,30.0,,15.5
2023-02-20T05:30:00,42920099999,OZAR AIR FORCE STATION /NASHIK ARPT,20.119,73.914,31.0,,14.64
2023-02-20T06:00:00,42920099999,OZAR AIR FORCE STATION /NASHIK ARPT,20.119,73.914,31.0,,13.62
2023-02-20T06:30:00,42920099999,OZAR AIR FORCE STATION /NASHIK ARPT,20.119,73.914,32.0,,11.12
2023-02-20T07:00:00,42920099999,OZAR AIR FORCE STATION /NASHIK ARPT,20.119,73.914,32.0,,13.83
2023-02-20T07:30:00,42920099999,OZAR AIR FORCE STATION /NASHIK ARPT,20.119,73.914,33.0,,9.76
2023-02-20T08:00:00,42920099999,OZAR AIR FORCE STATION /NASHIK ARPT,20.119,73.914,34.0,,9.22
2023-02-20T08:30:00,42920099999,OZAR AIR FORCE STATION /NASHIK ARPT,20.119,73.914,33.0,,11.31
2023-02-20T09:00:00,42920099999,OZAR AIR FORCE STATION /NASHIK ARPT,20.119,73.914,34.0,,9.22
2023-02-20T09:30:00,42920099999,OZAR AIR FORCE STATION /NASHIK ARPT,20.119,73.914,34.0,,8.56
2023-02-20T10:00:00,42920099999,OZAR AIR FORCE STATION /NASHIK ARPT,20.119,73.914,34.0,,8.56
2023-02-20T10:30:00,42920099999,OZAR AIR FORCE STATION /NASHIK ARPT,20.119,73.914,34.0,,7.36
2023-02-20T11:00:00,42920099999,OZAR AIR FORCE STATION /NASHIK ARPT,20.119,73.914,35.0,,6.45
2023-02-20T11:30:00,42920099999,OZAR AIR FORCE STATION /NASHIK ARPT,20.119,73.914,34.0,,8.56
2023-02-20T12:00:00,42920099999,OZAR AIR FORCE STATION /NASHIK ARPT,20.119,73.914,32.0,,12.87
2023-02-20T12:30:00,42920099999,OZAR AIR FORCE STATION /NASHIK ARPT,20.119,73.914,30.0,,16.65
2023-02-20T13:00:00,42920099999,OZAR AIR FORCE STATION /NASHIK ARPT,20.119,73.914,27.0,,22.84
2023-02-20T13:30:00,42920099999,OZAR AIR FORCE STATION /NASHIK ARPT,20.119,73.914,24.0,,33.6
2023-02-20T14:00:00,42920099999,OZAR AIR FORCE STATION /NASHIK ARPT,20.119,73.914,25.0,,27.57
2023-02-20T15:00:00,42920099999,OZAR AIR FORCE STATION /NASHIK ARPT,20.119,73.914,23.0,,28.99
2023-02-20T15:30:00,42920099999,OZAR AIR FORCE STATION /NASHIK ARPT,20.119,73.914,22.0,,28.71
2023-02-20T16:00:00,42920099999,OZAR AIR FORCE STATION /NASHIK ARPT,20.119,73.914,21.0,,28.42
2023-02-20T16:30:00,42920099999,OZAR AIR FORCE STATION /NASHIK ARPT,20.119,73.914,22.0,,24.89
2023-02-21T01:30:00,42920099999,OZAR AIR FORCE STATION /NASHIK ARPT,20.119,73.914,13.0,,62.48
2023-02-21T02:00:00,42920099999,OZAR AIR FORCE STATION /NASHIK ARPT,20.119,73.914,12.0,,54.1
2023-02-21T02:30:00,42920099999,OZAR AIR FORCE STATION /NASHIK ARPT,20.119,73.914,16.0,,59.04
2023-02-21T03:30:00,42920099999,OZAR AIR FORCE STATION /NASHIK ARPT,20.119,73.914,23.0,,33.32
2023-02-21T04:00:00,42920099999,OZAR AIR FORCE STATION /NASHIK ARPT,20.119,73.914,28.0,,16.19
2023-02-21T04:30:00,42920099999,OZAR AIR FORCE STATION /NASHIK ARPT,20.119,73.914,30.0,,13.41
2023-02-21T05:00:00,42920099999,OZAR AIR FORCE STATION /NASHIK ARPT,20.119,73.914,30.0,,12.46
2023-02-21T05:30:00,42920099999,OZAR AIR FORCE STATION /NASHIK ARPT,20.119,73.914,31.0,,18.12
2023-02-21T06:00:00,42920099999,OZAR AIR FORCE STATION /NASHIK ARPT,20.119,73.914,32.0,,14.86
2023-02-21T06:30:00,42920099999,OZAR AIR FORCE STATION /NASHIK ARPT,20.119,73.914,33.0,,14.04
2023-02-21T07:00:00,42920099999,OZAR AIR FORCE STATION /NASHIK ARPT,20.119,73.914,33.0,,15.08
2023-02-21T07:30:00,42920099999,OZAR AIR FORCE STATION /NASHIK ARPT,20.119,73.914,34.0,,12.36
2023-02-21T08:00:00,42920099999,OZAR AIR FORCE STATION /NASHIK ARPT,20.119,73.914,34.0,,13.28
2023-02-21T09:00:00,42920099999,OZAR AIR FORCE STATION /NASHIK ARPT,20.119,73.914,34.0,,12.36
2023-02-21T09:30:00,42920099999,OZAR AIR FORCE STATION /NASHIK ARPT,20.119,73.914,35.0,,10.88
2023-02-21T10:00:00,42920099999,OZAR AIR FORCE STATION /NASHIK ARPT,20.119,73.914,35.0,,10.11
2023-02-21T10:30:00,42920099999,OZAR AIR FORCE STATION /NASHIK ARPT,20.119,73.914,34.0,,10.69
2023-02-21T11:00:00,42920099999,OZAR AIR FORCE STATION /NASHIK ARPT,20.119,73.914,35.0,,9.4
2023-02-21T11:30:00,42920099999,OZAR AIR FORCE STATION /NASHIK ARPT,20.119,73.914,34.0,,11.5
2023-02-21T12:00:00,42920099999,OZAR AIR FORCE STATION /NASHIK ARPT,20.119,73.914,32.0,,13.83
2023-02-21T12:30:00,42920099999,OZAR AIR FORCE STATION /NASHIK ARPT,20.119,73.914,30.0,,19.18
2023-02-21T13:00:00,42920099999,OZAR AIR FORCE STATION /NASHIK ARPT,20.119,73.914,28.0,,20.07
2023-02-21T13:30:00,42920099999,OZAR AIR FORCE STATION /NASHIK ARPT,20.119,73.914,26.0,,24.22
2023-02-21T14:00:00,42920099999,OZAR AIR FORCE STATION /NASHIK ARPT,20.119,73.914,24.0,,25.43
2023-02-21T14:30:00,42920099999,OZAR AIR FORCE STATION /NASHIK ARPT,20.119,73.914,23.0,,27.01
2023-02-21T15:00:00,42920099999,OZAR AIR FORCE STATION /NASHIK ARPT,20.119,73.914,23.0,,27.01
2023-02-21T15:30:00,42920099999,OZAR AIR FORCE STATION /NASHIK ARPT,20.119,73.914,21.0,,32.75
2023-02-21T16:00:00,42920099999,OZAR AIR FORCE STATION /NASHIK ARPT,20.119,73.914,20.0,,34.83
2023-02-21T16:30:00,42920099999,OZAR AIR FORCE STATION /NASHIK ARPT,20.119,73.914,21.0,,32.75
2023-02-22T01:30:00,42920099999,OZAR AIR FORCE STATION /NASHIK ARPT,20.119,73.914,11.0,,57.8
2023-02-22T02:00:00,42920099999,OZAR AIR FORCE STATION /NASHIK ARPT,20.119,73.914,12.0,,54.1
2023-02-22T03:00:00,42920099999,OZAR AIR FORCE STATION /NASHIK ARPT,20.119,73.914,18.0,,45.35
2023-02-22T03:30:00,42920099999,OZAR AIR FORCE STATION /NASHIK ARPT,20.119,73.914,22.0,,40.6
2023-02-22T04:00:00,42920099999,OZAR AIR FORCE STATION /NASHIK ARPT,20.119,73.914,27.0,,19.82
2023-02-22T04:30:00,42920099999,OZAR AIR FORCE STATION /NASHIK ARPT,20.119,73.914,29.0,,18.94
2023-02-22T05:00:00,42920099999,OZAR AIR FORCE STATION /NASHIK ARPT,20.119,73.914,30.0,,15.5
2023-02-22T05:30:00,42920099999,OZAR AIR FORCE STATION /NASHIK ARPT,20.119,73.914,32.0,,12.87
2023-02-22T06:00:00,42920099999,OZAR AIR FORCE STATION /NASHIK ARPT,20.119,73.914,31.0,,9.4
2023-02-22T06:30:00,42920099999,OZAR AIR FORCE STATION /NASHIK ARPT,20.119,73.914,34.0,,11.5
2023-02-22T07:00:00,42920099999,OZAR AIR FORCE STATION /NASHIK ARPT,20.119,73.914,34.0,,10.69
2023-02-22T07:30:00,42920099999,OZAR AIR FORCE STATION /NASHIK ARPT,20.119,73.914,34.0,,11.5
2023-02-22T08:00:00,42920099999,OZAR AIR FORCE STATION /NASHIK ARPT,20.119,73.914,35.0,,10.11
2023-02-22T09:00:00,42920099999,OZAR AIR FORCE STATION /NASHIK ARPT,20.119,73.914,34.0,,9.93
2023-02-22T09:30:00,42920099999,OZAR AIR FORCE STATION /NASHIK ARPT,20.119,73.914,34.0,,8.56
2023-02-22T10:00:00,42920099999,OZAR AIR FORCE STATION /NASHIK ARPT,20.119,73.914,34.0,,9.22
2023-02-22T10:30:00,42920099999,OZAR AIR FORCE STATION /NASHIK ARPT,20.119,73.914,35.0,,8.1
2023-02-22T11:00:00,42920099999,OZAR AIR FORCE STATION /NASHIK ARPT,20.119,73.914,34.0,,8.56
2023-02-22T11:30:00,42920099999,OZAR AIR FORCE STATION /NASHIK ARPT,20.119,73.914,34.0,,9.22
2023-02-22T12:00:00,42920099999,OZAR AIR FORCE STATION /NASHIK ARPT,20.119,73.914,33.0,,10.51
2023-02-22T12:30:00,42920099999,OZAR AIR FORCE STATION /NASHIK ARPT,20.119,73.914,31.0,,13.62
2023-02-22T13:30:00,42920099999,OZAR AIR FORCE STATION /NASHIK ARPT,20.119,73.914,26.0,,21.03
2023-02-22T14:00:00,42920099999,OZAR AIR FORCE STATION /NASHIK ARPT,20.119,73.914,25.0,,22.31
2023-02-22T14:30:00,42920099999,OZAR AIR FORCE STATION /NASHIK ARPT,20.119,73.914,23.0,,25.16
2023-02-22T15:30:00,42920099999,OZAR AIR FORCE STATION /NASHIK ARPT,20.119,73.914,22.0,,30.8
2023-02-22T16:00:00,42920099999,OZAR AIR FORCE STATION /NASHIK ARPT,20.119,73.914,21.0,,32.75
2023-02-22T16:30:00,42920099999,OZAR AIR FORCE STATION /NASHIK ARPT,20.119,73.914,21.0,,32.75
2023-02-22T17:00:00,42920099999,OZAR AIR FORCE STATION /NASHIK ARPT,20.119,73.914,20.0,,37.35
2023-02-23T02:00:00,42920099999,OZAR AIR FORCE STATION /NASHIK ARPT,20.119,73.914,10.0,,81.62
2023-02-23T02:30:00,42920099999,OZAR AIR FORCE STATION /NASHIK ARPT,20.119,73.914,14.0,,62.72
2023-02-23T03:00:00,42920099999,OZAR AIR FORCE STATION /NASHIK ARPT,20.119,73.914,18.0,,39.46
2023-02-23T03:30:00,42920099999,OZAR AIR FORCE STATION /NASHIK ARPT,20.119,73.914,21.0,,28.42
2023-02-23T04:00:00,42920099999,OZAR AIR FORCE STATION /NASHIK ARPT,20.119,73.914,25.0,,15.5
2023-02-23T04:30:00,42920099999,OZAR AIR FORCE STATION /NASHIK ARPT,20.119,73.914,26.0,,15.73
2023-02-23T05:00:00,42920099999,OZAR AIR FORCE STATION /NASHIK ARPT,20.119,73.914,28.0,,12.05
2023-02-23T05:30:00,42920099999,OZAR AIR FORCE STATION /NASHIK ARPT,20.119,73.914,30.0,,9.96
2023-02-23T06:00:00,42920099999,OZAR AIR FORCE STATION /NASHIK ARPT,20.119,73.914,31.0,,9.4
2023-02-23T06:30:00,42920099999,OZAR AIR FORCE STATION /NASHIK ARPT,20.119,73.914,31.0,,10.14
2023-02-23T07:00:00,42920099999,OZAR AIR FORCE STATION /NASHIK ARPT,20.119,73.914,32.0,,10.32
2023-02-23T07:30:00,42920099999,OZAR AIR FORCE STATION /NASHIK ARPT,20.119,73.914,33.0,,9.05
2023-02-23T08:00:00,42920099999,OZAR AIR FORCE STATION /NASHIK ARPT,20.119,73.914,33.0,,9.05
2023-02-23T08:30:00,42920099999,OZAR AIR FORCE STATION /NASHIK ARPT,20.119,73.914,33.0,,10.51
2023-02-23T09:00:00,42920099999,OZAR AIR FORCE STATION /NASHIK ARPT,20.119,73.914,34.0,,11.5
2023-02-23T09:30:00,42920099999,OZAR AIR FORCE STATION /NASHIK ARPT,20.119,73.914,33.0,,9.05
2023-02-23T10:00:00,42920099999,OZAR AIR FORCE STATION /NASHIK ARPT,20.119,73.914,34.0,,8.56
2023-02-23T10:30:00,42920099999,OZAR AIR FORCE STATION /NASHIK ARPT,20.119,73.914,33.0,,8.4
2023-02-23T11:00:00,42920099999,OZAR AIR FORCE STATION /NASHIK ARPT,20.119,73.914,33.0,,8.4
2023-02-23T11:30:00,42920099999,OZAR AIR FORCE STATION /NASHIK ARPT,20.119,73.914,33.0,,8.4
2023-02-23T12:00:00,42920099999,OZAR AIR FORCE STATION /NASHIK ARPT,20.119,73.914,32.0,,8.88
2023-02-23T12:30:00,42920099999,OZAR AIR FORCE STATION /NASHIK ARPT,20.119,73.914,31.0,,10.14
2023-02-23T13:00:00,42920099999,OZAR AIR FORCE STATION /NASHIK ARPT,20.119,73.914,28.0,,13.99
2023-02-23T13:30:00,42920099999,OZAR AIR FORCE STATION /NASHIK ARPT,20.119,73.914,27.0,,14.83
2023-02-23T14:00:00,42920099999,OZAR AIR FORCE STATION /NASHIK ARPT,20.119,73.914,26.0,,22.57
2023-02-23T14:30:00,42920099999,OZAR AIR FORCE STATION /NASHIK ARPT,20.119,73.914,23.0,,25.16
2023-02-23T15:00:00,42920099999,OZAR AIR FORCE STATION /NASHIK ARPT,20.119,73.914,24.0,,25.43
2023-02-23T15:30:00,42920099999,OZAR AIR FORCE STATION /NASHIK ARPT,20.119,73.914,23.0,,27.01
2023-02-23T16:00:00,42920099999,OZAR AIR FORCE STATION /NASHIK ARPT,20.119,73.914,21.0,,30.52
2023-02-23T16:30:00,42920099999,OZAR AIR FORCE STATION /NASHIK ARPT,20.119,73.914,21.0,,30.52
2023-02-24T01:30:00,42920099999,OZAR AIR FORCE STATION /NASHIK ARPT,20.119,73.914,11.0,,62.02
2023-02-24T02:00:00,42920099999,OZAR AIR FORCE STATION /NASHIK ARPT,20.119,73.914,12.0,,66.72
2023-02-24T02:30:00,42920099999,OZAR AIR FORCE STATION /NASHIK ARPT,20.119,73.914,14.0,,58.55
2023-02-24T03:00:00,42920099999,OZAR AIR FORCE STATION /NASHIK ARPT,20.119,73.914,18.0,,55.66
2023-02-24T03:30:00,42920099999,OZAR AIR FORCE STATION /NASHIK ARPT,20.119,73.914,23.0,,27.01
2023-02-24T04:00:00,42920099999,OZAR AIR FORCE STATION /NASHIK ARPT,20.119,73.914,26.0,,19.57
2023-02-24T04:30:00,42920099999,OZAR AIR FORCE STATION /NASHIK ARPT,20.119,73.914,27.0,,18.45
2023-02-24T05:00:00,42920099999,OZAR AIR FORCE STATION /NASHIK ARPT,20.119,73.914,29.0,,16.42
2023-02-24T06:00:00,42920099999,OZAR AIR FORCE STATION /NASHIK ARPT,20.119,73.914,31.0,,13.62
2023-02-24T06:30:00,42920099999,OZAR AIR FORCE STATION /NASHIK ARPT,20.119,73.914,31.0,,13.62
2023-02-24T07:00:00,42920099999,OZAR AIR FORCE STATION /NASHIK ARPT,20.119,73.914,31.0,,10.93
2023-02-24T07:30:00,42920099999,OZAR AIR FORCE STATION /NASHIK ARPT,20.119,73.914,32.0,,13.83
2023-02-24T08:00:00,42920099999,OZAR AIR FORCE STATION /NASHIK ARPT,20.119,73.914,33.0,,9.76
2023-02-24T08:30:00,42920099999,OZAR AIR FORCE STATION /NASHIK ARPT,20.119,73.914,33.0,,12.16
2023-02-24T09:00:00,42920099999,OZAR AIR FORCE STATION /NASHIK ARPT,20.119,73.914,33.0,,9.76
2023-02-24T10:30:00,42920099999,OZAR AIR FORCE STATION /NASHIK ARPT,20.119,73.914,34.0,,11.5
2023-02-24T11:00:00,42920099999,OZAR AIR FORCE STATION /NASHIK ARPT,20.119,73.914,34.0,,9.22
2023-02-24T11:30:00,42920099999,OZAR AIR FORCE STATION /NASHIK ARPT,20.119,73.914,32.0,,11.12
2023-02-24T12:00:00,42920099999,OZAR AIR FORCE STATION /NASHIK ARPT,20.119,73.914,32.0,,10.32
2023-02-24T12:30:00,42920099999,OZAR AIR FORCE STATION /NASHIK ARPT,20.119,73.914,31.0,,11.77
2023-02-24T13:00:00,42920099999,OZAR AIR FORCE STATION /NASHIK ARPT,20.119,73.914,28.0,,17.4
2023-02-24T13:30:00,42920099999,OZAR AIR FORCE STATION /NASHIK ARPT,20.119,73.914,25.0,,25.7
2023-02-24T14:00:00,42920099999,OZAR AIR FORCE STATION /NASHIK ARPT,20.119,73.914,23.0,,28.99
2023-02-24T14:30:00,42920099999,OZAR AIR FORCE STATION /NASHIK ARPT,20.119,73.914,24.0,,29.27
2023-02-24T15:00:00,42920099999,OZAR AIR FORCE STATION /NASHIK ARPT,20.119,73.914,24.0,,25.43
2023-02-24T15:30:00,42920099999,OZAR AIR FORCE STATION /NASHIK ARPT,20.119,73.914,22.0,,28.71
2023-02-24T16:00:00,42920099999,OZAR AIR FORCE STATION /NASHIK ARPT,20.119,73.914,23.0,,27.01
2023-02-24T16:30:00,42920099999,OZAR AIR FORCE STATION /NASHIK ARPT,20.119,73.914,22.0,,28.71
2023-02-24T17:00:00,42920099999,OZAR AIR FORCE STATION /NASHIK ARPT,20.119,73.914,29.0,,20.32
2023-02-25T02:00:00,42920099999,OZAR AIR FORCE STATION /NASHIK ARPT,20.119,73.914,16.0,,55.14
2023-02-25T02:30:00,42920099999,OZAR AIR FORCE STATION /NASHIK ARPT,20.119,73.914,16.0,,55.14
2023-02-25T03:00:00,42920099999,OZAR AIR FORCE STATION /NASHIK ARPT,20.119,73.914,19.0,,45.63
2023-02-25T03:30:00,42920099999,OZAR AIR FORCE STATION /NASHIK ARPT,20.119,73.914,23.0,,35.69
2023-02-25T04:00:00,42920099999,OZAR AIR FORCE STATION /NASHIK ARPT,20.119,73.914,26.0,,29.82
2023-02-25T04:30:00,42920099999,OZAR AIR FORCE STATION /NASHIK ARPT,20.119,73.914,29.0,,18.94
2023-02-25T05:00:00,42920099999,OZAR AIR FORCE STATION /NASHIK ARPT,20.119,73.914,30.0,,13.41
2023-02-25T05:30:00,42920099999,OZAR AIR FORCE STATION /NASHIK ARPT,20.119,73.914,31.0,,12.66
2023-02-25T06:00:00,42920099999,OZAR AIR FORCE STATION /NASHIK ARPT,20.119,73.914,32.0,,11.96
2023-02-25T06:30:00,42920099999,OZAR AIR FORCE STATION /NASHIK ARPT,20.119,73.914,32.0,,10.32
2023-02-25T07:00:00,42920099999,OZAR AIR FORCE STATION /NASHIK ARPT,20.119,73.914,32.0,,9.58
2023-02-25T07:30:00,42920099999,OZAR AIR FORCE STATION /NASHIK ARPT,20.119,73.914,32.0,,9.58
2023-02-25T08:00:00,42920099999,OZAR AIR FORCE STATION /NASHIK ARPT,20.119,73.914,33.0,,9.76
2023-02-25T08:30:00,42920099999,OZAR AIR FORCE STATION /NASHIK ARPT,20.119,73.914,33.0,,11.31
2023-02-25T09:00:00,42920099999,OZAR AIR FORCE STATION /NASHIK ARPT,20.119,73.914,34.0,,9.93
2023-02-25T09:30:00,42920099999,OZAR AIR FORCE STATION /NASHIK ARPT,20.119,73.914,33.0,,9.76
2023-02-25T11:00:00,42920099999,OZAR AIR FORCE STATION /NASHIK ARPT,20.119,73.914,34.0,,11.5
2023-02-25T11:30:00,42920099999,OZAR AIR FORCE STATION /NASHIK ARPT,20.119,73.914,33.0,,9.76
2023-02-25T12:00:00,42920099999,OZAR AIR FORCE STATION /NASHIK ARPT,20.119,73.914,32.0,,11.12
2023-02-25T14:00:00,42920099999,OZAR AIR FORCE STATION /NASHIK ARPT,20.119,73.914,23.0,,31.08
2023-02-25T15:00:00,42920099999,OZAR AIR FORCE STATION /NASHIK ARPT,20.119,73.914,24.0,,25.43
2023-02-25T16:00:00,42920099999,OZAR AIR FORCE STATION /NASHIK ARPT,20.119,73.914,22.0,,35.4
2023-02-25T17:00:00,42920099999,OZAR AIR FORCE STATION /NASHIK ARPT,20.119,73.914,22.0,,37.92
2023-02-26T01:30:00,42920099999,OZAR AIR FORCE STATION /NASHIK ARPT,20.119,73.914,11.0,,66.51
2023-02-26T02:00:00,42920099999,OZAR AIR FORCE STATION /NASHIK ARPT,20.119,73.914,11.0,,66.51
2023-02-26T03:00:00,42920099999,OZAR AIR FORCE STATION /NASHIK ARPT,20.119,73.914,19.0,,42.6
2023-02-26T03:30:00,42920099999,OZAR AIR FORCE STATION /NASHIK ARPT,20.119,73.914,22.0,,37.92
2023-02-26T04:00:00,42920099999,OZAR AIR FORCE STATION /NASHIK ARPT,20.119,73.914,25.0,,29.55
2023-02-26T04:30:00,42920099999,OZAR AIR FORCE STATION /NASHIK ARPT,20.119,73.914,28.0,,17.4
2023-02-26T05:00:00,42920099999,OZAR AIR FORCE STATION /NASHIK ARPT,20.119,73.914,29.0,,14.2
2023-02-26T05:30:00,42920099999,OZAR AIR FORCE STATION /NASHIK ARPT,20.119,73.914,30.0,,14.42
2023-02-26T07:30:00,42920099999,OZAR AIR FORCE STATION /NASHIK ARPT,20.119,73.914,33.0,,10.51
2023-02-26T08:00:00,42920099999,OZAR AIR FORCE STATION /NASHIK ARPT,20.119,73.914,33.0,,10.51
2023-02-26T09:00:00,42920099999,OZAR AIR FORCE STATION /NASHIK ARPT,20.119,73.914,33.0,,11.31
2023-02-26T10:30:00,42920099999,OZAR AIR FORCE STATION /NASHIK ARPT,20.119,73.914,33.0,,9.76
2023-02-26T11:00:00,42920099999,OZAR AIR FORCE STATION /NASHIK ARPT,20.119,73.914,33.0,,9.76
2023-02-26T11:30:00,42920099999,OZAR AIR FORCE STATION /NASHIK ARPT,20.119,73.914,32.0,,10.32
2023-02-26T12:00:00,42920099999,OZAR AIR FORCE STATION /NASHIK ARPT,20.119,73.914,32.0,,9.58
2023-02-26T12:30:00,42920099999,OZAR AIR FORCE STATION /NASHIK ARPT,20.119,73.914,31.0,,13.62
2023-02-26T13:00:00,42920099999,OZAR AIR FORCE STATION /NASHIK ARPT,20.119,73.914,29.0,,16.42
2023-02-26T13:30:00,42920099999,OZAR AIR FORCE STATION /NASHIK ARPT,20.119,73.914,26.0,,21.03
2023-02-26T14:00:00,42920099999,OZAR AIR FORCE STATION /NASHIK ARPT,20.119,73.914,25.0,,22.31
2023-02-26T14:30:00,42920099999,OZAR AIR FORCE STATION /NASHIK ARPT,20.119,73.914,24.0,,23.69
2023-02-26T15:00:00,42920099999,OZAR AIR FORCE STATION /NASHIK ARPT,20.119,73.914,22.0,,26.74
2023-02-26T16:00:00,42920099999,OZAR AIR FORCE STATION /NASHIK ARPT,20.119,73.914,22.0,,28.71
2023-02-26T16:30:00,42920099999,OZAR AIR FORCE STATION /NASHIK ARPT,20.119,73.914,21.0,,28.42
2023-02-26T17:00:00,42920099999,OZAR AIR FORCE STATION /NASHIK ARPT,20.119,73.914,21.0,,28.42
2023-02-27T01:30:00,42920099999,OZAR AIR FORCE STATION /NASHIK ARPT,20.119,73.914,12.0,,50.39
2023-02-27T02:00:00,42920099999,OZAR AIR FORCE STATION /NASHIK ARPT,20.119,73.914,12.0,,62.25
2023-02-27T02:30:00,42920099999,OZAR AIR FORCE STATION /NASHIK ARPT,20.119,73.914,15.0,,54.89
2023-02-27T03:00:00,42920099999,OZAR AIR FORCE STATION /NASHIK ARPT,20.119,73.914,18.0,,45.35
2023-02-27T03:30:00,42920099999,OZAR AIR FORCE STATION /NASHIK ARPT,20.119,73.914,22.0,,33.03
2023-02-27T04:00:00,42920099999,OZAR AIR FORCE STATION /NASHIK ARPT,20.119,73.914,26.0,,16.93
2023-02-27T04:30:00,42920099999,OZAR AIR FORCE STATION /NASHIK ARPT,20.119,73.914,28.0,,15.05
2023-02-27T05:00:00,42920099999,OZAR AIR FORCE STATION /NASHIK ARPT,20.119,73.914,29.0,,11.37
2023-02-27T06:00:00,42920099999,OZAR AIR FORCE STATION /NASHIK ARPT,20.119,73.914,30.0,,11.57
2023-02-27T06:30:00,42920099999,OZAR AIR FORCE STATION /NASHIK ARPT,20.119,73.914,31.0,,10.93
2023-02-27T07:00:00,42920099999,OZAR AIR FORCE STATION /NASHIK ARPT,20.119,73.914,31.0,,10.93
2023-02-27T07:30:00,42920099999,OZAR AIR FORCE STATION /NASHIK ARPT,20.119,73.914,31.0,,10.14
2023-02-27T08:00:00,42920099999,OZAR AIR FORCE STATION /NASHIK ARPT,20.119,73.914,32.0,,10.32
2023-02-27T08:30:00,42920099999,OZAR AIR FORCE STATION /NASHIK ARPT,20.119,73.914,32.0,,11.12
2023-02-27T09:00:00,42920099999,OZAR AIR FORCE STATION /NASHIK ARPT,20.119,73.914,33.0,,10.51
2023-02-27T09:30:00,42920099999,OZAR AIR FORCE STATION /NASHIK ARPT,20.119,73.914,34.0,,11.5
2023-02-27T10:00:00,42920099999,OZAR AIR FORCE STATION /NASHIK ARPT,20.119,73.914,33.0,,13.07
2023-02-27T10:30:00,42920099999,OZAR AIR FORCE STATION /NASHIK ARPT,20.119,73.914,33.0,,13.07
2023-02-27T11:00:00,42920099999,OZAR AIR FORCE STATION /NASHIK ARPT,20.119,73.914,33.0,,11.31
2023-02-27T11:30:00,42920099999,OZAR AIR FORCE STATION /NASHIK ARPT,20.119,73.914,33.0,,10.51
2023-02-27T12:00:00,42920099999,OZAR AIR FORCE STATION /NASHIK ARPT,20.119,73.914,32.0,,10.32
2023-02-27T12:30:00,42920099999,OZAR AIR FORCE STATION /NASHIK ARPT,20.119,73.914,31.0,,14.64
2023-02-27T13:00:00,42920099999,OZAR AIR FORCE STATION /NASHIK ARPT,20.119,73.914,29.0,,15.28
2023-02-27T13:30:00,42920099999,OZAR AIR FORCE STATION /NASHIK ARPT,20.119,73.914,27.0,,17.17
2023-02-27T14:00:00,42920099999,OZAR AIR FORCE STATION /NASHIK ARPT,20.119,73.914,26.0,,16.93
2023-02-27T14:30:00,42920099999,OZAR AIR FORCE STATION /NASHIK ARPT,20.119,73.914,23.0,,21.79
2023-02-27T15:00:00,42920099999,OZAR AIR FORCE STATION /NASHIK ARPT,20.119,73.914,23.0,,23.42
2023-02-27T15:30:00,42920099999,OZAR AIR FORCE STATION /NASHIK ARPT,20.119,73.914,22.0,,24.89
2023-02-27T16:00:00,42920099999,OZAR AIR FORCE STATION /NASHIK ARPT,20.119,73.914,22.0,,26.74
2023-02-27T16:30:00,42920099999,OZAR AIR FORCE STATION /NASHIK ARPT,20.119,73.914,17.0,,36.48
2023-02-27T17:00:00,42920099999,OZAR AIR FORCE STATION /NASHIK ARPT,20.119,73.914,17.0,,36.48
2023-02-28T01:30:00,42920099999,OZAR AIR FORCE STATION /NASHIK ARPT,20.119,73.914,13.0,,66.93
2023-02-28T02:00:00,42920099999,OZAR AIR FORCE STATION /NASHIK ARPT,20.119,73.914,13.0,,66.93
2023-02-28T02:30:00,42920099999,OZAR AIR FORCE STATION /NASHIK ARPT,20.119,73.914,16.0,,55.14
2023-02-28T03:00:00,42920099999,OZAR AIR FORCE STATION /NASHIK ARPT,20.119,73.914,20.0,,37.35
2023-02-28T03:30:00,42920099999,OZAR AIR FORCE STATION /NASHIK ARPT,20.119,73.914,24.0,,23.69
2023-02-28T04:00:00,42920099999,OZAR AIR FORCE STATION /NASHIK ARPT,20.119,73.914,27.0,,17.17
2023-02-28T05:30:00,42920099999,OZAR AIR FORCE STATION /NASHIK ARPT,20.119,73.914,30.0,,8.55
2023-02-28T07:00:00,42920099999,OZAR AIR FORCE STATION /NASHIK ARPT,20.119,73.914,32.0,,9.58
2023-02-28T07:30:00,42920099999,OZAR AIR FORCE STATION /NASHIK ARPT,20.119,73.914,32.0,,10.32
2023-02-28T08:00:00,42920099999,OZAR AIR FORCE STATION /NASHIK ARPT,20.119,73.914,32.0,,8.88
2023-02-28T09:00:00,42920099999,OZAR AIR FORCE STATION /NASHIK ARPT,20.119,73.914,34.0,,6.82
2023-02-28T09:30:00,42920099999,OZAR AIR FORCE STATION /NASHIK ARPT,20.119,73.914,33.0,,10.51
2023-02-28T10:00:00,42920099999,OZAR AIR FORCE STATION /NASHIK ARPT,20.119,73.914,34.0,,9.22
2023-02-28T10:30:00,42920099999,OZAR AIR FORCE STATION /NASHIK ARPT,20.119,73.914,34.0,,9.22
2023-02-28T11:00:00,42920099999,OZAR AIR FORCE STATION /NASHIK ARPT,20.119,73.914,33.0,,10.51
2023-02-28T11:30:00,42920099999,OZAR AIR FORCE STATION /NASHIK ARPT,20.119,73.914,33.0,,9.76
2023-02-28T12:00:00,42920099999,OZAR AIR FORCE STATION /NASHIK ARPT,20.119,73.914,32.0,,11.96
2023-02-28T12:30:00,42920099999,OZAR AIR FORCE STATION /NASHIK ARPT,20.119,73.914,30.0,,14.42
2023-02-28T13:00:00,42920099999,OZAR AIR FORCE STATION /NASHIK ARPT,20.119,73.914,28.0,,17.4
2023-02-28T14:00:00,42920099999,OZAR AIR FORCE STATION /NASHIK ARPT,20.119,73.914,24.0,,27.29
2023-02-28T15:00:00,42920099999,OZAR AIR FORCE STATION /NASHIK ARPT,20.119,73.914,23.0,,27.01
2023-02-28T15:30:00,42920099999,OZAR AIR FORCE STATION /NASHIK ARPT,20.119,73.914,22.0,,28.71
2023-02-28T17:00:00,42920099999,OZAR AIR FORCE STATION /NASHIK ARPT,20.119,73.914,20.0,,26.18
2023-03-01T01:30:00,42920099999,OZAR AIR FORCE STATION /NASHIK ARPT,20.119,73.914,17.0,,42.03
2023-03-01T02:00:00,42920099999,OZAR AIR FORCE STATION /NASHIK ARPT,20.119,73.914,16.0,,38.88
2023-03-01T02:30:00,42920099999,OZAR AIR FORCE STATION /NASHIK ARPT,20.119,73.914,18.0,,39.46
2023-03-01T03:00:00,42920099999,OZAR AIR FORCE STATION /NASHIK ARPT,20.119,73.914,19.0,,39.75
2023-03-01T03:30:00,42920099999,OZAR AIR FORCE STATION /NASHIK ARPT,20.119,73.914,20.0,,34.83
2023-03-01T04:00:00,42920099999,OZAR AIR FORCE STATION /NASHIK ARPT,20.119,73.914,23.0,,25.16
2023-03-01T04:30:00,42920099999,OZAR AIR FORCE STATION /NASHIK ARPT,20.119,73.914,23.0,,35.69
2023-03-01T05:30:00,42920099999,OZAR AIR FORCE STATION /NASHIK ARPT,20.119,73.914,27.0,,18.45
2023-03-01T06:00:00,42920099999,OZAR AIR FORCE STATION /NASHIK ARPT,20.119,73.914,29.0,,13.2
2023-03-01T06:30:00,42920099999,OZAR AIR FORCE STATION /NASHIK ARPT,20.119,73.914,30.0,,15.5
2023-03-01T07:00:00,42920099999,OZAR AIR FORCE STATION /NASHIK ARPT,20.119,73.914,32.0,,13.83
2023-03-01T07:30:00,42920099999,OZAR AIR FORCE STATION /NASHIK ARPT,20.119,73.914,32.0,,15.95
2023-03-01T08:00:00,42920099999,OZAR AIR FORCE STATION /NASHIK ARPT,20.119,73.914,32.0,,13.83
2023-03-01T08:30:00,42920099999,OZAR AIR FORCE STATION /NASHIK ARPT,20.119,73.914,32.0,,17.11
2023-03-01T09:30:00,42920099999,OZAR AIR FORCE STATION /NASHIK ARPT,20.119,73.914,32.0,,13.83
2023-03-01T10:00:00,42920099999,OZAR AIR FORCE STATION /NASHIK ARPT,20.119,73.914,33.0,,13.07
2023-03-01T10:30:00,42920099999,OZAR AIR FORCE STATION /NASHIK ARPT,20.119,73.914,33.0,,13.07
2023-03-01T11:00:00,42920099999,OZAR AIR FORCE STATION /NASHIK ARPT,20.119,73.914,32.0,,14.86
2023-03-01T11:30:00,42920099999,OZAR AIR FORCE STATION /NASHIK ARPT,20.119,73.914,31.0,,15.72
2023-03-01T12:00:00,42920099999,OZAR AIR FORCE STATION /NASHIK ARPT,20.119,73.914,31.0,,15.72
2023-03-01T12:30:00,42920099999,OZAR AIR FORCE STATION /NASHIK ARPT,20.119,73.914,29.0,,20.32
2023-03-01T13:00:00,42920099999,OZAR AIR FORCE STATION /NASHIK ARPT,20.119,73.914,28.0,,23.1
2023-03-01T13:30:00,42920099999,OZAR AIR FORCE STATION /NASHIK ARPT,20.119,73.914,25.0,,27.57
2023-03-01T14:00:00,42920099999,OZAR AIR FORCE STATION /NASHIK ARPT,20.119,73.914,23.0,,31.08
2023-03-01T14:30:00,42920099999,OZAR AIR FORCE STATION /NASHIK ARPT,20.119,73.914,25.0,,29.55
2023-03-01T15:00:00,42920099999,OZAR AIR FORCE STATION /NASHIK ARPT,20.119,73.914,24.0,,31.37
2023-03-01T15:30:00,42920099999,OZAR AIR FORCE STATION /NASHIK ARPT,20.119,73.914,24.0,,31.37
2023-03-01T16:00:00,42920099999,OZAR AIR FORCE STATION /NASHIK ARPT,20.119,73.914,23.0,,35.69
2023-03-01T16:30:00,42920099999,OZAR AIR FORCE STATION /NASHIK ARPT,20.119,73.914,22.0,,35.4
2023-03-01T17:00:00,42920099999,OZAR AIR FORCE STATION /NASHIK ARPT,20.119,73.914,21.0,,40.32
2023-03-02T01:30:00,42920099999,OZAR AIR FORCE STATION /NASHIK ARPT,20.119,73.914,14.0,,62.72
2023-03-02T02:00:00,42920099999,OZAR AIR FORCE STATION /NASHIK ARPT,20.119,73.914,15.0,,58.79
2023-03-02T02:30:00,42920099999,OZAR AIR FORCE STATION /NASHIK ARPT,20.119,73.914,17.0,,55.4
2023-03-02T03:00:00,42920099999,OZAR AIR FORCE STATION /NASHIK ARPT,20.119,73.914,23.0,,35.69
2023-03-02T03:30:00,42920099999,OZAR AIR FORCE STATION /NASHIK ARPT,20.119,73.914,25.0,,29.55
2023-03-02T04:00:00,42920099999,OZAR AIR FORCE STATION /NASHIK ARPT,20.119,73.914,26.0,,24.22
2023-03-02T04:30:00,42920099999,OZAR AIR FORCE STATION /NASHIK ARPT,20.119,73.914,28.0,,20.07
2023-03-02T05:30:00,42920099999,OZAR AIR FORCE STATION /NASHIK ARPT,20.119,73.914,29.0,,18.94
2023-03-02T06:00:00,42920099999,OZAR AIR FORCE STATION /NASHIK ARPT,20.119,73.914,30.0,,20.57
2023-03-02T06:30:00,42920099999,OZAR AIR FORCE STATION /NASHIK ARPT,20.119,73.914,30.0,,20.57
2023-03-02T07:00:00,42920099999,OZAR AIR FORCE STATION /NASHIK ARPT,20.119,73.914,30.0,,22.05
2023-03-02T07:30:00,42920099999,OZAR AIR FORCE STATION /NASHIK ARPT,20.119,73.914,31.0,,20.82
2023-03-02T08:00:00,42920099999,OZAR AIR FORCE STATION /NASHIK ARPT,20.119,73.914,32.0,,19.67
2023-03-02T08:30:00,42920099999,OZAR AIR FORCE STATION /NASHIK ARPT,20.119,73.914,32.0,,19.67
2023-03-02T09:00:00,42920099999,OZAR AIR FORCE STATION /NASHIK ARPT,20.119,73.914,33.0,,16.18
2023-03-02T09:30:00,42920099999,OZAR AIR FORCE STATION /NASHIK ARPT,20.119,73.914,33.0,,14.04
2023-03-02T10:00:00,42920099999,OZAR AIR FORCE STATION /NASHIK ARPT,20.119,73.914,33.0,,14.04
2023-03-02T10:30:00,42920099999,OZAR AIR FORCE STATION /NASHIK ARPT,20.119,73.914,32.0,,15.95
2023-03-02T11:00:00,42920099999,OZAR AIR FORCE STATION /NASHIK ARPT,20.119,73.914,32.0,,17.11
2023-03-02T11:30:00,42920099999,OZAR AIR FORCE STATION /NASHIK ARPT,20.119,73.914,31.0,,18.12
2023-03-02T12:00:00,42920099999,OZAR AIR FORCE STATION /NASHIK ARPT,20.119,73.914,31.0,,16.88
2023-03-02T12:30:00,42920099999,OZAR AIR FORCE STATION /NASHIK ARPT,20.119,73.914,30.0,,17.88
2023-03-02T13:00:00,42920099999,OZAR AIR FORCE STATION /NASHIK ARPT,20.119,73.914,28.0,,21.54
2023-03-02T13:30:00,42920099999,OZAR AIR FORCE STATION /NASHIK ARPT,20.119,73.914,26.0,,25.98
2023-03-02T14:00:00,42920099999,OZAR AIR FORCE STATION /NASHIK ARPT,20.119,73.914,25.0,,31.65
2023-03-02T15:00:00,42920099999,OZAR AIR FORCE STATION /NASHIK ARPT,20.119,73.914,23.0,,40.89
2023-03-02T15:30:00,42920099999,OZAR AIR FORCE STATION /NASHIK ARPT,20.119,73.914,21.0,,43.17
2023-03-02T16:00:00,42920099999,OZAR AIR FORCE STATION /NASHIK ARPT,20.119,73.914,20.0,,52.54
2023-03-02T16:30:00,42920099999,OZAR AIR FORCE STATION /NASHIK ARPT,20.119,73.914,18.0,,59.52
2023-03-02T17:00:00,42920099999,OZAR AIR FORCE STATION /NASHIK ARPT,20.119,73.914,18.0,,59.52
2023-03-03T07:00:00,42920099999,OZAR AIR FORCE STATION /NASHIK ARPT,20.119,73.914,33.0,,15.08
2023-03-04T01:30:00,42920099999,OZAR AIR FORCE STATION /NASHIK ARPT,20.119,73.914,15.0,,72.03
2023-03-04T02:00:00,42920099999,OZAR AIR FORCE STATION /NASHIK ARPT,20.119,73.914,16.0,,72.22
2023-03-04T02:30:00,42920099999,OZAR AIR FORCE STATION /NASHIK ARPT,20.119,73.914,19.0,,59.76
2023-03-04T03:00:00,42920099999,OZAR AIR FORCE STATION /NASHIK ARPT,20.119,73.914,22.0,,46.47
2023-03-04T03:30:00,42920099999,OZAR AIR FORCE STATION /NASHIK ARPT,20.119,73.914,24.0,,38.49
2023-03-04T04:00:00,42920099999,OZAR AIR FORCE STATION /NASHIK ARPT,20.119,73.914,27.0,,32.21
2023-03-04T04:30:00,42920099999,OZAR AIR FORCE STATION /NASHIK ARPT,20.119,73.914,29.0,,28.66
2023-03-04T05:00:00,42920099999,OZAR AIR FORCE STATION /NASHIK ARPT,20.119,73.914,29.0,,23.36
2023-03-04T05:30:00,42920099999,OZAR AIR FORCE STATION /NASHIK ARPT,20.119,73.914,31.0,,22.31
2023-03-04T06:00:00,42920099999,OZAR AIR FORCE STATION /NASHIK ARPT,20.119,73.914,31.0,,22.31
2023-03-04T06:30:00,42920099999,OZAR AIR FORCE STATION /NASHIK ARPT,20.119,73.914,33.0,,22.82
2023-03-04T07:00:00,42920099999,OZAR AIR FORCE STATION /NASHIK ARPT,20.119,73.914,34.0,,18.83
2023-03-04T07:30:00,42920099999,OZAR AIR FORCE STATION /NASHIK ARPT,20.119,73.914,34.0,,16.4
2023-03-04T08:00:00,42920099999,OZAR AIR FORCE STATION /NASHIK ARPT,20.119,73.914,34.0,,16.4
2023-03-04T08:30:00,42920099999,OZAR AIR FORCE STATION /NASHIK ARPT,20.119,73.914,34.0,,16.4
2023-03-04T09:00:00,42920099999,OZAR AIR FORCE STATION /NASHIK ARPT,20.119,73.914,34.0,,16.4
2023-03-04T10:00:00,42920099999,OZAR AIR FORCE STATION /NASHIK ARPT,20.119,73.914,34.0,,16.4
2023-03-04T10:30:00,42920099999,OZAR AIR FORCE STATION /NASHIK ARPT,20.119,73.914,34.0,,15.29
2023-03-04T11:00:00,42920099999,OZAR AIR FORCE STATION /NASHIK ARPT,20.119,73.914,33.0,,16.18
2023-03-04T11:30:00,42920099999,OZAR AIR FORCE STATION /NASHIK ARPT,20.119,73.914,33.0,,15.08
2023-03-04T12:00:00,42920099999,OZAR AIR FORCE STATION /NASHIK ARPT,20.119,73.914,32.0,,15.95
2023-03-04T12:30:00,42920099999,OZAR AIR FORCE STATION /NASHIK ARPT,20.119,73.914,31.0,,19.43
2023-03-04T13:00:00,42920099999,OZAR AIR FORCE STATION /NASHIK ARPT,20.119,73.914,28.0,,23.1
2023-03-04T13:30:00,42920099999,OZAR AIR FORCE STATION /NASHIK ARPT,20.119,73.914,26.0,,24.22
2023-03-04T14:00:00,42920099999,OZAR AIR FORCE STATION /NASHIK ARPT,20.119,73.914,25.0,,31.65
2023-03-04T14:30:00,42920099999,OZAR AIR FORCE STATION /NASHIK ARPT,20.119,73.914,24.0,,41.17
2023-03-04T15:00:00,42920099999,OZAR AIR FORCE STATION /NASHIK ARPT,20.119,73.914,28.0,,30.38
2023-03-04T15:30:00,42920099999,OZAR AIR FORCE STATION /NASHIK ARPT,20.119,73.914,27.0,,32.21
2023-03-04T16:00:00,42920099999,OZAR AIR FORCE STATION /NASHIK ARPT,20.119,73.914,26.0,,36.54
2023-03-04T16:30:00,42920099999,OZAR AIR FORCE STATION /NASHIK ARPT,20.119,73.914,26.0,,34.17
2023-03-04T17:00:00,42920099999,OZAR AIR FORCE STATION /NASHIK ARPT,20.119,73.914,25.0,,38.78
2023-03-05T01:30:00,42920099999,OZAR AIR FORCE STATION /NASHIK ARPT,20.119,73.914,20.0,,52.54
2023-03-05T02:00:00,42920099999,OZAR AIR FORCE STATION /NASHIK ARPT,20.119,73.914,20.0,,60.0
2023-03-05T02:30:00,42920099999,OZAR AIR FORCE STATION /NASHIK ARPT,20.119,73.914,22.0,,53.06
2023-03-05T03:00:00,42920099999,OZAR AIR FORCE STATION /NASHIK ARPT,20.119,73.914,25.0,,38.78
2023-03-05T03:30:00,42920099999,OZAR AIR FORCE STATION /NASHIK ARPT,20.119,73.914,26.0,,34.17
2023-03-05T04:00:00,42920099999,OZAR AIR FORCE STATION /NASHIK ARPT,20.119,73.914,27.0,,30.1
2023-03-05T04:30:00,42920099999,OZAR AIR FORCE STATION /NASHIK ARPT,20.119,73.914,27.0,,32.21
2023-03-05T05:00:00,42920099999,OZAR AIR FORCE STATION /NASHIK ARPT,20.119,73.914,28.0,,30.38
2023-03-05T06:00:00,42920099999,OZAR AIR FORCE STATION /NASHIK ARPT,20.119,73.914,30.0,,25.29
2023-03-05T06:30:00,42920099999,OZAR AIR FORCE STATION /NASHIK ARPT,20.119,73.914,31.0,,22.31
2023-03-05T07:00:00,42920099999,OZAR AIR FORCE STATION /NASHIK ARPT,20.119,73.914,31.0,,23.88
2023-03-05T07:30:00,42920099999,OZAR AIR FORCE STATION /NASHIK ARPT,20.119,73.914,31.0,,22.31
2023-03-05T08:00:00,42920099999,OZAR AIR FORCE STATION /NASHIK ARPT,20.119,73.914,31.0,,22.31
2023-03-05T08:30:00,42920099999,OZAR AIR FORCE STATION /NASHIK ARPT,20.119,73.914,31.0,,23.88
2023-03-05T10:00:00,42920099999,OZAR AIR FORCE STATION /NASHIK ARPT,20.119,73.914,31.0,,25.55
2023-03-05T10:30:00,42920099999,OZAR AIR FORCE STATION /NASHIK ARPT,20.119,73.914,32.0,,21.07
2023-03-05T11:00:00,42920099999,OZAR AIR FORCE STATION /NASHIK ARPT,20.119,73.914,31.0,,23.88
2023-03-05T11:30:00,42920099999,OZAR AIR FORCE STATION /NASHIK ARPT,20.119,73.914,31.0,,25.55
2023-03-05T12:00:00,42920099999,OZAR AIR FORCE STATION /NASHIK ARPT,20.119,73.914,30.0,,27.06
2023-03-05T12:30:00,42920099999,OZAR AIR FORCE STATION /NASHIK ARPT,20.119,73.914,29.0,,30.66
2023-03-05T13:00:00,42920099999,OZAR AIR FORCE STATION /NASHIK ARPT,20.119,73.914,28.0,,32.49
2023-03-05T13:30:00,42920099999,OZAR AIR FORCE STATION /NASHIK ARPT,20.119,73.914,26.0,,34.17
2023-03-05T14:00:00,42920099999,OZAR AIR FORCE STATION /NASHIK ARPT,20.119,73.914,26.0,,39.06
2023-03-05T14:30:00,42920099999,OZAR AIR FORCE STATION /NASHIK ARPT,20.119,73.914,26.0,,36.54
2023-03-05T15:00:00,42920099999,OZAR AIR FORCE STATION /NASHIK ARPT,20.119,73.914,24.0,,47.01
2023-03-05T15:30:00,42920099999,OZAR AIR FORCE STATION /NASHIK ARPT,20.119,73.914,24.0,,50.2
2023-03-05T16:00:00,42920099999,OZAR AIR FORCE STATION /NASHIK ARPT,20.119,73.914,25.0,,36.26
2023-03-05T17:00:00,42920099999,OZAR AIR FORCE STATION /NASHIK ARPT,20.119,73.914,23.0,,46.74
2023-03-06T01:30:00,42920099999,OZAR AIR FORCE STATION /NASHIK ARPT,20.119,73.914,20.0,,64.07
2023-03-06T02:00:00,42920099999,OZAR AIR FORCE STATION /NASHIK ARPT,20.119,73.914,19.0,,72.76
2023-03-06T02:30:00,42920099999,OZAR AIR FORCE STATION /NASHIK ARPT,20.119,73.914,18.0,,82.63
2023-03-06T03:00:00,42920099999,OZAR AIR FORCE STATION /NASHIK ARPT,20.119,73.914,20.0,,64.07
2023-03-06T03:30:00,42920099999,OZAR AIR FORCE STATION /NASHIK ARPT,20.119,73.914,20.0,,82.87
2023-03-06T04:00:00,42920099999,OZAR AIR FORCE STATION /NASHIK ARPT,20.119,73.914,22.0,,64.5
2023-03-06T04:30:00,42920099999,OZAR AIR FORCE STATION /NASHIK ARPT,20.119,73.914,22.0,,68.77
2023-03-06T05:00:00,42920099999,OZAR AIR FORCE STATION /NASHIK ARPT,20.119,73.914,22.0,,64.5
2023-03-06T05:30:00,42920099999,OZAR AIR FORCE STATION /NASHIK ARPT,20.119,73.914,24.0,,44.01
2023-03-06T06:30:00,42920099999,OZAR AIR FORCE STATION /NASHIK ARPT,20.119,73.914,26.0,,39.06
2023-03-06T07:00:00,42920099999,OZAR AIR FORCE STATION /NASHIK ARPT,20.119,73.914,24.0,,47.01
2023-03-06T07:30:00,42920099999,OZAR AIR FORCE STATION /NASHIK ARPT,20.119,73.914,24.0,,53.58
2023-03-06T08:00:00,42920099999,OZAR AIR FORCE STATION /NASHIK ARPT,20.119,73.914,25.0,,47.28
2023-03-06T08:30:00,42920099999,OZAR AIR FORCE STATION /NASHIK ARPT,20.119,73.914,24.0,,47.01
2023-03-06T09:00:00,42920099999,OZAR AIR FORCE STATION /NASHIK ARPT,20.119,73.914,26.0,,39.06
2023-03-06T09:30:00,42920099999,OZAR AIR FORCE STATION /NASHIK ARPT,20.119,73.914,24.0,,50.2
2023-03-06T10:00:00,42920099999,OZAR AIR FORCE STATION /NASHIK ARPT,20.119,73.914,25.0,,53.83
2023-03-06T10:30:00,42920099999,OZAR AIR FORCE STATION /NASHIK ARPT,20.119,73.914,24.0,,44.01
2023-03-06T11:00:00,42920099999,OZAR AIR FORCE STATION /NASHIK ARPT,20.119,73.914,24.0,,44.01
2023-03-06T12:00:00,42920099999,OZAR AIR FORCE STATION /NASHIK ARPT,20.119,73.914,24.0,,47.01
2023-03-06T12:30:00,42920099999,OZAR AIR FORCE STATION /NASHIK ARPT,20.119,73.914,23.0,,49.93
2023-03-06T13:00:00,42920099999,OZAR AIR FORCE STATION /NASHIK ARPT,20.119,73.914,22.0,,49.67
2023-03-06T13:30:00,42920099999,OZAR AIR FORCE STATION /NASHIK ARPT,20.119,73.914,22.0,,46.47
2023-03-06T14:00:00,42920099999,OZAR AIR FORCE STATION /NASHIK ARPT,20.119,73.914,22.0,,46.47
2023-03-06T14:30:00,42920099999,OZAR AIR FORCE STATION /NASHIK ARPT,20.119,73.914,20.0,,56.16
2023-03-06T15:00:00,42920099999,OZAR AIR FORCE STATION /NASHIK ARPT,20.119,73.914,20.0,,60.0
2023-03-06T15:30:00,42920099999,OZAR AIR FORCE STATION /NASHIK ARPT,20.119,73.914,22.0,,49.67
2023-03-06T16:00:00,42920099999,OZAR AIR FORCE STATION /NASHIK ARPT,20.119,73.914,19.0,,68.18
2023-03-06T16:30:00,42920099999,OZAR AIR FORCE STATION /NASHIK ARPT,20.119,73.914,19.0,,68.18
2023-03-06T17:00:00,42920099999,OZAR AIR FORCE STATION /NASHIK ARPT,20.119,73.914,18.0,,77.46
2023-03-07T01:30:00,42920099999,OZAR AIR FORCE STATION /NASHIK ARPT,20.119,73.914,16.0,,100.0
2023-03-07T02:00:00,42920099999,OZAR AIR FORCE STATION /NASHIK ARPT,20.119,73.914,17.0,,100.0
2023-03-07T02:30:00,42920099999,OZAR AIR FORCE STATION /NASHIK ARPT,20.119,73.914,17.0,,88.01
2023-03-07T03:00:00,42920099999,OZAR AIR FORCE STATION /NASHIK ARPT,20.119,73.914,17.0,,88.01
2023-03-07T03:30:00,42920099999,OZAR AIR FORCE STATION /NASHIK ARPT,20.119,73.914,19.0,,93.93
2023-03-07T04:00:00,42920099999,OZAR AIR FORCE STATION /NASHIK ARPT,20.119,73.914,19.0,,93.93
2023-03-07T04:30:00,42920099999,OZAR AIR FORCE STATION /NASHIK ARPT,20.119,73.914,20.0,,88.27
2023-03-07T05:00:00,42920099999,OZAR AIR FORCE STATION /NASHIK ARPT,20.119,73.914,20.0,,82.87
2023-03-07T05:30:00,42920099999,OZAR AIR FORCE STATION /NASHIK ARPT,20.119,73.914,22.0,,64.5
2023-03-07T06:00:00,42920099999,OZAR AIR FORCE STATION /NASHIK ARPT,20.119,73.914,23.0,,60.7
2023-03-07T07:00:00,42920099999,OZAR AIR FORCE STATION /NASHIK ARPT,20.119,73.914,24.0,,50.2
2023-03-07T07:30:00,42920099999,OZAR AIR FORCE STATION /NASHIK ARPT,20.119,73.914,25.0,,44.28
2023-03-07T08:00:00,42920099999,OZAR AIR FORCE STATION /NASHIK ARPT,20.119,73.914,26.0,,39.06
2023-03-07T08:30:00,42920099999,OZAR AIR FORCE STATION /NASHIK ARPT,20.119,73.914,27.0,,39.34
2023-03-07T09:00:00,42920099999,OZAR AIR FORCE STATION /NASHIK ARPT,20.119,73.914,29.0,,30.66
2023-03-07T10:00:00,42920099999,OZAR AIR FORCE STATION /NASHIK ARPT,20.119,73.914,27.0,,44.83
2023-03-07T10:30:00,42920099999,OZAR AIR FORCE STATION /NASHIK ARPT,20.119,73.914,27.0,,42.01
2023-03-07T11:30:00,42920099999,OZAR AIR FORCE STATION /NASHIK ARPT,20.119,73.914,27.0,,36.82
2023-03-07T12:00:00,42920099999,OZAR AIR FORCE STATION /NASHIK ARPT,20.119,73.914,27.0,,36.82
2023-03-07T12:30:00,42920099999,OZAR AIR FORCE STATION /NASHIK ARPT,20.119,73.914,26.0,,41.73
2023-03-07T13:00:00,42920099999,OZAR AIR FORCE STATION /NASHIK ARPT,20.119,73.914,24.0,,53.58
2023-03-07T13:30:00,42920099999,OZAR AIR FORCE STATION /NASHIK ARPT,20.119,73.914,21.0,,64.29
2023-03-07T14:00:00,42920099999,OZAR AIR FORCE STATION /NASHIK ARPT,20.119,73.914,21.0,,64.29
2023-03-07T15:00:00,42920099999,OZAR AIR FORCE STATION /NASHIK ARPT,20.119,73.914,20.0,,77.77
2023-03-07T15:30:00,42920099999,OZAR AIR FORCE STATION /NASHIK ARPT,20.119,73.914,21.0,,73.11
2023-03-07T16:00:00,42920099999,OZAR AIR FORCE STATION /NASHIK ARPT,20.119,73.914,19.0,,100.0
2023-03-07T17:00:00,42920099999,OZAR AIR FORCE STATION /NASHIK ARPT,20.119,73.914,19.0,,77.62
2023-03-08T01:30:00,42920099999,OZAR AIR FORCE STATION /NASHIK ARPT,20.119,73.914,12.0,,93.6
2023-03-08T02:00:00,42920099999,OZAR AIR FORCE STATION /NASHIK ARPT,20.119,73.914,13.0,,93.65
2023-03-08T02:30:00,42920099999,OZAR AIR FORCE STATION /NASHIK ARPT,20.119,73.914,15.0,,93.75
2023-03-08T03:00:00,42920099999,OZAR AIR FORCE STATION /NASHIK ARPT,20.119,73.914,18.0,,93.88
2023-03-08T03:30:00,42920099999,OZAR AIR FORCE STATION /NASHIK ARPT,20.119,73.914,20.0,,88.27
2023-03-08T04:00:00,42920099999,OZAR AIR FORCE STATION /NASHIK ARPT,20.119,73.914,22.0,,64.5
2023-03-08T04:30:00,42920099999,OZAR AIR FORCE STATION /NASHIK ARPT,20.119,73.914,24.0,,50.2
2023-03-08T05:00:00,42920099999,OZAR AIR FORCE STATION /NASHIK ARPT,20.119,73.914,26.0,,44.56
2023-03-08T05:30:00,42920099999,OZAR AIR FORCE STATION /NASHIK ARPT,20.119,73.914,27.0,,42.01
2023-03-08T06:00:00,42920099999,OZAR AIR FORCE STATION /NASHIK ARPT,20.119,73.914,29.0,,28.66
2023-03-08T06:30:00,42920099999,OZAR AIR FORCE STATION /NASHIK ARPT,20.119,73.914,29.0,,26.79
2023-03-08T07:00:00,42920099999,OZAR AIR FORCE STATION /NASHIK ARPT,20.119,73.914,29.0,,30.66
2023-03-08T07:30:00,42920099999,OZAR AIR FORCE STATION /NASHIK ARPT,20.119,73.914,30.0,,30.93
2023-03-08T08:00:00,42920099999,OZAR AIR FORCE STATION /NASHIK ARPT,20.119,73.914,30.0,,25.29
2023-03-08T08:30:00,42920099999,OZAR AIR FORCE STATION /NASHIK ARPT,20.119,73.914,31.0,,20.82
2023-03-08T09:00:00,42920099999,OZAR AIR FORCE STATION /NASHIK ARPT,20.119,73.914,31.0,,20.82
2023-03-08T10:00:00,42920099999,OZAR AIR FORCE STATION /NASHIK ARPT,20.119,73.914,30.0,,23.62
2023-03-08T10:30:00,42920099999,OZAR AIR FORCE STATION /NASHIK ARPT,20.119,73.914,30.0,,23.62
2023-03-08T11:00:00,42920099999,OZAR AIR FORCE STATION /NASHIK ARPT,20.119,73.914,29.0,,18.94
2023-03-08T12:00:00,42920099999,OZAR AIR FORCE STATION /NASHIK ARPT,20.119,73.914,26.0,,29.82
2023-03-08T12:30:00,42920099999,OZAR AIR FORCE STATION /NASHIK ARPT,20.119,73.914,25.0,,31.65
2023-03-08T13:00:00,42920099999,OZAR AIR FORCE STATION /NASHIK ARPT,20.119,73.914,25.0,,36.26
2023-03-08T13:30:00,42920099999,OZAR AIR FORCE STATION /NASHIK ARPT,20.119,73.914,23.0,,43.73
2023-03-08T14:00:00,42920099999,OZAR AIR FORCE STATION /NASHIK ARPT,20.119,73.914,24.0,,41.17
2023-03-08T15:00:00,42920099999,OZAR AIR FORCE STATION /NASHIK ARPT,20.119,73.914,23.0,,35.69
2023-03-08T15:30:00,42920099999,OZAR AIR FORCE STATION /NASHIK ARPT,20.119,73.914,22.0,,46.47
2023-03-08T16:00:00,42920099999,OZAR AIR FORCE STATION /NASHIK ARPT,20.119,73.914,21.0,,49.4
2023-03-08T16:30:00,42920099999,OZAR AIR FORCE STATION /NASHIK ARPT,20.119,73.914,20.0,,52.54
2023-03-08T17:00:00,42920099999,OZAR AIR FORCE STATION /NASHIK ARPT,20.119,73.914,20.0,,52.54
2023-03-09T01:30:00,42920099999,OZAR AIR FORCE STATION /NASHIK ARPT,20.119,73.914,12.0,,87.57
2023-03-09T02:00:00,42920099999,OZAR AIR FORCE STATION /NASHIK ARPT,20.119,73.914,14.0,,82.14
2023-03-09T02:30:00,42920099999,OZAR AIR FORCE STATION /NASHIK ARPT,20.119,73.914,16.0,,77.16
2023-03-09T03:00:00,42920099999,OZAR AIR FORCE STATION /NASHIK ARPT,20.119,73.914,20.0,,56.16
2023-03-09T03:30:00,42920099999,OZAR AIR FORCE STATION /NASHIK ARPT,20.119,73.914,22.0,,43.45
2023-03-09T04:00:00,42920099999,OZAR AIR FORCE STATION /NASHIK ARPT,20.119,73.914,24.0,,29.27
2023-03-09T04:30:00,42920099999,OZAR AIR FORCE STATION /NASHIK ARPT,20.119,73.914,26.0,,24.22
2023-03-09T05:00:00,42920099999,OZAR AIR FORCE STATION /NASHIK ARPT,20.119,73.914,26.0,,27.84
2023-03-09T05:30:00,42920099999,OZAR AIR FORCE STATION /NASHIK ARPT,20.119,73.914,27.0,,26.25
2023-03-09T06:00:00,42920099999,OZAR AIR FORCE STATION /NASHIK ARPT,20.119,73.914,28.0,,23.1
2023-03-09T06:30:00,42920099999,OZAR AIR FORCE STATION /NASHIK ARPT,20.119,73.914,29.0,,25.02
2023-03-09T07:00:00,42920099999,OZAR AIR FORCE STATION /NASHIK ARPT,20.119,73.914,30.0,,22.05
2023-03-09T07:30:00,42920099999,OZAR AIR FORCE STATION /NASHIK ARPT,20.119,73.914,31.0,,20.82
2023-03-09T08:00:00,42920099999,OZAR AIR FORCE STATION /NASHIK ARPT,20.119,73.914,31.0,,19.43
2023-03-09T08:30:00,42920099999,OZAR AIR FORCE STATION /NASHIK ARPT,20.119,73.914,31.0,,14.64
2023-03-09T09:00:00,42920099999,OZAR AIR FORCE STATION /NASHIK ARPT,20.119,73.914,32.0,,15.95
2023-03-09T09:30:00,42920099999,OZAR AIR FORCE STATION /NASHIK ARPT,20.119,73.914,32.0,,14.86
2023-03-09T10:00:00,42920099999,OZAR AIR FORCE STATION /NASHIK ARPT,20.119,73.914,32.0,,13.83
2023-03-09T10:30:00,42920099999,OZAR AIR FORCE STATION /NASHIK ARPT,20.119,73.914,32.0,,13.83
2023-03-09T11:00:00,42920099999,OZAR AIR FORCE STATION /NASHIK ARPT,20.119,73.914,31.0,,13.62
2023-03-09T11:30:00,42920099999,OZAR AIR FORCE STATION /NASHIK ARPT,20.119,73.914,31.0,,13.62
2023-03-09T12:00:00,42920099999,OZAR AIR FORCE STATION /NASHIK ARPT,20.119,73.914,29.0,,16.42
2023-03-09T12:30:00,42920099999,OZAR AIR FORCE STATION /NASHIK ARPT,20.119,73.914,28.0,,20.07
2023-03-09T13:00:00,42920099999,OZAR AIR FORCE STATION /NASHIK ARPT,20.119,73.914,27.0,,21.28
2023-03-09T13:30:00,42920099999,OZAR AIR FORCE STATION /NASHIK ARPT,20.119,73.914,25.0,,27.57
2023-03-09T14:00:00,42920099999,OZAR AIR FORCE STATION /NASHIK ARPT,20.119,73.914,23.0,,31.08
2023-03-09T15:00:00,42920099999,OZAR AIR FORCE STATION /NASHIK ARPT,20.119,73.914,22.0,,37.92
2023-03-09T15:30:00,42920099999,OZAR AIR FORCE STATION /NASHIK ARPT,20.119,73.914,23.0,,28.99
2023-03-09T16:00:00,42920099999,OZAR AIR FORCE STATION /NASHIK ARPT,20.119,73.914,23.0,,27.01
2023-03-09T16:30:00,42920099999,OZAR AIR FORCE STATION /NASHIK ARPT,20.119,73.914,22.0,,28.71
2023-03-09T17:00:00,42920099999,OZAR AIR FORCE STATION /NASHIK ARPT,20.119,73.914,21.0,,28.42
2023-03-10T01:30:00,42920099999,OZAR AIR FORCE STATION /NASHIK ARPT,20.119,73.914,12.0,,66.72
2023-03-10T02:00:00,42920099999,OZAR AIR FORCE STATION /NASHIK ARPT,20.119,73.914,13.0,,66.93
2023-03-10T02:30:00,42920099999,OZAR AIR FORCE STATION /NASHIK ARPT,20.119,73.914,15.0,,58.79
2023-03-10T03:00:00,42920099999,OZAR AIR FORCE STATION /NASHIK ARPT,20.119,73.914,21.0,,32.75
2023-03-10T03:30:00,42920099999,OZAR AIR FORCE STATION /NASHIK ARPT,20.119,73.914,23.0,,27.01
2023-03-10T04:00:00,42920099999,OZAR AIR FORCE STATION /NASHIK ARPT,20.119,73.914,25.0,,23.96
2023-03-10T04:30:00,42920099999,OZAR AIR FORCE STATION /NASHIK ARPT,20.119,73.914,26.0,,24.22
2023-03-10T05:00:00,42920099999,OZAR AIR FORCE STATION /NASHIK ARPT,20.119,73.914,27.0,,22.84
2023-03-10T05:30:00,42920099999,OZAR AIR FORCE STATION /NASHIK ARPT,20.119,73.914,29.0,,18.94
2023-03-10T06:00:00,42920099999,OZAR AIR FORCE STATION /NASHIK ARPT,20.119,73.914,29.0,,18.94
2023-03-10T07:00:00,42920099999,OZAR AIR FORCE STATION /NASHIK ARPT,20.119,73.914,30.0,,20.57
2023-03-10T07:30:00,42920099999,OZAR AIR FORCE STATION /NASHIK ARPT,20.119,73.914,30.0,,19.18
2023-03-10T08:00:00,42920099999,OZAR AIR FORCE STATION /NASHIK ARPT,20.119,73.914,31.0,,15.72
2023-03-10T08:30:00,42920099999,OZAR AIR FORCE STATION /NASHIK ARPT,20.119,73.914,31.0,,18.12
2023-03-10T09:00:00,42920099999,OZAR AIR FORCE STATION /NASHIK ARPT,20.119,73.914,31.0,,15.72
2023-03-10T09:30:00,42920099999,OZAR AIR FORCE STATION /NASHIK ARPT,20.119,73.914,31.0,,15.72
2023-03-10T10:00:00,42920099999,OZAR AIR FORCE STATION /NASHIK ARPT,20.119,73.914,32.0,,15.95
2023-03-10T10:30:00,42920099999,OZAR AIR FORCE STATION /NASHIK ARPT,20.119,73.914,31.0,,16.88
2023-03-10T11:00:00,42920099999,OZAR AIR FORCE STATION /NASHIK ARPT,20.119,73.914,31.0,,15.72
2023-03-10T11:30:00,42920099999,OZAR AIR FORCE STATION /NASHIK ARPT,20.119,73.914,31.0,,15.72
2023-03-10T12:30:00,42920099999,OZAR AIR FORCE STATION /NASHIK ARPT,20.119,73.914,30.0,,17.88
2023-03-10T13:00:00,42920099999,OZAR AIR FORCE STATION /NASHIK ARPT,20.119,73.914,28.0,,21.54
2023-03-10T13:30:00,42920099999,OZAR AIR FORCE STATION /NASHIK ARPT,20.119,73.914,26.0,,27.84
2023-03-10T14:00:00,42920099999,OZAR AIR FORCE STATION /NASHIK ARPT,20.119,73.914,22.0,,35.4
2023-03-10T15:00:00,42920099999,OZAR AIR FORCE STATION /NASHIK ARPT,20.119,73.914,21.0,,40.32
2023-03-10T15:30:00,42920099999,OZAR AIR FORCE STATION /NASHIK ARPT,20.119,73.914,21.0,,37.64
2023-03-10T16:30:00,42920099999,OZAR AIR FORCE STATION /NASHIK ARPT,20.119,73.914,21.0,,46.19
2023-03-10T17:00:00,42920099999,OZAR AIR FORCE STATION /NASHIK ARPT,20.119,73.914,20.0,,42.88
2023-03-11T01:30:00,42920099999,OZAR AIR FORCE STATION /NASHIK ARPT,20.119,73.914,13.0,,76.68
2023-03-11T02:00:00,42920099999,OZAR AIR FORCE STATION /NASHIK ARPT,20.119,73.914,16.0,,67.56
2023-03-11T02:30:00,42920099999,OZAR AIR FORCE STATION /NASHIK ARPT,20.119,73.914,22.0,,35.4
2023-03-11T03:00:00,42920099999,OZAR AIR FORCE STATION /NASHIK ARPT,20.119,73.914,23.0,,31.08
2023-03-11T03:30:00,42920099999,OZAR AIR FORCE STATION /NASHIK ARPT,20.119,73.914,24.0,,31.37
2023-03-11T04:00:00,42920099999,OZAR AIR FORCE STATION /NASHIK ARPT,20.119,73.914,26.0,,24.22
2023-03-11T04:30:00,42920099999,OZAR AIR FORCE STATION /NASHIK ARPT,20.119,73.914,27.0,,21.28
2023-03-11T05:00:00,42920099999,OZAR AIR FORCE STATION /NASHIK ARPT,20.119,73.914,28.0,,20.07
2023-03-11T05:30:00,42920099999,OZAR AIR FORCE STATION /NASHIK ARPT,20.119,73.914,29.0,,20.32
2023-03-11T06:30:00,42920099999,OZAR AIR FORCE STATION /NASHIK ARPT,20.119,73.914,30.0,,19.18
2023-03-11T07:00:00,42920099999,OZAR AIR FORCE STATION /NASHIK ARPT,20.119,73.914,30.0,,19.18
2023-03-11T07:30:00,42920099999,OZAR AIR FORCE STATION /NASHIK ARPT,20.119,73.914,30.0,,19.18
2023-03-11T08:00:00,42920099999,OZAR AIR FORCE STATION /NASHIK ARPT,20.119,73.914,32.0,,17.11
2023-03-11T08:30:00,42920099999,OZAR AIR FORCE STATION /NASHIK ARPT,20.119,73.914,32.0,,17.11
2023-03-11T09:00:00,42920099999,OZAR AIR FORCE STATION /NASHIK ARPT,20.119,73.914,32.0,,17.11
2023-03-11T09:30:00,42920099999,OZAR AIR FORCE STATION /NASHIK ARPT,20.119,73.914,32.0,,17.11
2023-03-11T11:00:00,42920099999,OZAR AIR FORCE STATION /NASHIK ARPT,20.119,73.914,32.0,,15.95
2023-03-11T11:30:00,42920099999,OZAR AIR FORCE STATION /NASHIK ARPT,20.119,73.914,31.0,,16.88
2023-03-11T12:00:00,42920099999,OZAR AIR FORCE STATION /NASHIK ARPT,20.119,73.914,31.0,,18.12
2023-03-11T12:30:00,42920099999,OZAR AIR FORCE STATION /NASHIK ARPT,20.119,73.914,30.0,,19.18
2023-03-11T13:00:00,42920099999,OZAR AIR FORCE STATION /NASHIK ARPT,20.119,73.914,29.0,,20.32
2023-03-11T13:30:00,42920099999,OZAR AIR FORCE STATION /NASHIK ARPT,20.119,73.914,28.0,,21.54
2023-03-11T14:00:00,42920099999,OZAR AIR FORCE STATION /NASHIK ARPT,20.119,73.914,23.0,,31.08
2023-03-11T14:30:00,42920099999,OZAR AIR FORCE STATION /NASHIK ARPT,20.119,73.914,22.0,,35.4
2023-03-11T15:00:00,42920099999,OZAR AIR FORCE STATION /NASHIK ARPT,20.119,73.914,22.0,,35.4
2023-03-11T15:30:00,42920099999,OZAR AIR FORCE STATION /NASHIK ARPT,20.119,73.914,22.0,,43.45
2023-03-11T16:00:00,42920099999,OZAR AIR FORCE STATION /NASHIK ARPT,20.119,73.914,21.0,,43.17
2023-03-11T16:30:00,42920099999,OZAR AIR FORCE STATION /NASHIK ARPT,20.119,73.914,21.0,,46.19
2023-03-11T17:00:00,42920099999,OZAR AIR FORCE STATION /NASHIK ARPT,20.119,73.914,21.0,,52.8
2023-03-12T02:00:00,42920099999,OZAR AIR FORCE STATION /NASHIK ARPT,20.119,73.914,16.0,,67.56
2023-03-12T02:30:00,42920099999,OZAR AIR FORCE STATION /NASHIK ARPT,20.119,73.914,18.0,,63.62
2023-03-12T03:00:00,42920099999,OZAR AIR FORCE STATION /NASHIK ARPT,20.119,73.914,21.0,,52.8
2023-03-12T04:00:00,42920099999,OZAR AIR FORCE STATION /NASHIK ARPT,20.119,73.914,27.0,,26.25
2023-03-12T05:00:00,42920099999,OZAR AIR FORCE STATION /NASHIK ARPT,20.119,73.914,30.0,,19.18
2023-03-12T06:00:00,42920099999,OZAR AIR FORCE STATION /NASHIK ARPT,20.119,73.914,31.0,,20.82
2023-03-12T07:00:00,42920099999,OZAR AIR FORCE STATION /NASHIK ARPT,20.119,73.914,32.0,,22.56
2023-03-12T08:00:00,42920099999,OZAR AIR FORCE STATION /NASHIK ARPT,20.119,73.914,33.0,,19.92
2023-03-12T09:00:00,42920099999,OZAR AIR FORCE STATION /NASHIK ARPT,20.119,73.914,34.0,,15.29
2023-03-12T10:00:00,42920099999,OZAR AIR FORCE STATION /NASHIK ARPT,20.119,73.914,34.0,,15.29
2023-03-12T10:30:00,42920099999,OZAR AIR FORCE STATION /NASHIK ARPT,20.119,73.914,32.0,,19.67
2023-03-12T11:00:00,42920099999,OZAR AIR FORCE STATION /NASHIK ARPT,20.119,73.914,33.0,,17.35
2023-03-12T11:30:00,42920099999,OZAR AIR FORCE STATION /NASHIK ARPT,20.119,73.914,32.0,,18.35
2023-03-12T12:30:00,42920099999,OZAR AIR FORCE STATION /NASHIK ARPT,20.119,73.914,30.0,,20.57
2023-03-12T13:00:00,42920099999,OZAR AIR FORCE STATION /NASHIK ARPT,20.119,73.914,29.0,,21.79
2023-03-12T14:00:00,42920099999,OZAR AIR FORCE STATION /NASHIK ARPT,20.119,73.914,25.0,,31.65
2023-03-12T14:30:00,42920099999,OZAR AIR FORCE STATION /NASHIK ARPT,20.119,73.914,23.0,,38.21
2023-03-12T15:00:00,42920099999,OZAR AIR FORCE STATION /NASHIK ARPT,20.119,73.914,23.0,,38.21
2023-03-12T15:30:00,42920099999,OZAR AIR FORCE STATION /NASHIK ARPT,20.119,73.914,23.0,,35.69
2023-03-12T16:30:00,42920099999,OZAR AIR FORCE STATION /NASHIK ARPT,20.119,73.914,22.0,,43.45
2023-03-13T01:30:00,42920099999,OZAR AIR FORCE STATION /NASHIK ARPT,20.119,73.914,17.0,,67.77
2023-03-13T02:00:00,42920099999,OZAR AIR FORCE STATION /NASHIK ARPT,20.119,73.914,21.0,,46.19
2023-03-13T02:30:00,42920099999,OZAR AIR FORCE STATION /NASHIK ARPT,20.119,73.914,24.0,,35.97
2023-03-13T03:00:00,42920099999,OZAR AIR FORCE STATION /NASHIK ARPT,20.119,73.914,26.0,,25.98
2023-03-13T03:30:00,42920099999,OZAR AIR FORCE STATION /NASHIK ARPT,20.119,73.914,26.0,,29.82
2023-03-13T04:30:00,42920099999,OZAR AIR FORCE STATION /NASHIK ARPT,20.119,73.914,30.0,,22.05
2023-03-13T05:00:00,42920099999,OZAR AIR FORCE STATION /NASHIK ARPT,20.119,73.914,30.0,,22.05
2023-03-13T05:30:00,42920099999,OZAR AIR FORCE STATION /NASHIK ARPT,20.119,73.914,30.0,,23.62
2023-03-13T06:30:00,42920099999,OZAR AIR FORCE STATION /NASHIK ARPT,20.119,73.914,32.0,,22.56
2023-03-13T07:00:00,42920099999,OZAR AIR FORCE STATION /NASHIK ARPT,20.119,73.914,33.0,,19.92
2023-03-13T07:30:00,42920099999,OZAR AIR FORCE STATION /NASHIK ARPT,20.119,73.914,33.0,,18.59
2023-03-13T08:00:00,42920099999,OZAR AIR FORCE STATION /NASHIK ARPT,20.119,73.914,32.0,,17.11
2023-03-13T08:30:00,42920099999,OZAR AIR FORCE STATION /NASHIK ARPT,20.119,73.914,33.0,,16.18
2023-03-13T09:00:00,42920099999,OZAR AIR FORCE STATION /NASHIK ARPT,20.119,73.914,34.0,,15.29
2023-03-13T09:30:00,42920099999,OZAR AIR FORCE STATION /NASHIK ARPT,20.119,73.914,33.0,,15.08
2023-03-13T10:00:00,42920099999,OZAR AIR FORCE STATION /NASHIK ARPT,20.119,73.914,32.0,,17.11
2023-03-13T10:30:00,42920099999,OZAR AIR FORCE STATION /NASHIK ARPT,20.119,73.914,33.0,,16.18
2023-03-13T11:00:00,42920099999,OZAR AIR FORCE STATION /NASHIK ARPT,20.119,73.914,33.0,,18.59
2023-03-13T11:30:00,42920099999,OZAR AIR FORCE STATION /NASHIK ARPT,20.119,73.914,32.0,,15.95
2023-03-13T12:00:00,42920099999,OZAR AIR FORCE STATION /NASHIK ARPT,20.119,73.914,32.0,,15.95
2023-03-13T12:30:00,42920099999,OZAR AIR FORCE STATION /NASHIK ARPT,20.119,73.914,31.0,,18.12
2023-03-13T13:00:00,42920099999,OZAR AIR FORCE STATION /NASHIK ARPT,20.119,73.914,29.0,,23.36
2023-03-13T13:30:00,42920099999,OZAR AIR FORCE STATION /NASHIK ARPT,20.119,73.914,27.0,,30.1
2023-03-13T14:00:00,42920099999,OZAR AIR FORCE STATION /NASHIK ARPT,20.119,73.914,25.0,,29.55
2023-03-13T14:30:00,42920099999,OZAR AIR FORCE STATION /NASHIK ARPT,20.119,73.914,25.0,,29.55
2023-03-13T15:00:00,42920099999,OZAR AIR FORCE STATION /NASHIK ARPT,20.119,73.914,24.0,,41.17
2023-03-13T15:30:00,42920099999,OZAR AIR FORCE STATION /NASHIK ARPT,20.119,73.914,24.0,,41.17
2023-03-13T16:00:00,42920099999,OZAR AIR FORCE STATION /NASHIK ARPT,20.119,73.914,25.0,,36.26
2023-03-13T16:30:00,42920099999,OZAR AIR FORCE STATION /NASHIK ARPT,20.119,73.914,27.0,,34.45
2023-03-13T17:00:00,42920099999,OZAR AIR FORCE STATION /NASHIK ARPT,20.119,73.914,27.0,,32.21
2023-03-14T02:00:00,42920099999,OZAR AIR FORCE STATION /NASHIK ARPT,20.119,73.914,18.0,,63.62
2023-03-14T02:30:00,42920099999,OZAR AIR FORCE STATION /NASHIK ARPT,20.119,73.914,22.0,,49.67
2023-03-14T03:00:00,42920099999,OZAR AIR FORCE STATION /NASHIK ARPT,20.119,73.914,22.0,,49.67
2023-03-14T04:00:00,42920099999,OZAR AIR FORCE STATION /NASHIK ARPT,20.119,73.914,26.0,,36.54
2023-03-14T05:00:00,42920099999,OZAR AIR FORCE STATION /NASHIK ARPT,20.119,73.914,29.0,,26.79
2023-03-14T05:30:00,42920099999,OZAR AIR FORCE STATION /NASHIK ARPT,20.119,73.914,29.0,,25.02
2023-03-14T06:00:00,42920099999,OZAR AIR FORCE STATION /NASHIK ARPT,20.119,73.914,29.0,,26.79
2023-03-14T06:30:00,42920099999,OZAR AIR FORCE STATION /NASHIK ARPT,20.119,73.914,30.0,,27.06
2023-03-14T08:00:00,42920099999,OZAR AIR FORCE STATION /NASHIK ARPT,20.119,73.914,32.0,,19.67
2023-03-14T09:00:00,42920099999,OZAR AIR FORCE STATION /NASHIK ARPT,20.119,73.914,32.0,,19.67
2023-03-14T09:30:00,42920099999,OZAR AIR FORCE STATION /NASHIK ARPT,20.119,73.914,32.0,,19.67
2023-03-14T10:00:00,42920099999,OZAR AIR FORCE STATION /NASHIK ARPT,20.119,73.914,33.0,,19.92
2023-03-14T10:30:00,42920099999,OZAR AIR FORCE STATION /NASHIK ARPT,20.119,73.914,32.0,,21.07
2023-03-14T11:00:00,42920099999,OZAR AIR FORCE STATION /NASHIK ARPT,20.119,73.914,32.0,,21.07
2023-03-14T11:30:00,42920099999,OZAR AIR FORCE STATION /NASHIK ARPT,20.119,73.914,31.0,,20.82
2023-03-14T12:30:00,42920099999,OZAR AIR FORCE STATION /NASHIK ARPT,20.119,73.914,27.0,,30.1
2023-03-14T13:00:00,42920099999,OZAR AIR FORCE STATION /NASHIK ARPT,20.119,73.914,26.0,,36.54
2023-03-14T13:30:00,42920099999,OZAR AIR FORCE STATION /NASHIK ARPT,20.119,73.914,26.0,,31.93
2023-03-14T14:00:00,42920099999,OZAR AIR FORCE STATION /NASHIK ARPT,20.119,73.914,28.0,,24.76
2023-03-14T14:30:00,42920099999,OZAR AIR FORCE STATION /NASHIK ARPT,20.119,73.914,26.0,,29.82
2023-03-14T15:00:00,42920099999,OZAR AIR FORCE STATION /NASHIK ARPT,20.119,73.914,26.0,,29.82
2023-03-14T16:00:00,42920099999,OZAR AIR FORCE STATION /NASHIK ARPT,20.119,73.914,24.0,,35.97
2023-03-14T16:30:00,42920099999,OZAR AIR FORCE STATION /NASHIK ARPT,20.119,73.914,22.0,,43.45
2023-03-14T17:00:00,42920099999,OZAR AIR FORCE STATION /NASHIK ARPT,20.119,73.914,20.0,,56.16
2023-03-15T01:30:00,42920099999,OZAR AIR FORCE STATION /NASHIK ARPT,20.119,73.914,17.0,,67.77
2023-03-15T02:00:00,42920099999,OZAR AIR FORCE STATION /NASHIK ARPT,20.119,73.914,20.0,,56.16
2023-03-15T03:00:00,42920099999,OZAR AIR FORCE STATION /NASHIK ARPT,20.119,73.914,22.0,,46.47
2023-03-15T03:30:00,42920099999,OZAR AIR FORCE STATION /NASHIK ARPT,20.119,73.914,23.0,,43.73
2023-03-15T04:00:00,42920099999,OZAR AIR FORCE STATION /NASHIK ARPT,20.119,73.914,25.0,,38.78
2023-03-15T04:30:00,42920099999,OZAR AIR FORCE STATION /NASHIK ARPT,20.119,73.914,26.0,,31.93
2023-03-15T05:00:00,42920099999,OZAR AIR FORCE STATION /NASHIK ARPT,20.119,73.914,28.0,,26.52
2023-03-15T05:30:00,42920099999,OZAR AIR FORCE STATION /NASHIK ARPT,20.119,73.914,28.0,,26.52
2023-03-15T06:00:00,42920099999,OZAR AIR FORCE STATION /NASHIK ARPT,20.119,73.914,29.0,,23.36
2023-03-15T06:30:00,42920099999,OZAR AIR FORCE STATION /NASHIK ARPT,20.119,73.914,29.0,,26.79
2023-03-15T07:00:00,42920099999,OZAR AIR FORCE STATION /NASHIK ARPT,20.119,73.914,29.0,,28.66
2023-03-15T07:30:00,42920099999,OZAR AIR FORCE STATION /NASHIK ARPT,20.119,73.914,30.0,,27.06
2023-03-15T08:00:00,42920099999,OZAR AIR FORCE STATION /NASHIK ARPT,20.119,73.914,31.0,,23.88
2023-03-15T08:30:00,42920099999,OZAR AIR FORCE STATION /NASHIK ARPT,20.119,73.914,31.0,,22.31
2023-03-15T09:00:00,42920099999,OZAR AIR FORCE STATION /NASHIK ARPT,20.119,73.914,31.0,,20.82
2023-03-15T09:30:00,42920099999,OZAR AIR FORCE STATION /NASHIK ARPT,20.119,73.914,32.0,,21.07
2023-03-15T10:00:00,42920099999,OZAR AIR FORCE STATION /NASHIK ARPT,20.119,73.914,31.0,,20.82
2023-03-15T11:00:00,42920099999,OZAR AIR FORCE STATION /NASHIK ARPT,20.119,73.914,30.0,,22.05
2023-03-15T11:30:00,42920099999,OZAR AIR FORCE STATION /NASHIK ARPT,20.119,73.914,29.0,,25.02
2023-03-15T12:00:00,42920099999,OZAR AIR FORCE STATION /NASHIK ARPT,20.119,73.914,29.0,,26.79
2023-03-15T12:30:00,42920099999,OZAR AIR FORCE STATION /NASHIK ARPT,20.119,73.914,26.0,,34.17
2023-03-15T13:00:00,42920099999,OZAR AIR FORCE STATION /NASHIK ARPT,20.119,73.914,23.0,,49.93
2023-03-15T13:30:00,42920099999,OZAR AIR FORCE STATION /NASHIK ARPT,20.119,73.914,21.0,,56.41
2023-03-15T14:00:00,42920099999,OZAR AIR FORCE STATION /NASHIK ARPT,20.119,73.914,21.0,,52.8
2023-03-15T14:30:00,42920099999,OZAR AIR FORCE STATION /NASHIK ARPT,20.119,73.914,20.0,,60.0
2023-03-15T15:00:00,42920099999,OZAR AIR FORCE STATION /NASHIK ARPT,20.119,73.914,20.0,,64.07
2023-03-15T15:30:00,42920099999,OZAR AIR FORCE STATION /NASHIK ARPT,20.119,73.914,20.0,,64.07
2023-03-15T16:00:00,42920099999,OZAR AIR FORCE STATION /NASHIK ARPT,20.119,73.914,19.0,,68.18
2023-03-15T16:30:00,42920099999,OZAR AIR FORCE STATION /NASHIK ARPT,20.119,73.914,19.0,,68.18
2023-03-15T17:00:00,42920099999,OZAR AIR FORCE STATION /NASHIK ARPT,20.119,73.914,21.0,,60.24
2023-03-16T01:30:00,42920099999,OZAR AIR FORCE STATION /NASHIK ARPT,20.119,73.914,19.0,,93.93
2023-03-16T02:00:00,42920099999,OZAR AIR FORCE STATION /NASHIK ARPT,20.119,73.914,17.0,,88.01
2023-03-16T02:30:00,42920099999,OZAR AIR FORCE STATION /NASHIK ARPT,20.119,73.914,17.0,,93.84
2023-03-16T03:30:00,42920099999,OZAR AIR FORCE STATION /NASHIK ARPT,20.119,73.914,18.0,,63.62
2023-03-16T04:00:00,42920099999,OZAR AIR FORCE STATION /NASHIK ARPT,20.119,73.914,18.0,,100.0
2023-03-16T05:00:00,42920099999,OZAR AIR FORCE STATION /NASHIK ARPT,20.119,73.914,19.0,,100.0
2023-03-16T05:30:00,42920099999,OZAR AIR FORCE STATION /NASHIK ARPT,20.119,73.914,21.0,,88.35
2023-03-16T06:00:00,42920099999,OZAR AIR FORCE STATION /NASHIK ARPT,20.119,73.914,23.0,,60.7
2023-03-16T06:30:00,42920099999,OZAR AIR FORCE STATION /NASHIK ARPT,20.119,73.914,22.0,,64.5
2023-03-16T07:00:00,42920099999,OZAR AIR FORCE STATION /NASHIK ARPT,20.119,73.914,22.0,,68.77
2023-03-16T07:30:00,42920099999,OZAR AIR FORCE STATION /NASHIK ARPT,20.119,73.914,24.0,,57.15
2023-03-16T08:00:00,42920099999,OZAR AIR FORCE STATION /NASHIK ARPT,20.119,73.914,24.0,,53.58
2023-03-16T08:30:00,42920099999,OZAR AIR FORCE STATION /NASHIK ARPT,20.119,73.914,25.0,,50.46
2023-03-16T09:00:00,42920099999,OZAR AIR FORCE STATION /NASHIK ARPT,20.119,73.914,23.0,,60.7
2023-03-16T09:30:00,42920099999,OZAR AIR FORCE STATION /NASHIK ARPT,20.119,73.914,23.0,,56.91
2023-03-16T10:00:00,42920099999,OZAR AIR FORCE STATION /NASHIK ARPT,20.119,73.914,23.0,,56.91
2023-03-16T10:30:00,42920099999,OZAR AIR FORCE STATION /NASHIK ARPT,20.119,73.914,23.0,,56.91
2023-03-16T11:30:00,42920099999,OZAR AIR FORCE STATION /NASHIK ARPT,20.119,73.914,24.0,,53.58
2023-03-16T12:00:00,42920099999,OZAR AIR FORCE STATION /NASHIK ARPT,20.119,73.914,24.0,,53.58
2023-03-16T12:30:00,42920099999,OZAR AIR FORCE STATION /NASHIK ARPT,20.119,73.914,23.0,,60.7
2023-03-16T13:00:00,42920099999,OZAR AIR FORCE STATION /NASHIK ARPT,20.119,73.914,22.0,,64.5
2023-03-16T13:30:00,42920099999,OZAR AIR FORCE STATION /NASHIK ARPT,20.119,73.914,21.0,,77.92
2023-03-16T14:00:00,42920099999,OZAR AIR FORCE STATION /NASHIK ARPT,20.119,73.914,20.0,,93.97
2023-03-16T14:30:00,42920099999,OZAR AIR FORCE STATION /NASHIK ARPT,20.119,73.914,20.0,,93.97
2023-03-16T15:00:00,42920099999,OZAR AIR FORCE STATION /NASHIK ARPT,20.119,73.914,19.0,,88.19
2023-03-16T15:30:00,42920099999,OZAR AIR FORCE STATION /NASHIK ARPT,20.119,73.914,20.0,,77.77
2023-03-16T16:00:00,42920099999,OZAR AIR FORCE STATION /NASHIK ARPT,20.119,73.914,19.0,,88.19
2023-03-16T16:30:00,42920099999,OZAR AIR FORCE STATION /NASHIK ARPT,20.119,73.914,18.0,,88.1
2023-03-16T17:00:00,42920099999,OZAR AIR FORCE STATION /NASHIK ARPT,20.119,73.914,19.0,,82.75
2023-03-17T01:30:00,42920099999,OZAR AIR FORCE STATION /NASHIK ARPT,20.119,73.914,15.0,,100.0
2023-03-17T02:00:00,42920099999,OZAR AIR FORCE STATION /NASHIK ARPT,20.119,73.914,16.0,,100.0
2023-03-17T02:30:00,42920099999,OZAR AIR FORCE STATION /NASHIK ARPT,20.119,73.914,17.0,,100.0
2023-03-17T03:00:00,42920099999,OZAR AIR FORCE STATION /NASHIK ARPT,20.119,73.914,19.0,,100.0
2023-03-17T03:30:00,42920099999,OZAR AIR FORCE STATION /NASHIK ARPT,20.119,73.914,21.0,,88.35
2023-03-17T04:00:00,42920099999,OZAR AIR FORCE STATION /NASHIK ARPT,20.119,73.914,23.0,,64.72
2023-03-17T04:30:00,42920099999,OZAR AIR FORCE STATION /NASHIK ARPT,20.119,73.914,25.0,,50.46
2023-03-17T05:00:00,42920099999,OZAR AIR FORCE STATION /NASHIK ARPT,20.119,73.914,26.0,,47.55
2023-03-17T06:00:00,42920099999,OZAR AIR FORCE STATION /NASHIK ARPT,20.119,73.914,27.0,,42.01
2023-03-17T07:00:00,42920099999,OZAR AIR FORCE STATION /NASHIK ARPT,20.119,73.914,29.0,,32.77
2023-03-17T08:00:00,42920099999,OZAR AIR FORCE STATION /NASHIK ARPT,20.119,73.914,29.0,,32.77
2023-03-17T08:30:00,42920099999,OZAR AIR FORCE STATION /NASHIK ARPT,20.119,73.914,29.0,,32.77
2023-03-17T09:00:00,42920099999,OZAR AIR FORCE STATION /NASHIK ARPT,20.119,73.914,29.0,,32.77
2023-03-17T09:30:00,42920099999,OZAR AIR FORCE STATION /NASHIK ARPT,20.119,73.914,29.0,,30.66
2023-03-17T10:00:00,42920099999,OZAR AIR FORCE STATION /NASHIK ARPT,20.119,73.914,28.0,,37.1
2023-03-17T10:30:00,42920099999,OZAR AIR FORCE STATION /NASHIK ARPT,20.119,73.914,30.0,,35.29
2023-03-17T11:00:00,42920099999,OZAR AIR FORCE STATION /NASHIK ARPT,20.119,73.914,27.0,,42.01
2023-03-17T11:30:00,42920099999,OZAR AIR FORCE STATION /NASHIK ARPT,20.119,73.914,26.0,,44.56
2023-03-17T12:00:00,42920099999,OZAR AIR FORCE STATION /NASHIK ARPT,20.119,73.914,25.0,,53.83
2023-03-17T12:30:00,42920099999,OZAR AIR FORCE STATION /NASHIK ARPT,20.119,73.914,24.0,,57.15
2023-03-17T13:00:00,42920099999,OZAR AIR FORCE STATION /NASHIK ARPT,20.119,73.914,23.0,,60.7
2023-03-17T13:30:00,42920099999,OZAR AIR FORCE STATION /NASHIK ARPT,20.119,73.914,21.0,,73.11
2023-03-17T14:00:00,42920099999,OZAR AIR FORCE STATION /NASHIK ARPT,20.119,73.914,20.0,,82.87
2023-03-17T14:30:00,42920099999,OZAR AIR FORCE STATION /NASHIK ARPT,20.119,73.914,19.0,,88.19
2023-03-17T15:00:00,42920099999,OZAR AIR FORCE STATION /NASHIK ARPT,20.119,73.914,20.0,,68.38
2023-03-17T15:30:00,42920099999,OZAR AIR FORCE STATION /NASHIK ARPT,20.119,73.914,21.0,,60.24
2023-03-17T16:30:00,42920099999,OZAR AIR FORCE STATION /NASHIK ARPT,20.119,73.914,20.0,,82.87
2023-03-17T17:00:00,42920099999,OZAR AIR FORCE STATION /NASHIK ARPT,20.119,73.914,19.0,,93.93
2023-03-18T01:30:00,42920099999,OZAR AIR FORCE STATION /NASHIK ARPT,20.119,73.914,13.0,,93.65
2023-03-18T02:00:00,42920099999,OZAR AIR FORCE STATION /NASHIK ARPT,20.119,73.914,15.0,,93.75
2023-03-18T03:30:00,42920099999,OZAR AIR FORCE STATION /NASHIK ARPT,20.119,73.914,21.0,,73.11
2023-03-18T04:00:00,42920099999,OZAR AIR FORCE STATION /NASHIK ARPT,20.119,73.914,22.0,,64.5
2023-03-18T04:30:00,42920099999,OZAR AIR FORCE STATION /NASHIK ARPT,20.119,73.914,24.0,,53.58
2023-03-18T05:00:00,42920099999,OZAR AIR FORCE STATION /NASHIK ARPT,20.119,73.914,25.0,,50.46
2023-03-18T05:30:00,42920099999,OZAR AIR FORCE STATION /NASHIK ARPT,20.119,73.914,25.0,,50.46
2023-03-18T06:00:00,42920099999,OZAR AIR FORCE STATION /NASHIK ARPT,20.119,73.914,27.0,,44.83
2023-03-18T06:30:00,42920099999,OZAR AIR FORCE STATION /NASHIK ARPT,20.119,73.914,27.0,,42.01
2023-03-18T07:00:00,42920099999,OZAR AIR FORCE STATION /NASHIK ARPT,20.119,73.914,28.0,,37.1
2023-03-18T07:30:00,42920099999,OZAR AIR FORCE STATION /NASHIK ARPT,20.119,73.914,29.0,,35.01
2023-03-18T08:00:00,42920099999,OZAR AIR FORCE STATION /NASHIK ARPT,20.119,73.914,29.0,,35.01
2023-03-18T09:30:00,42920099999,OZAR AIR FORCE STATION /NASHIK ARPT,20.119,73.914,29.0,,28.66
2023-03-18T10:00:00,42920099999,OZAR AIR FORCE STATION /NASHIK ARPT,20.119,73.914,31.0,,23.88
2023-03-18T10:30:00,42920099999,OZAR AIR FORCE STATION /NASHIK ARPT,20.119,73.914,29.0,,25.02
2023-03-18T11:00:00,42920099999,OZAR AIR FORCE STATION /NASHIK ARPT,20.119,73.914,28.0,,34.73
2023-03-18T11:30:00,42920099999,OZAR AIR FORCE STATION /NASHIK ARPT,20.119,73.914,27.0,,34.45
2023-03-18T12:00:00,42920099999,OZAR AIR FORCE STATION /NASHIK ARPT,20.119,73.914,26.0,,39.06
2023-03-18T12:30:00,42920099999,OZAR AIR FORCE STATION /NASHIK ARPT,20.119,73.914,26.0,,34.17
2023-03-18T13:00:00,42920099999,OZAR AIR FORCE STATION /NASHIK ARPT,20.119,73.914,22.0,,49.67
2023-03-18T13:30:00,42920099999,OZAR AIR FORCE STATION /NASHIK ARPT,20.119,73.914,20.0,,64.07
2023-03-18T14:00:00,42920099999,OZAR AIR FORCE STATION /NASHIK ARPT,20.119,73.914,19.0,,82.75
2023-03-18T14:30:00,42920099999,OZAR AIR FORCE STATION /NASHIK ARPT,20.119,73.914,19.0,,77.62
2023-03-18T15:00:00,42920099999,OZAR AIR FORCE STATION /NASHIK ARPT,20.119,73.914,20.0,,64.07
2023-03-18T15:30:00,42920099999,OZAR AIR FORCE STATION /NASHIK ARPT,20.119,73.914,20.0,,64.07
2023-03-18T16:00:00,42920099999,OZAR AIR FORCE STATION /NASHIK ARPT,20.119,73.914,19.0,,77.62
2023-03-18T16:30:00,42920099999,OZAR AIR FORCE STATION /NASHIK ARPT,20.119,73.914,18.0,,82.63
2023-03-18T17:00:00,42920099999,OZAR AIR FORCE STATION /NASHIK ARPT,20.119,73.914,18.0,,82.63
2023-03-18T17:30:00,42920099999,OZAR AIR FORCE STATION /NASHIK ARPT,20.119,73.914,18.0,,77.46
2023-03-19T02:00:00,42920099999,OZAR AIR FORCE STATION /NASHIK ARPT,20.119,73.914,15.0,,100.0
2023-03-19T02:30:00,42920099999,OZAR AIR FORCE STATION /NASHIK ARPT,20.119,73.914,16.0,,100.0
2023-03-19T03:30:00,42920099999,OZAR AIR FORCE STATION /NASHIK ARPT,20.119,73.914,19.0,,100.0
2023-03-19T04:00:00,42920099999,OZAR AIR FORCE STATION /NASHIK ARPT,20.119,73.914,23.0,,68.97
2023-03-19T05:00:00,42920099999,OZAR AIR FORCE STATION /NASHIK ARPT,20.119,73.914,25.0,,36.26
2023-03-19T05:30:00,42920099999,OZAR AIR FORCE STATION /NASHIK ARPT,20.119,73.914,26.0,,34.17
2023-03-19T06:00:00,42920099999,OZAR AIR FORCE STATION /NASHIK ARPT,20.119,73.914,26.0,,31.93
2023-03-19T07:00:00,42920099999,OZAR AIR FORCE STATION /NASHIK ARPT,20.119,73.914,28.0,,26.52
2023-03-19T07:30:00,42920099999,OZAR AIR FORCE STATION /NASHIK ARPT,20.119,73.914,29.0,,25.02
2023-03-19T08:00:00,42920099999,OZAR AIR FORCE STATION /NASHIK ARPT,20.119,73.914,29.0,,26.79
2023-03-19T08:30:00,42920099999,OZAR AIR FORCE STATION /NASHIK ARPT,20.119,73.914,29.0,,26.79
2023-03-19T09:00:00,42920099999,OZAR AIR FORCE STATION /NASHIK ARPT,20.119,73.914,30.0,,27.06
2023-03-19T09:30:00,42920099999,OZAR AIR FORCE STATION /NASHIK ARPT,20.119,73.914,29.0,,26.79
2023-03-19T10:00:00,42920099999,OZAR AIR FORCE STATION /NASHIK ARPT,20.119,73.914,31.0,,20.82
2023-03-19T10:30:00,42920099999,OZAR AIR FORCE STATION /NASHIK ARPT,20.119,73.914,28.0,,28.39
2023-03-19T11:00:00,42920099999,OZAR AIR FORCE STATION /NASHIK ARPT,20.119,73.914,29.0,,28.66
2023-03-19T11:30:00,42920099999,OZAR AIR FORCE STATION /NASHIK ARPT,20.119,73.914,28.0,,37.1
2023-03-19T12:00:00,42920099999,OZAR AIR FORCE STATION /NASHIK ARPT,20.119,73.914,27.0,,36.82
2023-03-19T12:30:00,42920099999,OZAR AIR FORCE STATION /NASHIK ARPT,20.119,73.914,26.0,,41.73
2023-03-19T13:00:00,42920099999,OZAR AIR FORCE STATION /NASHIK ARPT,20.119,73.914,24.0,,50.2
2023-03-19T13:30:00,42920099999,OZAR AIR FORCE STATION /NASHIK ARPT,20.119,73.914,24.0,,50.2
2023-03-19T14:00:00,42920099999,OZAR AIR FORCE STATION /NASHIK ARPT,20.119,73.914,22.0,,60.47
2023-03-19T15:00:00,42920099999,OZAR AIR FORCE STATION /NASHIK ARPT,20.119,73.914,22.0,,64.5
2023-03-19T17:00:00,42920099999,OZAR AIR FORCE STATION /NASHIK ARPT,20.119,73.914,20.0,,72.94
2023-03-20T01:30:00,42920099999,OZAR AIR FORCE STATION /NASHIK ARPT,20.119,73.914,15.0,,100.0
2023-03-20T02:00:00,42920099999,OZAR AIR FORCE STATION /NASHIK ARPT,20.119,73.914,16.0,,100.0
2023-03-20T02:30:00,42920099999,OZAR AIR FORCE STATION /NASHIK ARPT,20.119,73.914,18.0,,100.0
2023-03-20T03:00:00,42920099999,OZAR AIR FORCE STATION /NASHIK ARPT,20.119,73.914,20.0,,93.97
2023-03-20T04:00:00,42920099999,OZAR AIR FORCE STATION /NASHIK ARPT,20.119,73.914,23.0,,68.97
2023-03-20T04:30:00,42920099999,OZAR AIR FORCE STATION /NASHIK ARPT,20.119,73.914,25.0,,57.39
2023-03-20T05:00:00,42920099999,OZAR AIR FORCE STATION /NASHIK ARPT,20.119,73.914,25.0,,50.46
2023-03-20T05:30:00,42920099999,OZAR AIR FORCE STATION /NASHIK ARPT,20.119,73.914,25.0,,47.28
2023-03-20T06:30:00,42920099999,OZAR AIR FORCE STATION /NASHIK ARPT,20.119,73.914,28.0,,32.49
2023-03-20T07:00:00,42920099999,OZAR AIR FORCE STATION /NASHIK ARPT,20.119,73.914,29.0,,21.79
2023-03-20T07:30:00,42920099999,OZAR AIR FORCE STATION /NASHIK ARPT,20.119,73.914,30.0,,16.65
2023-03-20T08:00:00,42920099999,OZAR AIR FORCE STATION /NASHIK ARPT,20.119,73.914,30.0,,19.18
2023-03-20T08:30:00,42920099999,OZAR AIR FORCE STATION /NASHIK ARPT,20.119,73.914,29.0,,20.32
2023-03-20T09:00:00,42920099999,OZAR AIR FORCE STATION /NASHIK ARPT,20.119,73.914,30.0,,19.18
2023-03-20T09:30:00,42920099999,OZAR AIR FORCE STATION /NASHIK ARPT,20.119,73.914,28.0,,24.76
2023-03-20T10:00:00,42920099999,OZAR AIR FORCE STATION /NASHIK ARPT,20.119,73.914,30.0,,20.57
2023-03-20T10:30:00,42920099999,OZAR AIR FORCE STATION /NASHIK ARPT,20.119,73.914,29.0,,21.79
2023-03-20T11:00:00,42920099999,OZAR AIR FORCE STATION /NASHIK ARPT,20.119,73.914,30.0,,17.88
2023-03-20T11:30:00,42920099999,OZAR AIR FORCE STATION /NASHIK ARPT,20.119,73.914,28.0,,20.07
2023-03-20T12:00:00,42920099999,OZAR AIR FORCE STATION /NASHIK ARPT,20.119,73.914,28.0,,18.7
2023-03-20T12:30:00,42920099999,OZAR AIR FORCE STATION /NASHIK ARPT,20.119,73.914,27.0,,26.25
2023-03-20T13:00:00,42920099999,OZAR AIR FORCE STATION /NASHIK ARPT,20.119,73.914,25.0,,31.65
2023-03-20T13:30:00,42920099999,OZAR AIR FORCE STATION /NASHIK ARPT,20.119,73.914,24.0,,38.49
2023-03-20T14:00:00,42920099999,OZAR AIR FORCE STATION /NASHIK ARPT,20.119,73.914,22.0,,46.47
2023-03-20T14:30:00,42920099999,OZAR AIR FORCE STATION /NASHIK ARPT,20.119,73.914,22.0,,43.45
2023-03-20T15:00:00,42920099999,OZAR AIR FORCE STATION /NASHIK ARPT,20.119,73.914,21.0,,46.19
2023-03-20T15:30:00,42920099999,OZAR AIR FORCE STATION /NASHIK ARPT,20.119,73.914,19.0,,52.28
2023-03-20T16:00:00,42920099999,OZAR AIR FORCE STATION /NASHIK ARPT,20.119,73.914,20.0,,45.91
2023-03-20T17:00:00,42920099999,OZAR AIR FORCE STATION /NASHIK ARPT,20.119,73.914,18.0,,52.01
2023-03-21T01:30:00,42920099999,OZAR AIR FORCE STATION /NASHIK ARPT,20.119,73.914,17.0,,100.0
2023-03-21T02:00:00,42920099999,OZAR AIR FORCE STATION /NASHIK ARPT,20.119,73.914,19.0,,88.19
2023-03-21T02:30:00,42920099999,OZAR AIR FORCE STATION /NASHIK ARPT,20.119,73.914,20.0,,88.27
2023-03-21T03:00:00,42920099999,OZAR AIR FORCE STATION /NASHIK ARPT,20.119,73.914,21.0,,77.92
2023-03-21T03:30:00,42920099999,OZAR AIR FORCE STATION /NASHIK ARPT,20.119,73.914,22.0,,73.29
2023-03-21T04:00:00,42920099999,OZAR AIR FORCE STATION /NASHIK ARPT,20.119,73.914,24.0,,60.93
2023-03-21T04:30:00,42920099999,OZAR AIR FORCE STATION /NASHIK ARPT,20.119,73.914,25.0,,50.46
2023-03-21T05:00:00,42920099999,OZAR AIR FORCE STATION /NASHIK ARPT,20.119,73.914,25.0,,44.28
2023-03-21T05:30:00,42920099999,OZAR AIR FORCE STATION /NASHIK ARPT,20.119,73.914,27.0,,39.34
2023-03-21T06:00:00,42920099999,OZAR AIR FORCE STATION /NASHIK ARPT,20.119,73.914,28.0,,37.1
2023-03-21T06:30:00,42920099999,OZAR AIR FORCE STATION /NASHIK ARPT,20.119,73.914,28.0,,34.73
2023-03-21T07:00:00,42920099999,OZAR AIR FORCE STATION /NASHIK ARPT,20.119,73.914,27.0,,34.45
2023-03-21T07:30:00,42920099999,OZAR AIR FORCE STATION /NASHIK ARPT,20.119,73.914,29.0,,30.66
2023-03-21T08:00:00,42920099999,OZAR AIR FORCE STATION /NASHIK ARPT,20.119,73.914,29.0,,30.66
2023-03-21T08:30:00,42920099999,OZAR AIR FORCE STATION /NASHIK ARPT,20.119,73.914,29.0,,28.66
2023-03-21T09:00:00,42920099999,OZAR AIR FORCE STATION /NASHIK ARPT,20.119,73.914,28.0,,30.38
2023-03-21T09:30:00,42920099999,OZAR AIR FORCE STATION /NASHIK ARPT,20.119,73.914,30.0,,27.06
2023-03-21T10:00:00,42920099999,OZAR AIR FORCE STATION /NASHIK ARPT,20.119,73.914,29.0,,28.66
2023-03-21T11:00:00,42920099999,OZAR AIR FORCE STATION /NASHIK ARPT,20.119,73.914,29.0,,28.66
2023-03-21T11:30:00,42920099999,OZAR AIR FORCE STATION /NASHIK ARPT,20.119,73.914,30.0,,27.06
2023-03-21T12:00:00,42920099999,OZAR AIR FORCE STATION /NASHIK ARPT,20.119,73.914,28.0,,37.1
2023-03-21T12:30:00,42920099999,OZAR AIR FORCE STATION /NASHIK ARPT,20.119,73.914,25.0,,50.46
2023-03-21T13:00:00,42920099999,OZAR AIR FORCE STATION /NASHIK ARPT,20.119,73.914,24.0,,57.15
2023-03-21T13:30:00,42920099999,OZAR AIR FORCE STATION /NASHIK ARPT,20.119,73.914,24.0,,57.15
2023-03-21T15:00:00,42920099999,OZAR AIR FORCE STATION /NASHIK ARPT,20.119,73.914,22.0,,64.5
2023-03-21T15:30:00,42920099999,OZAR AIR FORCE STATION /NASHIK ARPT,20.119,73.914,22.0,,64.5
2023-03-21T16:00:00,42920099999,OZAR AIR FORCE STATION /NASHIK ARPT,20.119,73.914,22.0,,64.5
2023-03-21T16:30:00,42920099999,OZAR AIR FORCE STATION /NASHIK ARPT,20.119,73.914,22.0,,64.5
2023-03-21T17:00:00,42920099999,OZAR AIR FORCE STATION /NASHIK ARPT,20.119,73.914,22.0,,64.5
2023-03-22T02:00:00,42920099999,OZAR AIR FORCE STATION /NASHIK ARPT,20.119,73.914,17.0,,100.0
2023-03-22T02:30:00,42920099999,OZAR AIR FORCE STATION /NASHIK ARPT,20.119,73.914,19.0,,93.93
2023-03-22T03:00:00,42920099999,OZAR AIR FORCE STATION /NASHIK ARPT,20.119,73.914,22.0,,78.06
2023-03-22T03:30:00,42920099999,OZAR AIR FORCE STATION /NASHIK ARPT,20.119,73.914,23.0,,64.72
2023-03-22T04:00:00,42920099999,OZAR AIR FORCE STATION /NASHIK ARPT,20.119,73.914,24.0,,57.15
2023-03-22T04:30:00,42920099999,OZAR AIR FORCE STATION /NASHIK ARPT,20.119,73.914,25.0,,47.28
2023-03-22T05:00:00,42920099999,OZAR AIR FORCE STATION /NASHIK ARPT,20.119,73.914,26.0,,41.73
2023-03-22T06:00:00,42920099999,OZAR AIR FORCE STATION /NASHIK ARPT,20.119,73.914,28.0,,32.49
2023-03-22T06:30:00,42920099999,OZAR AIR FORCE STATION /NASHIK ARPT,20.119,73.914,28.0,,34.73
2023-03-22T07:00:00,42920099999,OZAR AIR FORCE STATION /NASHIK ARPT,20.119,73.914,29.0,,32.77
2023-03-22T07:30:00,42920099999,OZAR AIR FORCE STATION /NASHIK ARPT,20.119,73.914,29.0,,30.66
2023-03-22T08:00:00,42920099999,OZAR AIR FORCE STATION /NASHIK ARPT,20.119,73.914,29.0,,30.66
2023-03-22T08:30:00,42920099999,OZAR AIR FORCE STATION /NASHIK ARPT,20.119,73.914,30.0,,27.06
2023-03-22T09:00:00,42920099999,OZAR AIR FORCE STATION /NASHIK ARPT,20.119,73.914,30.0,,23.62
2023-03-22T09:30:00,42920099999,OZAR AIR FORCE STATION /NASHIK ARPT,20.119,73.914,30.0,,27.06
2023-03-22T10:00:00,42920099999,OZAR AIR FORCE STATION /NASHIK ARPT,20.119,73.914,30.0,,27.06
2023-03-22T10:30:00,42920099999,OZAR AIR FORCE STATION /NASHIK ARPT,20.119,73.914,30.0,,30.93
2023-03-22T11:00:00,42920099999,OZAR AIR FORCE STATION /NASHIK ARPT,20.119,73.914,29.0,,30.66
2023-03-22T12:00:00,42920099999,OZAR AIR FORCE STATION /NASHIK ARPT,20.119,73.914,28.0,,34.73
2023-03-22T12:30:00,42920099999,OZAR AIR FORCE STATION /NASHIK ARPT,20.119,73.914,28.0,,37.1
2023-03-22T13:00:00,42920099999,OZAR AIR FORCE STATION /NASHIK ARPT,20.119,73.914,27.0,,36.82
2023-03-22T13:30:00,42920099999,OZAR AIR FORCE STATION /NASHIK ARPT,20.119,73.914,25.0,,41.45
2023-03-22T14:00:00,42920099999,OZAR AIR FORCE STATION /NASHIK ARPT,20.119,73.914,24.0,,44.01
2023-03-22T14:30:00,42920099999,OZAR AIR FORCE STATION /NASHIK ARPT,20.119,73.914,24.0,,44.01
2023-03-22T15:00:00,42920099999,OZAR AIR FORCE STATION /NASHIK ARPT,20.119,73.914,23.0,,49.93
2023-03-22T15:30:00,42920099999,OZAR AIR FORCE STATION /NASHIK ARPT,20.119,73.914,22.0,,53.06
2023-03-22T16:00:00,42920099999,OZAR AIR FORCE STATION /NASHIK ARPT,20.119,73.914,21.0,,56.41
2023-03-22T17:00:00,42920099999,OZAR AIR FORCE STATION /NASHIK ARPT,20.119,73.914,19.0,,68.18
2023-03-23T01:30:00,42920099999,OZAR AIR FORCE STATION /NASHIK ARPT,20.119,73.914,17.0,,93.84
2023-03-23T02:00:00,42920099999,OZAR AIR FORCE STATION /NASHIK ARPT,20.119,73.914,18.0,,93.88
2023-03-23T02:30:00,42920099999,OZAR AIR FORCE STATION /NASHIK ARPT,20.119,73.914,20.0,,88.27
2023-03-23T03:00:00,42920099999,OZAR AIR FORCE STATION /NASHIK ARPT,20.119,73.914,22.0,,78.06
2023-03-23T03:30:00,42920099999,OZAR AIR FORCE STATION /NASHIK ARPT,20.119,73.914,23.0,,73.46
2023-03-23T04:00:00,42920099999,OZAR AIR FORCE STATION /NASHIK ARPT,20.119,73.914,25.0,,61.16
2023-03-23T04:30:00,42920099999,OZAR AIR FORCE STATION /NASHIK ARPT,20.119,73.914,25.0,,61.16
2023-03-23T05:00:00,42920099999,OZAR AIR FORCE STATION /NASHIK ARPT,20.119,73.914,26.0,,54.08
2023-03-23T05:30:00,42920099999,OZAR AIR FORCE STATION /NASHIK ARPT,20.119,73.914,27.0,,50.99
2023-03-23T06:00:00,42920099999,OZAR AIR FORCE STATION /NASHIK ARPT,20.119,73.914,28.0,,45.1
2023-03-23T06:30:00,42920099999,OZAR AIR FORCE STATION /NASHIK ARPT,20.119,73.914,28.0,,42.28
2023-03-23T07:00:00,42920099999,OZAR AIR FORCE STATION /NASHIK ARPT,20.119,73.914,30.0,,27.06
2023-03-23T07:30:00,42920099999,OZAR AIR FORCE STATION /NASHIK ARPT,20.119,73.914,29.0,,32.77
2023-03-23T08:00:00,42920099999,OZAR AIR FORCE STATION /NASHIK ARPT,20.119,73.914,29.0,,30.66
2023-03-23T08:30:00,42920099999,OZAR AIR FORCE STATION /NASHIK ARPT,20.119,73.914,30.0,,28.94
2023-03-23T09:00:00,42920099999,OZAR AIR FORCE STATION /NASHIK ARPT,20.119,73.914,30.0,,28.94
2023-03-23T09:30:00,42920099999,OZAR AIR FORCE STATION /NASHIK ARPT,20.119,73.914,30.0,,28.94
2023-03-23T10:00:00,42920099999,OZAR AIR FORCE STATION /NASHIK ARPT,20.119,73.914,30.0,,23.62
2023-03-23T11:00:00,42920099999,OZAR AIR FORCE STATION /NASHIK ARPT,20.119,73.914,30.0,,28.94
2023-03-23T12:00:00,42920099999,OZAR AIR FORCE STATION /NASHIK ARPT,20.119,73.914,28.0,,37.1
2023-03-23T12:30:00,42920099999,OZAR AIR FORCE STATION /NASHIK ARPT,20.119,73.914,28.0,,39.62
2023-03-23T13:00:00,42920099999,OZAR AIR FORCE STATION /NASHIK ARPT,20.119,73.914,27.0,,42.01
2023-03-23T13:30:00,42920099999,OZAR AIR FORCE STATION /NASHIK ARPT,20.119,73.914,26.0,,47.55
2023-03-23T14:00:00,42920099999,OZAR AIR FORCE STATION /NASHIK ARPT,20.119,73.914,25.0,,50.46
2023-03-23T14:30:00,42920099999,OZAR AIR FORCE STATION /NASHIK ARPT,20.119,73.914,24.0,,57.15
2023-03-23T15:30:00,42920099999,OZAR AIR FORCE STATION /NASHIK ARPT,20.119,73.914,22.0,,64.5
2023-03-23T16:30:00,42920099999,OZAR AIR FORCE STATION /NASHIK ARPT,20.119,73.914,20.0,,72.94
2023-03-23T17:00:00,42920099999,OZAR AIR FORCE STATION /NASHIK ARPT,20.119,73.914,20.0,,72.94
2023-03-24T01:30:00,42920099999,OZAR AIR FORCE STATION /NASHIK ARPT,20.119,73.914,14.0,,93.7
2023-03-24T02:00:00,42920099999,OZAR AIR FORCE STATION /NASHIK ARPT,20.119,73.914,20.0,,88.27
2023-03-24T02:30:00,42920099999,OZAR AIR FORCE STATION /NASHIK ARPT,20.119,73.914,20.0,,88.27
2023-03-24T03:00:00,42920099999,OZAR AIR FORCE STATION /NASHIK ARPT,20.119,73.914,22.0,,73.29
2023-03-24T03:30:00,42920099999,OZAR AIR FORCE STATION /NASHIK ARPT,20.119,73.914,24.0,,64.93
2023-03-24T04:00:00,42920099999,OZAR AIR FORCE STATION /NASHIK ARPT,20.119,73.914,26.0,,54.08
2023-03-24T04:30:00,42920099999,OZAR AIR FORCE STATION /NASHIK ARPT,20.119,73.914,27.0,,44.83
2023-03-24T05:00:00,42920099999,OZAR AIR FORCE STATION /NASHIK ARPT,20.119,73.914,28.0,,39.62
2023-03-24T05:30:00,42920099999,OZAR AIR FORCE STATION /NASHIK ARPT,20.119,73.914,29.0,,35.01
2023-03-24T06:00:00,42920099999,OZAR AIR FORCE STATION /NASHIK ARPT,20.119,73.914,29.0,,37.38
2023-03-24T06:30:00,42920099999,OZAR AIR FORCE STATION /NASHIK ARPT,20.119,73.914,30.0,,33.05
2023-03-24T07:00:00,42920099999,OZAR AIR FORCE STATION /NASHIK ARPT,20.119,73.914,31.0,,25.55
2023-03-24T07:30:00,42920099999,OZAR AIR FORCE STATION /NASHIK ARPT,20.119,73.914,31.0,,25.55
2023-03-24T08:00:00,42920099999,OZAR AIR FORCE STATION /NASHIK ARPT,20.119,73.914,31.0,,27.33
2023-03-24T08:30:00,42920099999,OZAR AIR FORCE STATION /NASHIK ARPT,20.119,73.914,31.0,,25.55
2023-03-24T09:00:00,42920099999,OZAR AIR FORCE STATION /NASHIK ARPT,20.119,73.914,31.0,,23.88
2023-03-24T09:30:00,42920099999,OZAR AIR FORCE STATION /NASHIK ARPT,20.119,73.914,32.0,,24.14
2023-03-24T10:00:00,42920099999,OZAR AIR FORCE STATION /NASHIK ARPT,20.119,73.914,31.0,,25.55
2023-03-24T10:30:00,42920099999,OZAR AIR FORCE STATION /NASHIK ARPT,20.119,73.914,31.0,,25.55
2023-03-24T11:00:00,42920099999,OZAR AIR FORCE STATION /NASHIK ARPT,20.119,73.914,31.0,,25.55
2023-03-24T11:30:00,42920099999,OZAR AIR FORCE STATION /NASHIK ARPT,20.119,73.914,31.0,,25.55
2023-03-24T12:00:00,42920099999,OZAR AIR FORCE STATION /NASHIK ARPT,20.119,73.914,30.0,,27.06
2023-03-24T13:00:00,42920099999,OZAR AIR FORCE STATION /NASHIK ARPT,20.119,73.914,27.0,,32.21
2023-03-24T14:00:00,42920099999,OZAR AIR FORCE STATION /NASHIK ARPT,20.119,73.914,25.0,,36.26
2023-03-24T15:00:00,42920099999,OZAR AIR FORCE STATION /NASHIK ARPT,20.119,73.914,23.0,,38.21
2023-03-24T16:00:00,42920099999,OZAR AIR FORCE STATION /NASHIK ARPT,20.119,73.914,20.0,,52.54
2023-03-24T17:00:00,42920099999,OZAR AIR FORCE STATION /NASHIK ARPT,20.119,73.914,20.0,,56.16
2023-03-25T01:30:00,42920099999,OZAR AIR FORCE STATION /NASHIK ARPT,20.119,73.914,15.0,,100.0
2023-03-25T02:00:00,42920099999,OZAR AIR FORCE STATION /NASHIK ARPT,20.119,73.914,17.0,,93.84
2023-03-25T02:30:00,42920099999,OZAR AIR FORCE STATION /NASHIK ARPT,20.119,73.914,18.0,,93.88
2023-03-25T03:00:00,42920099999,OZAR AIR FORCE STATION /NASHIK ARPT,20.119,73.914,21.0,,77.92
2023-03-25T03:30:00,42920099999,OZAR AIR FORCE STATION /NASHIK ARPT,20.119,73.914,22.0,,68.77
2023-03-25T04:00:00,42920099999,OZAR AIR FORCE STATION /NASHIK ARPT,20.119,73.914,23.0,,56.91
2023-03-25T04:30:00,42920099999,OZAR AIR FORCE STATION /NASHIK ARPT,20.119,73.914,24.0,,53.58
2023-03-25T05:00:00,42920099999,OZAR AIR FORCE STATION /NASHIK ARPT,20.119,73.914,26.0,,41.73
2023-03-25T05:30:00,42920099999,OZAR AIR FORCE STATION /NASHIK ARPT,20.119,73.914,27.0,,39.34
2023-03-25T06:30:00,42920099999,OZAR AIR FORCE STATION /NASHIK ARPT,20.119,73.914,28.0,,34.73
2023-03-25T07:00:00,42920099999,OZAR AIR FORCE STATION /NASHIK ARPT,20.119,73.914,29.0,,28.66
2023-03-25T07:30:00,42920099999,OZAR AIR FORCE STATION /NASHIK ARPT,20.119,73.914,30.0,,25.29
2023-03-25T08:00:00,42920099999,OZAR AIR FORCE STATION /NASHIK ARPT,20.119,73.914,30.0,,15.5
2023-03-25T08:30:00,42920099999,OZAR AIR FORCE STATION /NASHIK ARPT,20.119,73.914,31.0,,19.43
2023-03-25T09:00:00,42920099999,OZAR AIR FORCE STATION /NASHIK ARPT,20.119,73.914,32.0,,18.35
2023-03-25T09:30:00,42920099999,OZAR AIR FORCE STATION /NASHIK ARPT,20.119,73.914,32.0,,18.35
2023-03-25T10:00:00,42920099999,OZAR AIR FORCE STATION /NASHIK ARPT,20.119,73.914,32.0,,17.11
2023-03-25T10:30:00,42920099999,OZAR AIR FORCE STATION /NASHIK ARPT,20.119,73.914,32.0,,15.95
2023-03-25T11:00:00,42920099999,OZAR AIR FORCE STATION /NASHIK ARPT,20.119,73.914,31.0,,18.12
2023-03-25T11:30:00,42920099999,OZAR AIR FORCE STATION /NASHIK ARPT,20.119,73.914,31.0,,20.82
2023-03-25T12:30:00,42920099999,OZAR AIR FORCE STATION /NASHIK ARPT,20.119,73.914,30.0,,22.05
2023-03-25T13:00:00,42920099999,OZAR AIR FORCE STATION /NASHIK ARPT,20.119,73.914,28.0,,26.52
2023-03-25T13:30:00,42920099999,OZAR AIR FORCE STATION /NASHIK ARPT,20.119,73.914,26.0,,31.93
2023-03-25T14:00:00,42920099999,OZAR AIR FORCE STATION /NASHIK ARPT,20.119,73.914,25.0,,38.78
2023-03-25T15:00:00,42920099999,OZAR AIR FORCE STATION /NASHIK ARPT,20.119,73.914,23.0,,49.93
2023-03-25T16:00:00,42920099999,OZAR AIR FORCE STATION /NASHIK ARPT,20.119,73.914,20.0,,60.0
2023-03-25T16:30:00,42920099999,OZAR AIR FORCE STATION /NASHIK ARPT,20.119,73.914,20.0,,60.0
2023-03-25T17:00:00,42920099999,OZAR AIR FORCE STATION /NASHIK ARPT,20.119,73.914,20.0,,60.0
2023-03-26T02:00:00,42920099999,OZAR AIR FORCE STATION /NASHIK ARPT,20.119,73.914,16.0,,93.79
2023-03-26T02:30:00,42920099999,OZAR AIR FORCE STATION /NASHIK ARPT,20.119,73.914,19.0,,82.75
2023-03-26T03:00:00,42920099999,OZAR AIR FORCE STATION /NASHIK ARPT,20.119,73.914,21.0,,64.29
2023-03-26T03:30:00,42920099999,OZAR AIR FORCE STATION /NASHIK ARPT,20.119,73.914,23.0,,46.74
2023-03-26T04:00:00,42920099999,OZAR AIR FORCE STATION /NASHIK ARPT,20.119,73.914,24.0,,41.17
2023-03-26T04:30:00,42920099999,OZAR AIR FORCE STATION /NASHIK ARPT,20.119,73.914,26.0,,29.82
2023-03-26T05:00:00,42920099999,OZAR AIR FORCE STATION /NASHIK ARPT,20.119,73.914,26.0,,27.84
2023-03-26T05:30:00,42920099999,OZAR AIR FORCE STATION /NASHIK ARPT,20.119,73.914,28.0,,21.54
2023-03-26T06:00:00,42920099999,OZAR AIR FORCE STATION /NASHIK ARPT,20.119,73.914,28.0,,23.1
2023-03-26T06:30:00,42920099999,OZAR AIR FORCE STATION /NASHIK ARPT,20.119,73.914,29.0,,21.79
2023-03-26T07:00:00,42920099999,OZAR AIR FORCE STATION /NASHIK ARPT,20.119,73.914,30.0,,19.18
2023-03-26T07:30:00,42920099999,OZAR AIR FORCE STATION /NASHIK ARPT,20.119,73.914,30.0,,20.57
2023-03-26T08:00:00,42920099999,OZAR AIR FORCE STATION /NASHIK ARPT,20.119,73.914,31.0,,16.88
2023-03-26T08:30:00,42920099999,OZAR AIR FORCE STATION /NASHIK ARPT,20.119,73.914,32.0,,17.11
2023-03-26T09:00:00,42920099999,OZAR AIR FORCE STATION /NASHIK ARPT,20.119,73.914,31.0,,16.88
2023-03-26T09:30:00,42920099999,OZAR AIR FORCE STATION /NASHIK ARPT,20.119,73.914,31.0,,16.88
2023-03-26T10:00:00,42920099999,OZAR AIR FORCE STATION /NASHIK ARPT,20.119,73.914,31.0,,18.12
2023-03-26T10:30:00,42920099999,OZAR AIR FORCE STATION /NASHIK ARPT,20.119,73.914,31.0,,19.43
2023-03-26T11:00:00,42920099999,OZAR AIR FORCE STATION /NASHIK ARPT,20.119,73.914,31.0,,18.12
2023-03-26T11:30:00,42920099999,OZAR AIR FORCE STATION /NASHIK ARPT,20.119,73.914,31.0,,19.43
2023-03-26T12:00:00,42920099999,OZAR AIR FORCE STATION /NASHIK ARPT,20.119,73.914,31.0,,18.12
2023-03-26T12:30:00,42920099999,OZAR AIR FORCE STATION /NASHIK ARPT,20.119,73.914,30.0,,19.18
2023-03-26T13:30:00,42920099999,OZAR AIR FORCE STATION /NASHIK ARPT,20.119,73.914,27.0,,26.25
2023-03-26T15:00:00,42920099999,OZAR AIR FORCE STATION /NASHIK ARPT,20.119,73.914,23.0,,35.69
2023-03-26T16:00:00,42920099999,OZAR AIR FORCE STATION /NASHIK ARPT,20.119,73.914,23.0,,56.91
2023-03-26T16:30:00,42920099999,OZAR AIR FORCE STATION /NASHIK ARPT,20.119,73.914,22.0,,64.5
2023-03-26T17:00:00,42920099999,OZAR AIR FORCE STATION /NASHIK ARPT,20.119,73.914,22.0,,64.5
2023-03-27T02:00:00,42920099999,OZAR AIR FORCE STATION /NASHIK ARPT,20.119,73.914,16.0,,100.0
2023-03-27T02:30:00,42920099999,OZAR AIR FORCE STATION /NASHIK ARPT,20.119,73.914,19.0,,88.19
2023-03-27T03:00:00,42920099999,OZAR AIR FORCE STATION /NASHIK ARPT,20.119,73.914,22.0,,68.77
2023-03-27T03:30:00,42920099999,OZAR AIR FORCE STATION /NASHIK ARPT,20.119,73.914,24.0,,57.15
2023-03-27T04:00:00,42920099999,OZAR AIR FORCE STATION /NASHIK ARPT,20.119,73.914,25.0,,50.46
2023-03-27T04:30:00,42920099999,OZAR AIR FORCE STATION /NASHIK ARPT,20.119,73.914,26.0,,36.54
2023-03-27T05:00:00,42920099999,OZAR AIR FORCE STATION /NASHIK ARPT,20.119,73.914,27.0,,36.82
2023-03-27T05:30:00,42920099999,OZAR AIR FORCE STATION /NASHIK ARPT,20.119,73.914,29.0,,25.02
2023-03-27T06:00:00,42920099999,OZAR AIR FORCE STATION /NASHIK ARPT,20.119,73.914,29.0,,21.79
2023-03-27T06:30:00,42920099999,OZAR AIR FORCE STATION /NASHIK ARPT,20.119,73.914,30.0,,23.62
2023-03-27T07:00:00,42920099999,OZAR AIR FORCE STATION /NASHIK ARPT,20.119,73.914,29.0,,25.02
2023-03-27T07:30:00,42920099999,OZAR AIR FORCE STATION /NASHIK ARPT,20.119,73.914,31.0,,22.31
2023-03-27T08:00:00,42920099999,OZAR AIR FORCE STATION /NASHIK ARPT,20.119,73.914,31.0,,22.31
2023-03-27T08:30:00,42920099999,OZAR AIR FORCE STATION /NASHIK ARPT,20.119,73.914,32.0,,21.07
2023-03-27T09:00:00,42920099999,OZAR AIR FORCE STATION /NASHIK ARPT,20.119,73.914,32.0,,21.07
2023-03-27T09:30:00,42920099999,OZAR AIR FORCE STATION /NASHIK ARPT,20.119,73.914,32.0,,18.35
2023-03-27T10:00:00,42920099999,OZAR AIR FORCE STATION /NASHIK ARPT,20.119,73.914,32.0,,19.67
2023-03-27T10:30:00,42920099999,OZAR AIR FORCE STATION /NASHIK ARPT,20.119,73.914,32.0,,17.11
2023-03-27T11:00:00,42920099999,OZAR AIR FORCE STATION /NASHIK ARPT,20.119,73.914,32.0,,19.67
2023-03-27T11:30:00,42920099999,OZAR AIR FORCE STATION /NASHIK ARPT,20.119,73.914,31.0,,18.12
2023-03-27T12:00:00,42920099999,OZAR AIR FORCE STATION /NASHIK ARPT,20.119,73.914,31.0,,22.31
2023-03-27T12:30:00,42920099999,OZAR AIR FORCE STATION /NASHIK ARPT,20.119,73.914,31.0,,23.88
2023-03-27T13:30:00,42920099999,OZAR AIR FORCE STATION /NASHIK ARPT,20.119,73.914,26.0,,29.82
2023-03-27T14:00:00,42920099999,OZAR AIR FORCE STATION /NASHIK ARPT,20.119,73.914,25.0,,31.65
2023-03-27T14:30:00,42920099999,OZAR AIR FORCE STATION /NASHIK ARPT,20.119,73.914,24.0,,35.97
2023-03-27T15:30:00,42920099999,OZAR AIR FORCE STATION /NASHIK ARPT,20.119,73.914,24.0,,44.01
2023-03-27T16:00:00,42920099999,OZAR AIR FORCE STATION /NASHIK ARPT,20.119,73.914,23.0,,46.74
2023-03-27T16:30:00,42920099999,OZAR AIR FORCE STATION /NASHIK ARPT,20.119,73.914,22.0,,49.67
2023-03-27T17:00:00,42920099999,OZAR AIR FORCE STATION /NASHIK ARPT,20.119,73.914,21.0,,52.8
2023-03-28T02:00:00,42920099999,OZAR AIR FORCE STATION /NASHIK ARPT,20.119,73.914,18.0,,93.88
2023-03-28T02:30:00,42920099999,OZAR AIR FORCE STATION /NASHIK ARPT,20.119,73.914,21.0,,73.11
2023-03-28T03:00:00,42920099999,OZAR AIR FORCE STATION /NASHIK ARPT,20.119,73.914,24.0,,53.58
2023-03-28T03:30:00,42920099999,OZAR AIR FORCE STATION /NASHIK ARPT,20.119,73.914,25.0,,41.45
2023-03-28T04:00:00,42920099999,OZAR AIR FORCE STATION /NASHIK ARPT,20.119,73.914,26.0,,39.06
2023-03-28T04:30:00,42920099999,OZAR AIR FORCE STATION /NASHIK ARPT,20.119,73.914,27.0,,34.45
2023-03-28T05:00:00,42920099999,OZAR AIR FORCE STATION /NASHIK ARPT,20.119,73.914,28.0,,26.52
2023-03-28T05:30:00,42920099999,OZAR AIR FORCE STATION /NASHIK ARPT,20.119,73.914,29.0,,23.36
2023-03-28T06:00:00,42920099999,OZAR AIR FORCE STATION /NASHIK ARPT,20.119,73.914,30.0,,22.05
2023-03-28T06:30:00,42920099999,OZAR AIR FORCE STATION /NASHIK ARPT,20.119,73.914,30.0,,23.62
2023-03-28T07:00:00,42920099999,OZAR AIR FORCE STATION /NASHIK ARPT,20.119,73.914,31.0,,20.82
2023-03-28T08:00:00,42920099999,OZAR AIR FORCE STATION /NASHIK ARPT,20.119,73.914,32.0,,15.95
2023-03-28T08:30:00,42920099999,OZAR AIR FORCE STATION /NASHIK ARPT,20.119,73.914,33.0,,13.07
2023-03-28T10:30:00,42920099999,OZAR AIR FORCE STATION /NASHIK ARPT,20.119,73.914,33.0,,15.08
2023-03-28T11:00:00,42920099999,OZAR AIR FORCE STATION /NASHIK ARPT,20.119,73.914,34.0,,11.5
2023-03-28T11:30:00,42920099999,OZAR AIR FORCE STATION /NASHIK ARPT,20.119,73.914,32.0,,13.83
2023-03-28T12:00:00,42920099999,OZAR AIR FORCE STATION /NASHIK ARPT,20.119,73.914,32.0,,17.11
2023-03-28T12:30:00,42920099999,OZAR AIR FORCE STATION /NASHIK ARPT,20.119,73.914,31.0,,18.12
2023-03-28T13:00:00,42920099999,OZAR AIR FORCE STATION /NASHIK ARPT,20.119,73.914,29.0,,25.02
2023-03-28T13:30:00,42920099999,OZAR AIR FORCE STATION /NASHIK ARPT,20.119,73.914,28.0,,24.76
2023-03-28T14:00:00,42920099999,OZAR AIR FORCE STATION /NASHIK ARPT,20.119,73.914,27.0,,26.25
2023-03-28T14:30:00,42920099999,OZAR AIR FORCE STATION /NASHIK ARPT,20.119,73.914,26.0,,44.56
2023-03-28T15:30:00,42920099999,OZAR AIR FORCE STATION /NASHIK ARPT,20.119,73.914,25.0,,53.83
2023-03-28T16:00:00,42920099999,OZAR AIR FORCE STATION /NASHIK ARPT,20.119,73.914,23.0,,56.91
2023-03-29T02:00:00,42920099999,OZAR AIR FORCE STATION /NASHIK ARPT,20.119,73.914,17.0,,77.31
2023-03-29T02:30:00,42920099999,OZAR AIR FORCE STATION /NASHIK ARPT,20.119,73.914,22.0,,49.67
2023-03-29T03:00:00,42920099999,OZAR AIR FORCE STATION /NASHIK ARPT,20.119,73.914,24.0,,44.01
2023-03-29T03:30:00,42920099999,OZAR AIR FORCE STATION /NASHIK ARPT,20.119,73.914,26.0,,39.06
2023-03-29T04:00:00,42920099999,OZAR AIR FORCE STATION /NASHIK ARPT,20.119,73.914,28.0,,34.73
2023-03-29T04:30:00,42920099999,OZAR AIR FORCE STATION /NASHIK ARPT,20.119,73.914,29.0,,32.77
2023-03-29T05:00:00,42920099999,OZAR AIR FORCE STATION /NASHIK ARPT,20.119,73.914,30.0,,25.29
2023-03-29T05:30:00,42920099999,OZAR AIR FORCE STATION /NASHIK ARPT,20.119,73.914,31.0,,29.21
2023-03-29T06:00:00,42920099999,OZAR AIR FORCE STATION /NASHIK ARPT,20.119,73.914,31.0,,27.33
2023-03-29T06:30:00,42920099999,OZAR AIR FORCE STATION /NASHIK ARPT,20.119,73.914,33.0,,14.04
2023-03-29T07:30:00,42920099999,OZAR AIR FORCE STATION /NASHIK ARPT,20.119,73.914,34.0,,16.4
2023-03-29T08:00:00,42920099999,OZAR AIR FORCE STATION /NASHIK ARPT,20.119,73.914,33.0,,19.92
2023-03-29T08:30:00,42920099999,OZAR AIR FORCE STATION /NASHIK ARPT,20.119,73.914,34.0,,18.83
2023-03-29T09:00:00,42920099999,OZAR AIR FORCE STATION /NASHIK ARPT,20.119,73.914,33.0,,19.92
2023-03-29T09:30:00,42920099999,OZAR AIR FORCE STATION /NASHIK ARPT,20.119,73.914,33.0,,22.82
2023-03-29T10:00:00,42920099999,OZAR AIR FORCE STATION /NASHIK ARPT,20.119,73.914,33.0,,22.82
2023-03-29T10:30:00,42920099999,OZAR AIR FORCE STATION /NASHIK ARPT,20.119,73.914,34.0,,21.57
2023-03-29T11:00:00,42920099999,OZAR AIR FORCE STATION /NASHIK ARPT,20.119,73.914,33.0,,22.82
2023-03-29T11:30:00,42920099999,OZAR AIR FORCE STATION /NASHIK ARPT,20.119,73.914,32.0,,22.56
2023-03-29T12:00:00,42920099999,OZAR AIR FORCE STATION /NASHIK ARPT,20.119,73.914,32.0,,21.07
2023-03-29T13:00:00,42920099999,OZAR AIR FORCE STATION /NASHIK ARPT,20.119,73.914,29.0,,30.66
2023-03-29T15:30:00,42920099999,OZAR AIR FORCE STATION /NASHIK ARPT,20.119,73.914,24.0,,57.15
2023-03-29T16:00:00,42920099999,OZAR AIR FORCE STATION /NASHIK ARPT,20.119,73.914,22.0,,64.5
2023-03-30T02:00:00,42920099999,OZAR AIR FORCE STATION /NASHIK ARPT,20.119,73.914,17.0,,93.84
2023-03-30T03:00:00,42920099999,OZAR AIR FORCE STATION /NASHIK ARPT,20.119,73.914,22.0,,73.29
2023-03-30T03:30:00,42920099999,OZAR AIR FORCE STATION /NASHIK ARPT,20.119,73.914,23.0,,68.97
2023-03-30T04:00:00,42920099999,OZAR AIR FORCE STATION /NASHIK ARPT,20.119,73.914,24.0,,60.93
2023-03-30T04:30:00,42920099999,OZAR AIR FORCE STATION /NASHIK ARPT,20.119,73.914,26.0,,44.56
2023-03-30T05:00:00,42920099999,OZAR AIR FORCE STATION /NASHIK ARPT,20.119,73.914,27.0,,42.01
2023-03-30T05:30:00,42920099999,OZAR AIR FORCE STATION /NASHIK ARPT,20.119,73.914,28.0,,34.73
2023-03-30T06:00:00,42920099999,OZAR AIR FORCE STATION /NASHIK ARPT,20.119,73.914,28.0,,30.38
2023-03-30T06:30:00,42920099999,OZAR AIR FORCE STATION /NASHIK ARPT,20.119,73.914,29.0,,28.66
2023-03-30T07:00:00,42920099999,OZAR AIR FORCE STATION /NASHIK ARPT,20.119,73.914,29.0,,32.77
2023-03-30T07:30:00,42920099999,OZAR AIR FORCE STATION /NASHIK ARPT,20.119,73.914,30.0,,30.93
2023-03-30T08:00:00,42920099999,OZAR AIR FORCE STATION /NASHIK ARPT,20.119,73.914,31.0,,29.21
2023-03-30T08:30:00,42920099999,OZAR AIR FORCE STATION /NASHIK ARPT,20.119,73.914,30.0,,28.94
2023-03-30T09:00:00,42920099999,OZAR AIR FORCE STATION /NASHIK ARPT,20.119,73.914,31.0,,29.21
2023-03-30T09:30:00,42920099999,OZAR AIR FORCE STATION /NASHIK ARPT,20.119,73.914,30.0,,33.05
2023-03-30T10:00:00,42920099999,OZAR AIR FORCE STATION /NASHIK ARPT,20.119,73.914,30.0,,33.05
2023-03-30T10:30:00,42920099999,OZAR AIR FORCE STATION /NASHIK ARPT,20.119,73.914,30.0,,33.05
2023-03-30T11:00:00,42920099999,OZAR AIR FORCE STATION /NASHIK ARPT,20.119,73.914,30.0,,35.29
2023-03-30T11:30:00,42920099999,OZAR AIR FORCE STATION /NASHIK ARPT,20.119,73.914,30.0,,35.29
2023-03-30T12:00:00,42920099999,OZAR AIR FORCE STATION /NASHIK ARPT,20.119,73.914,29.0,,37.38
2023-03-30T12:30:00,42920099999,OZAR AIR FORCE STATION /NASHIK ARPT,20.119,73.914,29.0,,39.9
2023-03-30T13:00:00,42920099999,OZAR AIR FORCE STATION /NASHIK ARPT,20.119,73.914,28.0,,42.28
2023-03-30T14:30:00,42920099999,OZAR AIR FORCE STATION /NASHIK ARPT,20.119,73.914,25.0,,57.39
2023-03-30T15:00:00,42920099999,OZAR AIR FORCE STATION /NASHIK ARPT,20.119,73.914,25.0,,57.39
2023-03-30T15:30:00,42920099999,OZAR AIR FORCE STATION /NASHIK ARPT,20.119,73.914,25.0,,57.39
2023-03-31T02:00:00,42920099999,OZAR AIR FORCE STATION /NASHIK ARPT,20.119,73.914,21.0,,88.35
2023-03-31T02:30:00,42920099999,OZAR AIR FORCE STATION /NASHIK ARPT,20.119,73.914,23.0,,73.46
2023-03-31T03:00:00,42920099999,OZAR AIR FORCE STATION /NASHIK ARPT,20.119,73.914,23.0,,73.46
2023-03-31T03:30:00,42920099999,OZAR AIR FORCE STATION /NASHIK ARPT,20.119,73.914,21.0,,82.99
2023-03-31T04:00:00,42920099999,OZAR AIR FORCE STATION /NASHIK ARPT,20.119,73.914,25.0,,61.16
2023-03-31T04:30:00,42920099999,OZAR AIR FORCE STATION /NASHIK ARPT,20.119,73.914,25.0,,57.39
2023-03-31T05:00:00,42920099999,OZAR AIR FORCE STATION /NASHIK ARPT,20.119,73.914,27.0,,47.82
2023-03-31T05:30:00,42920099999,OZAR AIR FORCE STATION /NASHIK ARPT,20.119,73.914,27.0,,44.83
2023-03-31T07:00:00,42920099999,OZAR AIR FORCE STATION /NASHIK ARPT,20.119,73.914,29.0,,42.56
2023-03-31T08:00:00,42920099999,OZAR AIR FORCE STATION /NASHIK ARPT,20.119,73.914,29.0,,42.56
2023-03-31T08:30:00,42920099999,OZAR AIR FORCE STATION /NASHIK ARPT,20.119,73.914,29.0,,39.9
2023-03-31T09:00:00,42920099999,OZAR AIR FORCE STATION /NASHIK ARPT,20.119,73.914,31.0,,35.56
2023-03-31T09:30:00,42920099999,OZAR AIR FORCE STATION /NASHIK ARPT,20.119,73.914,29.0,,37.38
2023-03-31T10:00:00,42920099999,OZAR AIR FORCE STATION /NASHIK ARPT,20.119,73.914,29.0,,37.38
2023-03-31T10:30:00,42920099999,OZAR AIR FORCE STATION /NASHIK ARPT,20.119,73.914,30.0,,30.93
2023-03-31T11:00:00,42920099999,OZAR AIR FORCE STATION /NASHIK ARPT,20.119,73.914,30.0,,28.94
2023-03-31T11:30:00,42920099999,OZAR AIR FORCE STATION /NASHIK ARPT,20.119,73.914,29.0,,30.66
2023-03-31T12:00:00,42920099999,OZAR AIR FORCE STATION /NASHIK ARPT,20.119,73.914,29.0,,28.66
2023-03-31T12:30:00,42920099999,OZAR AIR FORCE STATION /NASHIK ARPT,20.119,73.914,28.0,,24.76
2023-03-31T13:00:00,42920099999,OZAR AIR FORCE STATION /NASHIK ARPT,20.119,73.914,27.0,,24.49
2023-03-31T13:30:00,42920099999,OZAR AIR FORCE STATION /NASHIK ARPT,20.119,73.914,25.0,,27.57
2023-03-31T14:00:00,42920099999,OZAR AIR FORCE STATION /NASHIK ARPT,20.119,73.914,23.0,,31.08
2023-03-31T15:30:00,42920099999,OZAR AIR FORCE STATION /NASHIK ARPT,20.119,73.914,20.0,,37.35
2023-03-31T16:00:00,42920099999,OZAR AIR FORCE STATION /NASHIK ARPT,20.119,73.914,19.0,,42.6
2023-03-31T17:00:00,42920099999,OZAR AIR FORCE STATION /NASHIK ARPT,20.119,73.914,18.0,,45.35
2023-04-01T02:00:00,42920099999,OZAR AIR FORCE STATION /NASHIK ARPT,20.119,73.914,18.0,,82.63
2023-04-01T02:30:00,42920099999,OZAR AIR FORCE STATION /NASHIK ARPT,20.119,73.914,20.0,,77.77
2023-04-01T03:00:00,42920099999,OZAR AIR FORCE STATION /NASHIK ARPT,20.119,73.914,32.0,,35.84
2023-04-01T04:00:00,42920099999,OZAR AIR FORCE STATION /NASHIK ARPT,20.119,73.914,25.0,,50.46
2023-04-01T04:30:00,42920099999,OZAR AIR FORCE STATION /NASHIK ARPT,20.119,73.914,27.0,,28.12
2023-04-01T05:00:00,42920099999,OZAR AIR FORCE STATION /NASHIK ARPT,20.119,73.914,28.0,,28.39
2023-04-01T05:30:00,42920099999,OZAR AIR FORCE STATION /NASHIK ARPT,20.119,73.914,28.0,,32.49
2023-04-01T06:00:00,42920099999,OZAR AIR FORCE STATION /NASHIK ARPT,20.119,73.914,29.0,,26.79
2023-04-01T06:30:00,42920099999,OZAR AIR FORCE STATION /NASHIK ARPT,20.119,73.914,30.0,,23.62
2023-04-01T07:00:00,42920099999,OZAR AIR FORCE STATION /NASHIK ARPT,20.119,73.914,30.0,,23.62
2023-04-01T07:30:00,42920099999,OZAR AIR FORCE STATION /NASHIK ARPT,20.119,73.914,31.0,,22.31
2023-04-01T08:00:00,42920099999,OZAR AIR FORCE STATION /NASHIK ARPT,20.119,73.914,31.0,,22.31
2023-04-01T08:30:00,42920099999,OZAR AIR FORCE STATION /NASHIK ARPT,20.119,73.914,31.0,,23.88
2023-04-01T09:00:00,42920099999,OZAR AIR FORCE STATION /NASHIK ARPT,20.119,73.914,32.0,,22.56
2023-04-01T09:30:00,42920099999,OZAR AIR FORCE STATION /NASHIK ARPT,20.119,73.914,32.0,,22.56
2023-04-01T10:30:00,42920099999,OZAR AIR FORCE STATION /NASHIK ARPT,20.119,73.914,32.0,,24.14
2023-04-01T11:00:00,42920099999,OZAR AIR FORCE STATION /NASHIK ARPT,20.119,73.914,31.0,,25.55
2023-04-01T11:30:00,42920099999,OZAR AIR FORCE STATION /NASHIK ARPT,20.119,73.914,31.0,,25.55
2023-04-01T12:00:00,42920099999,OZAR AIR FORCE STATION /NASHIK ARPT,20.119,73.914,31.0,,27.33
2023-04-01T12:30:00,42920099999,OZAR AIR FORCE STATION /NASHIK ARPT,20.119,73.914,30.0,,28.94
2023-04-01T13:00:00,42920099999,OZAR AIR FORCE STATION /NASHIK ARPT,20.119,73.914,29.0,,30.66
2023-04-01T14:00:00,42920099999,OZAR AIR FORCE STATION /NASHIK ARPT,20.119,73.914,26.0,,39.06
2023-04-01T15:30:00,42920099999,OZAR AIR FORCE STATION /NASHIK ARPT,20.119,73.914,24.0,,44.01
2023-04-01T16:00:00,42920099999,OZAR AIR FORCE STATION /NASHIK ARPT,20.119,73.914,23.0,,46.74
2023-04-01T17:00:00,42920099999,OZAR AIR FORCE STATION /NASHIK ARPT,20.119,73.914,21.0,,49.4
2023-04-02T02:00:00,42920099999,OZAR AIR FORCE STATION /NASHIK ARPT,20.119,73.914,19.0,,59.76
2023-04-02T02:30:00,42920099999,OZAR AIR FORCE STATION /NASHIK ARPT,20.119,73.914,22.0,,46.47
2023-04-02T03:30:00,42920099999,OZAR AIR FORCE STATION /NASHIK ARPT,20.119,73.914,25.0,,44.28
2023-04-02T04:00:00,42920099999,OZAR AIR FORCE STATION /NASHIK ARPT,20.119,73.914,26.0,,41.73
2023-04-02T04:30:00,42920099999,OZAR AIR FORCE STATION /NASHIK ARPT,20.119,73.914,28.0,,32.49
2023-04-02T05:00:00,42920099999,OZAR AIR FORCE STATION /NASHIK ARPT,20.119,73.914,28.0,,32.49
2023-04-02T05:30:00,42920099999,OZAR AIR FORCE STATION /NASHIK ARPT,20.119,73.914,29.0,,26.79
2023-04-02T06:00:00,42920099999,OZAR AIR FORCE STATION /NASHIK ARPT,20.119,73.914,29.0,,25.02
2023-04-02T06:30:00,42920099999,OZAR AIR FORCE STATION /NASHIK ARPT,20.119,73.914,31.0,,23.88
2023-04-02T07:00:00,42920099999,OZAR AIR FORCE STATION /NASHIK ARPT,20.119,73.914,31.0,,23.88
2023-04-02T07:30:00,42920099999,OZAR AIR FORCE STATION /NASHIK ARPT,20.119,73.914,32.0,,22.56
2023-04-02T08:00:00,42920099999,OZAR AIR FORCE STATION /NASHIK ARPT,20.119,73.914,32.0,,22.56
2023-04-02T08:30:00,42920099999,OZAR AIR FORCE STATION /NASHIK ARPT,20.119,73.914,33.0,,21.32
2023-04-02T09:30:00,42920099999,OZAR AIR FORCE STATION /NASHIK ARPT,20.119,73.914,33.0,,19.92
2023-04-02T10:30:00,42920099999,OZAR AIR FORCE STATION /NASHIK ARPT,20.119,73.914,33.0,,18.59
2023-04-02T11:30:00,42920099999,OZAR AIR FORCE STATION /NASHIK ARPT,20.119,73.914,33.0,,18.59
2023-04-02T12:00:00,42920099999,OZAR AIR FORCE STATION /NASHIK ARPT,20.119,73.914,32.0,,19.67
2023-04-02T12:30:00,42920099999,OZAR AIR FORCE STATION /NASHIK ARPT,20.119,73.914,32.0,,19.67
2023-04-02T13:00:00,42920099999,OZAR AIR FORCE STATION /NASHIK ARPT,20.119,73.914,30.0,,22.05
2023-04-02T14:00:00,42920099999,OZAR AIR FORCE STATION /NASHIK ARPT,20.119,73.914,27.0,,44.83
2023-04-02T14:30:00,42920099999,OZAR AIR FORCE STATION /NASHIK ARPT,20.119,73.914,26.0,,50.73
2023-04-02T15:00:00,42920099999,OZAR AIR FORCE STATION /NASHIK ARPT,20.119,73.914,26.0,,50.73
2023-04-02T16:00:00,42920099999,OZAR AIR FORCE STATION /NASHIK ARPT,20.119,73.914,25.0,,53.83
2023-04-02T16:30:00,42920099999,OZAR AIR FORCE STATION /NASHIK ARPT,20.119,73.914,24.0,,57.15
2023-04-02T17:00:00,42920099999,OZAR AIR FORCE STATION /NASHIK ARPT,20.119,73.914,23.0,,56.91
2023-04-03T02:00:00,42920099999,OZAR AIR FORCE STATION /NASHIK ARPT,20.119,73.914,20.0,,82.87
2023-04-03T02:30:00,42920099999,OZAR AIR FORCE STATION /NASHIK ARPT,20.119,73.914,22.0,,73.29
2023-04-03T03:00:00,42920099999,OZAR AIR FORCE STATION /NASHIK ARPT,20.119,73.914,24.0,,57.15
2023-04-03T03:30:00,42920099999,OZAR AIR FORCE STATION /NASHIK ARPT,20.119,73.914,26.0,,39.06
2023-04-03T04:00:00,42920099999,OZAR AIR FORCE STATION /NASHIK ARPT,20.119,73.914,27.0,,39.34
2023-04-03T04:30:00,42920099999,OZAR AIR FORCE STATION /NASHIK ARPT,20.119,73.914,28.0,,37.1
2023-04-03T05:30:00,42920099999,OZAR AIR FORCE STATION /NASHIK ARPT,20.119,73.914,30.0,,30.93
2023-04-03T06:00:00,42920099999,OZAR AIR FORCE STATION /NASHIK ARPT,20.119,73.914,31.0,,27.33
2023-04-03T06:30:00,42920099999,OZAR AIR FORCE STATION /NASHIK ARPT,20.119,73.914,31.0,,27.33
2023-04-03T07:00:00,42920099999,OZAR AIR FORCE STATION /NASHIK ARPT,20.119,73.914,33.0,,24.4
2023-04-03T08:00:00,42920099999,OZAR AIR FORCE STATION /NASHIK ARPT,20.119,73.914,33.0,,22.82
2023-04-03T08:30:00,42920099999,OZAR AIR FORCE STATION /NASHIK ARPT,20.119,73.914,34.0,,23.07
2023-04-03T09:00:00,42920099999,OZAR AIR FORCE STATION /NASHIK ARPT,20.119,73.914,33.0,,22.82
2023-04-03T09:30:00,42920099999,OZAR AIR FORCE STATION /NASHIK ARPT,20.119,73.914,33.0,,19.92
2023-04-03T10:00:00,42920099999,OZAR AIR FORCE STATION /NASHIK ARPT,20.119,73.914,32.0,,22.56
2023-04-03T10:30:00,42920099999,OZAR AIR FORCE STATION /NASHIK ARPT,20.119,73.914,34.0,,18.83
2023-04-03T11:30:00,42920099999,OZAR AIR FORCE STATION /NASHIK ARPT,20.119,73.914,33.0,,22.82
2023-04-03T12:00:00,42920099999,OZAR AIR FORCE STATION /NASHIK ARPT,20.119,73.914,32.0,,24.14
2023-04-03T12:30:00,42920099999,OZAR AIR FORCE STATION /NASHIK ARPT,20.119,73.914,32.0,,25.82
2023-04-03T13:00:00,42920099999,OZAR AIR FORCE STATION /NASHIK ARPT,20.119,73.914,30.0,,37.66
2023-04-03T13:30:00,42920099999,OZAR AIR FORCE STATION /NASHIK ARPT,20.119,73.914,28.0,,51.25
2023-04-03T14:00:00,42920099999,OZAR AIR FORCE STATION /NASHIK ARPT,20.119,73.914,27.0,,50.99
2023-04-03T14:30:00,42920099999,OZAR AIR FORCE STATION /NASHIK ARPT,20.119,73.914,27.0,,50.99
2023-04-03T15:00:00,42920099999,OZAR AIR FORCE STATION /NASHIK ARPT,20.119,73.914,26.0,,50.73
2023-04-03T16:00:00,42920099999,OZAR AIR FORCE STATION /NASHIK ARPT,20.119,73.914,24.0,,60.93
2023-04-03T16:30:00,42920099999,OZAR AIR FORCE STATION /NASHIK ARPT,20.119,73.914,24.0,,60.93
2023-04-04T02:00:00,42920099999,OZAR AIR FORCE STATION /NASHIK ARPT,20.119,73.914,21.0,,49.4
2023-04-04T02:30:00,42920099999,OZAR AIR FORCE STATION /NASHIK ARPT,20.119,73.914,23.0,,40.89
2023-04-04T03:00:00,42920099999,OZAR AIR FORCE STATION /NASHIK ARPT,20.119,73.914,26.0,,34.17
2023-04-04T03:30:00,42920099999,OZAR AIR FORCE STATION /NASHIK ARPT,20.119,73.914,28.0,,32.49
2023-04-04T04:00:00,42920099999,OZAR AIR FORCE STATION /NASHIK ARPT,20.119,73.914,29.0,,30.66
2023-04-04T04:30:00,42920099999,OZAR AIR FORCE STATION /NASHIK ARPT,20.119,73.914,30.0,,28.94
2023-04-04T06:00:00,42920099999,OZAR AIR FORCE STATION /NASHIK ARPT,20.119,73.914,33.0,,19.92
2023-04-04T06:30:00,42920099999,OZAR AIR FORCE STATION /NASHIK ARPT,20.119,73.914,34.0,,20.16
2023-04-04T07:00:00,42920099999,OZAR AIR FORCE STATION /NASHIK ARPT,20.119,73.914,34.0,,18.83
2023-04-04T07:30:00,42920099999,OZAR AIR FORCE STATION /NASHIK ARPT,20.119,73.914,35.0,,17.81
2023-04-04T08:00:00,42920099999,OZAR AIR FORCE STATION /NASHIK ARPT,20.119,73.914,34.0,,18.83
2023-04-04T09:00:00,42920099999,OZAR AIR FORCE STATION /NASHIK ARPT,20.119,73.914,35.0,,17.81
2023-04-04T09:30:00,42920099999,OZAR AIR FORCE STATION /NASHIK ARPT,20.119,73.914,36.0,,16.86
2023-04-04T10:30:00,42920099999,OZAR AIR FORCE STATION /NASHIK ARPT,20.119,73.914,36.0,,16.86
2023-04-04T11:30:00,42920099999,OZAR AIR FORCE STATION /NASHIK ARPT,20.119,73.914,35.0,,17.81
2023-04-04T12:00:00,42920099999,OZAR AIR FORCE STATION /NASHIK ARPT,20.119,73.914,34.0,,20.16
2023-04-04T12:30:00,42920099999,OZAR AIR FORCE STATION /NASHIK ARPT,20.119,73.914,32.0,,27.6
2023-04-04T13:00:00,42920099999,OZAR AIR FORCE STATION /NASHIK ARPT,20.119,73.914,31.0,,31.21
2023-04-04T13:30:00,42920099999,OZAR AIR FORCE STATION /NASHIK ARPT,20.119,73.914,30.0,,35.29
2023-04-04T14:00:00,42920099999,OZAR AIR FORCE STATION /NASHIK ARPT,20.119,73.914,29.0,,39.9
2023-04-04T14:30:00,42920099999,OZAR AIR FORCE STATION /NASHIK ARPT,20.119,73.914,28.0,,39.62
2023-04-04T15:00:00,42920099999,OZAR AIR FORCE STATION /NASHIK ARPT,20.119,73.914,28.0,,42.28
2023-04-04T15:30:00,42920099999,OZAR AIR FORCE STATION /NASHIK ARPT,20.119,73.914,27.0,,47.82
2023-04-04T16:00:00,42920099999,OZAR AIR FORCE STATION /NASHIK ARPT,20.119,73.914,25.0,,53.83
2023-04-04T17:00:00,42920099999,OZAR AIR FORCE STATION /NASHIK ARPT,20.119,73.914,25.0,,61.16
2023-04-05T02:00:00,42920099999,OZAR AIR FORCE STATION /NASHIK ARPT,20.119,73.914,20.0,,64.07
2023-04-05T02:30:00,42920099999,OZAR AIR FORCE STATION /NASHIK ARPT,20.119,73.914,22.0,,60.47
2023-04-05T03:00:00,42920099999,OZAR AIR FORCE STATION /NASHIK ARPT,20.119,73.914,24.0,,57.15
2023-04-05T03:30:00,42920099999,OZAR AIR FORCE STATION /NASHIK ARPT,20.119,73.914,27.0,,47.82
2023-04-05T04:00:00,42920099999,OZAR AIR FORCE STATION /NASHIK ARPT,20.119,73.914,29.0,,30.66
2023-04-05T04:30:00,42920099999,OZAR AIR FORCE STATION /NASHIK ARPT,20.119,73.914,30.0,,27.06
2023-04-05T05:00:00,42920099999,OZAR AIR FORCE STATION /NASHIK ARPT,20.119,73.914,31.0,,25.55
2023-04-05T05:30:00,42920099999,OZAR AIR FORCE STATION /NASHIK ARPT,20.119,73.914,32.0,,21.07
2023-04-05T07:30:00,42920099999,OZAR AIR FORCE STATION /NASHIK ARPT,20.119,73.914,35.0,,20.41
2023-04-05T08:00:00,42920099999,OZAR AIR FORCE STATION /NASHIK ARPT,20.119,73.914,35.0,,17.81
2023-04-05T09:00:00,42920099999,OZAR AIR FORCE STATION /NASHIK ARPT,20.119,73.914,36.0,,16.86
2023-04-05T09:30:00,42920099999,OZAR AIR FORCE STATION /NASHIK ARPT,20.119,73.914,35.0,,17.81
2023-04-05T10:30:00,42920099999,OZAR AIR FORCE STATION /NASHIK ARPT,20.119,73.914,35.0,,19.07
2023-04-05T11:00:00,42920099999,OZAR AIR FORCE STATION /NASHIK ARPT,20.119,73.914,34.0,,20.16
2023-04-05T12:30:00,42920099999,OZAR AIR FORCE STATION /NASHIK ARPT,20.119,73.914,32.0,,21.07
2023-04-05T13:00:00,42920099999,OZAR AIR FORCE STATION /NASHIK ARPT,20.119,73.914,31.0,,23.88
2023-04-05T13:30:00,42920099999,OZAR AIR FORCE STATION /NASHIK ARPT,20.119,73.914,30.0,,30.93
2023-04-05T14:00:00,42920099999,OZAR AIR FORCE STATION /NASHIK ARPT,20.119,73.914,29.0,,30.66
2023-04-05T14:30:00,42920099999,OZAR AIR FORCE STATION /NASHIK ARPT,20.119,73.914,28.0,,34.73
2023-04-05T15:00:00,42920099999,OZAR AIR FORCE STATION /NASHIK ARPT,20.119,73.914,27.0,,44.83
2023-04-05T15:30:00,42920099999,OZAR AIR FORCE STATION /NASHIK ARPT,20.119,73.914,24.0,,50.2
2023-04-05T16:00:00,42920099999,OZAR AIR FORCE STATION /NASHIK ARPT,20.119,73.914,23.0,,46.74
2023-04-05T17:00:00,42920099999,OZAR AIR FORCE STATION /NASHIK ARPT,20.119,73.914,23.0,,46.74
2023-04-06T02:00:00,42920099999,OZAR AIR FORCE STATION /NASHIK ARPT,20.119,73.914,19.0,,93.93
2023-04-06T02:30:00,42920099999,OZAR AIR FORCE STATION /NASHIK ARPT,20.119,73.914,23.0,,53.32
2023-04-06T03:00:00,42920099999,OZAR AIR FORCE STATION /NASHIK ARPT,20.119,73.914,27.0,,34.45
2023-04-06T03:30:00,42920099999,OZAR AIR FORCE STATION /NASHIK ARPT,20.119,73.914,29.0,,25.02
2023-04-06T04:00:00,42920099999,OZAR AIR FORCE STATION /NASHIK ARPT,20.119,73.914,30.0,,23.62
2023-04-06T04:30:00,42920099999,OZAR AIR FORCE STATION /NASHIK ARPT,20.119,73.914,31.0,,20.82
2023-04-06T05:00:00,42920099999,OZAR AIR FORCE STATION /NASHIK ARPT,20.119,73.914,32.0,,18.35
2023-04-06T05:30:00,42920099999,OZAR AIR FORCE STATION /NASHIK ARPT,20.119,73.914,32.0,,18.35
2023-04-06T06:00:00,42920099999,OZAR AIR FORCE STATION /NASHIK ARPT,20.119,73.914,34.0,,18.83
2023-04-06T06:30:00,42920099999,OZAR AIR FORCE STATION /NASHIK ARPT,20.119,73.914,34.0,,18.83
2023-04-06T07:00:00,42920099999,OZAR AIR FORCE STATION /NASHIK ARPT,20.119,73.914,35.0,,17.81
2023-04-06T07:30:00,42920099999,OZAR AIR FORCE STATION /NASHIK ARPT,20.119,73.914,36.0,,18.05
2023-04-06T08:00:00,42920099999,OZAR AIR FORCE STATION /NASHIK ARPT,20.119,73.914,35.0,,15.51
2023-04-06T08:30:00,42920099999,OZAR AIR FORCE STATION /NASHIK ARPT,20.119,73.914,37.0,,15.96
2023-04-06T09:00:00,42920099999,OZAR AIR FORCE STATION /NASHIK ARPT,20.119,73.914,34.0,,17.58
2023-04-06T10:00:00,42920099999,OZAR AIR FORCE STATION /NASHIK ARPT,20.119,73.914,34.0,,15.29
2023-04-06T10:30:00,42920099999,OZAR AIR FORCE STATION /NASHIK ARPT,20.119,73.914,34.0,,17.58
2023-04-06T11:30:00,42920099999,OZAR AIR FORCE STATION /NASHIK ARPT,20.119,73.914,35.0,,15.51
2023-04-06T12:00:00,42920099999,OZAR AIR FORCE STATION /NASHIK ARPT,20.119,73.914,35.0,,16.63
2023-04-06T12:30:00,42920099999,OZAR AIR FORCE STATION /NASHIK ARPT,20.119,73.914,34.0,,18.83
2023-04-06T13:00:00,42920099999,OZAR AIR FORCE STATION /NASHIK ARPT,20.119,73.914,32.0,,24.14
2023-04-06T13:30:00,42920099999,OZAR AIR FORCE STATION /NASHIK ARPT,20.119,73.914,30.0,,28.94
2023-04-06T14:00:00,42920099999,OZAR AIR FORCE STATION /NASHIK ARPT,20.119,73.914,29.0,,32.77
2023-04-06T14:30:00,42920099999,OZAR AIR FORCE STATION /NASHIK ARPT,20.119,73.914,29.0,,32.77
2023-04-06T15:00:00,42920099999,OZAR AIR FORCE STATION /NASHIK ARPT,20.119,73.914,27.0,,36.82
2023-04-06T15:30:00,42920099999,OZAR AIR FORCE STATION /NASHIK ARPT,20.119,73.914,27.0,,36.82
2023-04-06T16:00:00,42920099999,OZAR AIR FORCE STATION /NASHIK ARPT,20.119,73.914,26.0,,39.06
2023-04-06T16:30:00,42920099999,OZAR AIR FORCE STATION /NASHIK ARPT,20.119,73.914,24.0,,44.01
2023-04-06T17:00:00,42920099999,OZAR AIR FORCE STATION /NASHIK ARPT,20.119,73.914,24.0,,44.01
2023-04-07T02:00:00,42920099999,OZAR AIR FORCE STATION /NASHIK ARPT,20.119,73.914,22.0,,56.66
2023-04-07T02:30:00,42920099999,OZAR AIR FORCE STATION /NASHIK ARPT,20.119,73.914,25.0,,50.46
2023-04-07T03:00:00,42920099999,OZAR AIR FORCE STATION /NASHIK ARPT,20.119,73.914,26.0,,44.56
2023-04-07T03:30:00,42920099999,OZAR AIR FORCE STATION /NASHIK ARPT,20.119,73.914,28.0,,37.1
2023-04-07T04:00:00,42920099999,OZAR AIR FORCE STATION /NASHIK ARPT,20.119,73.914,29.0,,28.66
2023-04-07T04:30:00,42920099999,OZAR AIR FORCE STATION /NASHIK ARPT,20.119,73.914,31.0,,23.88
2023-04-07T05:00:00,42920099999,OZAR AIR FORCE STATION /NASHIK ARPT,20.119,73.914,32.0,,21.07
2023-04-07T05:30:00,42920099999,OZAR AIR FORCE STATION /NASHIK ARPT,20.119,73.914,33.0,,19.92
2023-04-07T06:00:00,42920099999,OZAR AIR FORCE STATION /NASHIK ARPT,20.119,73.914,32.0,,19.67
2023-04-07T06:30:00,42920099999,OZAR AIR FORCE STATION /NASHIK ARPT,20.119,73.914,34.0,,18.83
2023-04-07T07:00:00,42920099999,OZAR AIR FORCE STATION /NASHIK ARPT,20.119,73.914,34.0,,17.58
2023-04-07T07:30:00,42920099999,OZAR AIR FORCE STATION /NASHIK ARPT,20.119,73.914,35.0,,17.81
2023-04-07T08:00:00,42920099999,OZAR AIR FORCE STATION /NASHIK ARPT,20.119,73.914,35.0,,17.81
2023-04-07T08:30:00,42920099999,OZAR AIR FORCE STATION /NASHIK ARPT,20.119,73.914,35.0,,16.63
2023-04-07T09:00:00,42920099999,OZAR AIR FORCE STATION /NASHIK ARPT,20.119,73.914,35.0,,16.63
2023-04-07T10:00:00,42920099999,OZAR AIR FORCE STATION /NASHIK ARPT,20.119,73.914,33.0,,19.92
2023-04-07T10:30:00,42920099999,OZAR AIR FORCE STATION /NASHIK ARPT,20.119,73.914,34.0,,20.16
2023-04-07T11:00:00,42920099999,OZAR AIR FORCE STATION /NASHIK ARPT,20.119,73.914,31.0,,25.55
2023-04-07T11:30:00,42920099999,OZAR AIR FORCE STATION /NASHIK ARPT,20.119,73.914,33.0,,21.32
2023-04-07T13:00:00,42920099999,OZAR AIR FORCE STATION /NASHIK ARPT,20.119,73.914,28.0,,37.1
2023-04-07T14:00:00,42920099999,OZAR AIR FORCE STATION /NASHIK ARPT,20.119,73.914,26.0,,39.06
2023-04-07T14:30:00,42920099999,OZAR AIR FORCE STATION /NASHIK ARPT,20.119,73.914,28.0,,34.73
2023-04-07T15:00:00,42920099999,OZAR AIR FORCE STATION /NASHIK ARPT,20.119,73.914,27.0,,36.82
2023-04-07T15:30:00,42920099999,OZAR AIR FORCE STATION /NASHIK ARPT,20.119,73.914,27.0,,36.82
2023-04-07T16:00:00,42920099999,OZAR AIR FORCE STATION /NASHIK ARPT,20.119,73.914,27.0,,30.1
2023-04-07T16:30:00,42920099999,OZAR AIR FORCE STATION /NASHIK ARPT,20.119,73.914,26.0,,39.06
2023-04-07T17:00:00,42920099999,OZAR AIR FORCE STATION /NASHIK ARPT,20.119,73.914,26.0,,41.73
2023-04-08T02:00:00,42920099999,OZAR AIR FORCE STATION /NASHIK ARPT,20.119,73.914,20.0,,100.0
2023-04-08T02:30:00,42920099999,OZAR AIR FORCE STATION /NASHIK ARPT,20.119,73.914,23.0,,46.74
2023-04-08T03:00:00,42920099999,OZAR AIR FORCE STATION /NASHIK ARPT,20.119,73.914,23.0,,64.72
2023-04-08T03:30:00,42920099999,OZAR AIR FORCE STATION /NASHIK ARPT,20.119,73.914,25.0,,57.39
2023-04-08T04:00:00,42920099999,OZAR AIR FORCE STATION /NASHIK ARPT,20.119,73.914,25.0,,53.83
2023-04-08T04:30:00,42920099999,OZAR AIR FORCE STATION /NASHIK ARPT,20.119,73.914,26.0,,50.73
2023-04-08T05:00:00,42920099999,OZAR AIR FORCE STATION /NASHIK ARPT,20.119,73.914,28.0,,45.1
2023-04-08T05:30:00,42920099999,OZAR AIR FORCE STATION /NASHIK ARPT,20.119,73.914,28.0,,45.1
2023-04-08T06:00:00,42920099999,OZAR AIR FORCE STATION /NASHIK ARPT,20.119,73.914,30.0,,37.66
2023-04-08T06:30:00,42920099999,OZAR AIR FORCE STATION /NASHIK ARPT,20.119,73.914,31.0,,33.32
2023-04-08T07:00:00,42920099999,OZAR AIR FORCE STATION /NASHIK ARPT,20.119,73.914,31.0,,33.32
2023-04-08T07:30:00,42920099999,OZAR AIR FORCE STATION /NASHIK ARPT,20.119,73.914,32.0,,31.48
2023-04-08T08:00:00,42920099999,OZAR AIR FORCE STATION /NASHIK ARPT,20.119,73.914,31.0,,33.32
2023-04-08T08:30:00,42920099999,OZAR AIR FORCE STATION /NASHIK ARPT,20.119,73.914,32.0,,31.48
2023-04-08T09:00:00,42920099999,OZAR AIR FORCE STATION /NASHIK ARPT,20.119,73.914,33.0,,27.87
2023-04-08T09:30:00,42920099999,OZAR AIR FORCE STATION /NASHIK ARPT,20.119,73.914,33.0,,26.08
2023-04-08T10:30:00,42920099999,OZAR AIR FORCE STATION /NASHIK ARPT,20.119,73.914,33.0,,26.08
2023-04-08T11:00:00,42920099999,OZAR AIR FORCE STATION /NASHIK ARPT,20.119,73.914,32.0,,27.6
2023-04-08T12:00:00,42920099999,OZAR AIR FORCE STATION /NASHIK ARPT,20.119,73.914,32.0,,24.14
2023-04-08T12:30:00,42920099999,OZAR AIR FORCE STATION /NASHIK ARPT,20.119,73.914,31.0,,27.33
2023-04-08T13:30:00,42920099999,OZAR AIR FORCE STATION /NASHIK ARPT,20.119,73.914,29.0,,37.38
2023-04-08T14:00:00,42920099999,OZAR AIR FORCE STATION /NASHIK ARPT,20.119,73.914,26.0,,54.08
2023-04-08T15:00:00,42920099999,OZAR AIR FORCE STATION /NASHIK ARPT,20.119,73.914,25.0,,57.39
2023-04-08T16:00:00,42920099999,OZAR AIR FORCE STATION /NASHIK ARPT,20.119,73.914,26.0,,44.56
2023-04-08T16:30:00,42920099999,OZAR AIR FORCE STATION /NASHIK ARPT,20.119,73.914,24.0,,53.58
2023-04-08T17:00:00,42920099999,OZAR AIR FORCE STATION /NASHIK ARPT,20.119,73.914,24.0,,53.58
2023-04-09T02:00:00,42920099999,OZAR AIR FORCE STATION /NASHIK ARPT,20.119,73.914,22.0,,73.29
2023-04-09T02:30:00,42920099999,OZAR AIR FORCE STATION /NASHIK ARPT,20.119,73.914,25.0,,61.16
2023-04-09T03:00:00,42920099999,OZAR AIR FORCE STATION /NASHIK ARPT,20.119,73.914,26.0,,50.73
2023-04-09T03:30:00,42920099999,OZAR AIR FORCE STATION /NASHIK ARPT,20.119,73.914,27.0,,44.83
2023-04-09T04:00:00,42920099999,OZAR AIR FORCE STATION /NASHIK ARPT,20.119,73.914,29.0,,39.9
2023-04-09T04:30:00,42920099999,OZAR AIR FORCE STATION /NASHIK ARPT,20.119,73.914,31.0,,37.94
2023-04-09T05:00:00,42920099999,OZAR AIR FORCE STATION /NASHIK ARPT,20.119,73.914,32.0,,29.48
2023-04-09T05:30:00,42920099999,OZAR AIR FORCE STATION /NASHIK ARPT,20.119,73.914,33.0,,27.87
2023-04-09T06:00:00,42920099999,OZAR AIR FORCE STATION /NASHIK ARPT,20.119,73.914,33.0,,24.4
2023-04-09T06:30:00,42920099999,OZAR AIR FORCE STATION /NASHIK ARPT,20.119,73.914,34.0,,24.66
2023-04-09T07:00:00,42920099999,OZAR AIR FORCE STATION /NASHIK ARPT,20.119,73.914,34.0,,24.66
2023-04-09T08:00:00,42920099999,OZAR AIR FORCE STATION /NASHIK ARPT,20.119,73.914,35.0,,20.41
2023-04-09T09:30:00,42920099999,OZAR AIR FORCE STATION /NASHIK ARPT,20.119,73.914,36.0,,19.31
2023-04-09T10:00:00,42920099999,OZAR AIR FORCE STATION /NASHIK ARPT,20.119,73.914,35.0,,17.81
2023-04-09T10:30:00,42920099999,OZAR AIR FORCE STATION /NASHIK ARPT,20.119,73.914,34.0,,18.83
2023-04-09T11:00:00,42920099999,OZAR AIR FORCE STATION /NASHIK ARPT,20.119,73.914,34.0,,17.58
2023-04-09T11:30:00,42920099999,OZAR AIR FORCE STATION /NASHIK ARPT,20.119,73.914,34.0,,20.16
2023-04-09T12:00:00,42920099999,OZAR AIR FORCE STATION /NASHIK ARPT,20.119,73.914,33.0,,22.82
2023-04-09T12:30:00,42920099999,OZAR AIR FORCE STATION /NASHIK ARPT,20.119,73.914,32.0,,25.82
2023-04-09T13:00:00,42920099999,OZAR AIR FORCE STATION /NASHIK ARPT,20.119,73.914,32.0,,25.82
2023-04-09T13:30:00,42920099999,OZAR AIR FORCE STATION /NASHIK ARPT,20.119,73.914,30.0,,35.29
2023-04-09T14:00:00,42920099999,OZAR AIR FORCE STATION /NASHIK ARPT,20.119,73.914,29.0,,39.9
2023-04-09T14:30:00,42920099999,OZAR AIR FORCE STATION /NASHIK ARPT,20.119,73.914,26.0,,41.73
2023-04-09T15:00:00,42920099999,OZAR AIR FORCE STATION /NASHIK ARPT,20.119,73.914,24.0,,60.93
2023-04-09T16:00:00,42920099999,OZAR AIR FORCE STATION /NASHIK ARPT,20.119,73.914,23.0,,64.72
2023-04-09T16:30:00,42920099999,OZAR AIR FORCE STATION /NASHIK ARPT,20.119,73.914,23.0,,64.72
2023-04-09T17:00:00,42920099999,OZAR AIR FORCE STATION /NASHIK ARPT,20.119,73.914,23.0,,60.7
2023-04-10T02:00:00,42920099999,OZAR AIR FORCE STATION /NASHIK ARPT,20.119,73.914,22.0,,78.06
2023-04-10T02:30:00,42920099999,OZAR AIR FORCE STATION /NASHIK ARPT,20.119,73.914,24.0,,69.16
2023-04-10T03:00:00,42920099999,OZAR AIR FORCE STATION /NASHIK ARPT,20.119,73.914,25.0,,57.39
2023-04-10T03:30:00,42920099999,OZAR AIR FORCE STATION /NASHIK ARPT,20.119,73.914,27.0,,50.99
2023-04-10T04:00:00,42920099999,OZAR AIR FORCE STATION /NASHIK ARPT,20.119,73.914,28.0,,42.28
2023-04-10T04:30:00,42920099999,OZAR AIR FORCE STATION /NASHIK ARPT,20.119,73.914,29.0,,39.9
2023-04-10T05:00:00,42920099999,OZAR AIR FORCE STATION /NASHIK ARPT,20.119,73.914,30.0,,40.17
2023-04-10T05:30:00,42920099999,OZAR AIR FORCE STATION /NASHIK ARPT,20.119,73.914,31.0,,35.56
2023-04-10T06:00:00,42920099999,OZAR AIR FORCE STATION /NASHIK ARPT,20.119,73.914,32.0,,35.84
2023-04-10T06:30:00,42920099999,OZAR AIR FORCE STATION /NASHIK ARPT,20.119,73.914,32.0,,33.6
2023-04-10T07:00:00,42920099999,OZAR AIR FORCE STATION /NASHIK ARPT,20.119,73.914,33.0,,33.88
2023-04-10T07:30:00,42920099999,OZAR AIR FORCE STATION /NASHIK ARPT,20.119,73.914,33.0,,29.76
2023-04-10T08:00:00,42920099999,OZAR AIR FORCE STATION /NASHIK ARPT,20.119,73.914,34.0,,28.13
2023-04-10T08:30:00,42920099999,OZAR AIR FORCE STATION /NASHIK ARPT,20.119,73.914,34.0,,28.13
2023-04-10T09:30:00,42920099999,OZAR AIR FORCE STATION /NASHIK ARPT,20.119,73.914,34.0,,26.35
2023-04-10T10:00:00,42920099999,OZAR AIR FORCE STATION /NASHIK ARPT,20.119,73.914,35.0,,23.33
2023-04-10T10:30:00,42920099999,OZAR AIR FORCE STATION /NASHIK ARPT,20.119,73.914,33.0,,26.08
2023-04-10T11:00:00,42920099999,OZAR AIR FORCE STATION /NASHIK ARPT,20.119,73.914,33.0,,26.08
2023-04-10T11:30:00,42920099999,OZAR AIR FORCE STATION /NASHIK ARPT,20.119,73.914,33.0,,26.08
2023-04-10T12:00:00,42920099999,OZAR AIR FORCE STATION /NASHIK ARPT,20.119,73.914,33.0,,26.08
2023-04-10T12:30:00,42920099999,OZAR AIR FORCE STATION /NASHIK ARPT,20.119,73.914,32.0,,27.6
2023-04-10T13:00:00,42920099999,OZAR AIR FORCE STATION /NASHIK ARPT,20.119,73.914,31.0,,29.21
2023-04-10T13:30:00,42920099999,OZAR AIR FORCE STATION /NASHIK ARPT,20.119,73.914,31.0,,29.21
2023-04-10T14:00:00,42920099999,OZAR AIR FORCE STATION /NASHIK ARPT,20.119,73.914,27.0,,54.33
2023-04-10T14:30:00,42920099999,OZAR AIR FORCE STATION /NASHIK ARPT,20.119,73.914,25.0,,65.15
2023-04-10T15:00:00,42920099999,OZAR AIR FORCE STATION /NASHIK ARPT,20.119,73.914,26.0,,61.39
2023-04-10T15:30:00,42920099999,OZAR AIR FORCE STATION /NASHIK ARPT,20.119,73.914,24.0,,60.93
2023-04-10T16:30:00,42920099999,OZAR AIR FORCE STATION /NASHIK ARPT,20.119,73.914,23.0,,68.97
2023-04-10T17:00:00,42920099999,OZAR AIR FORCE STATION /NASHIK ARPT,20.119,73.914,23.0,,73.46
2023-04-11T02:00:00,42920099999,OZAR AIR FORCE STATION /NASHIK ARPT,20.119,73.914,21.0,,82.99
2023-04-11T02:30:00,42920099999,OZAR AIR FORCE STATION /NASHIK ARPT,20.119,73.914,25.0,,57.39
2023-04-11T03:00:00,42920099999,OZAR AIR FORCE STATION /NASHIK ARPT,20.119,73.914,27.0,,54.33
2023-04-11T03:30:00,42920099999,OZAR AIR FORCE STATION /NASHIK ARPT,20.119,73.914,29.0,,45.37
2023-04-11T04:00:00,42920099999,OZAR AIR FORCE STATION /NASHIK ARPT,20.119,73.914,29.0,,45.37
2023-04-11T04:30:00,42920099999,OZAR AIR FORCE STATION /NASHIK ARPT,20.119,73.914,32.0,,33.6
2023-04-11T05:00:00,42920099999,OZAR AIR FORCE STATION /NASHIK ARPT,20.119,73.914,33.0,,24.4
2023-04-11T05:30:00,42920099999,OZAR AIR FORCE STATION /NASHIK ARPT,20.119,73.914,34.0,,23.07
2023-04-11T06:00:00,42920099999,OZAR AIR FORCE STATION /NASHIK ARPT,20.119,73.914,35.0,,19.07
2023-04-11T06:30:00,42920099999,OZAR AIR FORCE STATION /NASHIK ARPT,20.119,73.914,35.0,,20.41
2023-04-11T07:00:00,42920099999,OZAR AIR FORCE STATION /NASHIK ARPT,20.119,73.914,36.0,,19.31
2023-04-11T08:00:00,42920099999,OZAR AIR FORCE STATION /NASHIK ARPT,20.119,73.914,36.0,,16.86
2023-04-11T08:30:00,42920099999,OZAR AIR FORCE STATION /NASHIK ARPT,20.119,73.914,36.0,,18.05
2023-04-11T09:30:00,42920099999,OZAR AIR FORCE STATION /NASHIK ARPT,20.119,73.914,36.0,,16.86
2023-04-11T10:00:00,42920099999,OZAR AIR FORCE STATION /NASHIK ARPT,20.119,73.914,35.0,,17.81
2023-04-11T10:30:00,42920099999,OZAR AIR FORCE STATION /NASHIK ARPT,20.119,73.914,35.0,,17.81
2023-04-11T11:00:00,42920099999,OZAR AIR FORCE STATION /NASHIK ARPT,20.119,73.914,35.0,,17.81
2023-04-11T14:00:00,42920099999,OZAR AIR FORCE STATION /NASHIK ARPT,20.119,73.914,24.0,,69.16
2023-04-13T05:30:00,42920099999,OZAR AIR FORCE STATION /NASHIK ARPT,20.119,73.914,34.0,,17.58
2023-04-13T06:00:00,42920099999,OZAR AIR FORCE STATION /NASHIK ARPT,20.119,73.914,36.0,,16.86
2023-04-13T06:30:00,42920099999,OZAR AIR FORCE STATION /NASHIK ARPT,20.119,73.914,37.0,,15.96
2023-04-13T07:00:00,42920099999,OZAR AIR FORCE STATION /NASHIK ARPT,20.119,73.914,37.0,,15.96
2023-04-13T07:30:00,42920099999,OZAR AIR FORCE STATION /NASHIK ARPT,20.119,73.914,37.0,,15.96
2023-04-13T08:00:00,42920099999,OZAR AIR FORCE STATION /NASHIK ARPT,20.119,73.914,37.0,,15.96
2023-04-13T08:30:00,42920099999,OZAR AIR FORCE STATION /NASHIK ARPT,20.119,73.914,37.0,,15.96
2023-04-13T09:00:00,42920099999,OZAR AIR FORCE STATION /NASHIK ARPT,20.119,73.914,36.0,,13.69
2023-04-13T09:30:00,42920099999,OZAR AIR FORCE STATION /NASHIK ARPT,20.119,73.914,37.0,,15.96
2023-04-13T10:00:00,42920099999,OZAR AIR FORCE STATION /NASHIK ARPT,20.119,73.914,37.0,,15.96
2023-04-13T10:30:00,42920099999,OZAR AIR FORCE STATION /NASHIK ARPT,20.119,73.914,36.0,,16.86
2023-04-13T11:00:00,42920099999,OZAR AIR FORCE STATION /NASHIK ARPT,20.119,73.914,36.0,,16.86
2023-04-13T11:30:00,42920099999,OZAR AIR FORCE STATION /NASHIK ARPT,20.119,73.914,35.0,,17.81
2023-04-13T12:00:00,42920099999,OZAR AIR FORCE STATION /NASHIK ARPT,20.119,73.914,35.0,,17.81
2023-04-13T12:30:00,42920099999,OZAR AIR FORCE STATION /NASHIK ARPT,20.119,73.914,34.0,,20.16
2023-04-13T13:00:00,42920099999,OZAR AIR FORCE STATION /NASHIK ARPT,20.119,73.914,33.0,,21.32
2023-04-13T13:30:00,42920099999,OZAR AIR FORCE STATION /NASHIK ARPT,20.119,73.914,32.0,,22.56
2023-04-13T14:00:00,42920099999,OZAR AIR FORCE STATION /NASHIK ARPT,20.119,73.914,31.0,,25.55
2023-04-13T14:30:00,42920099999,OZAR AIR FORCE STATION /NASHIK ARPT,20.119,73.914,30.0,,28.94
2023-04-14T02:00:00,42920099999,OZAR AIR FORCE STATION /NASHIK ARPT,20.119,73.914,25.0,,41.45
2023-04-14T02:30:00,42920099999,OZAR AIR FORCE STATION /NASHIK ARPT,20.119,73.914,27.0,,36.82
2023-04-14T03:30:00,42920099999,OZAR AIR FORCE STATION /NASHIK ARPT,20.119,73.914,31.0,,29.21
2023-04-14T04:00:00,42920099999,OZAR AIR FORCE STATION /NASHIK ARPT,20.119,73.914,31.0,,29.21
2023-04-14T04:30:00,42920099999,OZAR AIR FORCE STATION /NASHIK ARPT,20.119,73.914,33.0,,24.4
2023-04-14T05:00:00,42920099999,OZAR AIR FORCE STATION /NASHIK ARPT,20.119,73.914,34.0,,23.07
2023-04-14T05:30:00,42920099999,OZAR AIR FORCE STATION /NASHIK ARPT,20.119,73.914,34.0,,21.57
2023-04-14T06:00:00,42920099999,OZAR AIR FORCE STATION /NASHIK ARPT,20.119,73.914,35.0,,19.07
2023-04-14T06:30:00,42920099999,OZAR AIR FORCE STATION /NASHIK ARPT,20.119,73.914,37.0,,17.08
2023-04-14T07:00:00,42920099999,OZAR AIR FORCE STATION /NASHIK ARPT,20.119,73.914,37.0,,17.08
2023-04-14T07:30:00,42920099999,OZAR AIR FORCE STATION /NASHIK ARPT,20.119,73.914,38.0,,16.18
2023-04-14T08:30:00,42920099999,OZAR AIR FORCE STATION /NASHIK ARPT,20.119,73.914,37.0,,15.96
2023-04-14T09:30:00,42920099999,OZAR AIR FORCE STATION /NASHIK ARPT,20.119,73.914,37.0,,14.9
2023-04-14T10:00:00,42920099999,OZAR AIR FORCE STATION /NASHIK ARPT,20.119,73.914,36.0,,15.74
2023-04-14T10:30:00,42920099999,OZAR AIR FORCE STATION /NASHIK ARPT,20.119,73.914,37.0,,15.96
2023-04-14T11:00:00,42920099999,OZAR AIR FORCE STATION /NASHIK ARPT,20.119,73.914,36.0,,16.86
2023-04-14T11:30:00,42920099999,OZAR AIR FORCE STATION /NASHIK ARPT,20.119,73.914,35.0,,19.07
2023-04-14T12:00:00,42920099999,OZAR AIR FORCE STATION /NASHIK ARPT,20.119,73.914,34.0,,23.07
2023-04-14T12:30:00,42920099999,OZAR AIR FORCE STATION /NASHIK ARPT,20.119,73.914,33.0,,26.08
2023-04-14T13:00:00,42920099999,OZAR AIR FORCE STATION /NASHIK ARPT,20.119,73.914,32.0,,27.6
2023-04-14T13:30:00,42920099999,OZAR AIR FORCE STATION /NASHIK ARPT,20.119,73.914,30.0,,30.93
2023-04-14T14:00:00,42920099999,OZAR AIR FORCE STATION /NASHIK ARPT,20.119,73.914,30.0,,33.05
2023-04-14T15:00:00,42920099999,OZAR AIR FORCE STATION /NASHIK ARPT,20.119,73.914,26.0,,57.63
2023-04-14T16:00:00,42920099999,OZAR AIR FORCE STATION /NASHIK ARPT,20.119,73.914,25.0,,69.36
2023-04-14T16:30:00,42920099999,OZAR AIR FORCE STATION /NASHIK ARPT,20.119,73.914,24.0,,64.93
2023-04-15T08:00:00,42920099999,OZAR AIR FORCE STATION /NASHIK ARPT,20.119,73.914,35.0,,20.41
2023-04-15T08:30:00,42920099999,OZAR AIR FORCE STATION /NASHIK ARPT,20.119,73.914,35.0,,19.07
2023-04-15T09:00:00,42920099999,OZAR AIR FORCE STATION /NASHIK ARPT,20.119,73.914,36.0,,18.05
2023-04-15T09:30:00,42920099999,OZAR AIR FORCE STATION /NASHIK ARPT,20.119,73.914,34.0,,20.16
2023-04-15T10:00:00,42920099999,OZAR AIR FORCE STATION /NASHIK ARPT,20.119,73.914,35.0,,17.81
2023-04-15T10:30:00,42920099999,OZAR AIR FORCE STATION /NASHIK ARPT,20.119,73.914,34.0,,20.16
2023-04-15T11:00:00,42920099999,OZAR AIR FORCE STATION /NASHIK ARPT,20.119,73.914,32.0,,25.82
2023-04-15T11:30:00,42920099999,OZAR AIR FORCE STATION /NASHIK ARPT,20.119,73.914,25.0,,47.28
2023-04-15T12:00:00,42920099999,OZAR AIR FORCE STATION /NASHIK ARPT,20.119,73.914,23.0,,49.93
2023-04-15T13:00:00,42920099999,OZAR AIR FORCE STATION /NASHIK ARPT,20.119,73.914,23.0,,68.97
2023-04-15T13:30:00,42920099999,OZAR AIR FORCE STATION /NASHIK ARPT,20.119,73.914,22.0,,68.77
2023-04-15T14:00:00,42920099999,OZAR AIR FORCE STATION /NASHIK ARPT,20.119,73.914,22.0,,83.11
2023-04-15T16:00:00,42920099999,OZAR AIR FORCE STATION /NASHIK ARPT,20.119,73.914,21.0,,82.99
2023-04-15T17:00:00,42920099999,OZAR AIR FORCE STATION /NASHIK ARPT,20.119,73.914,20.0,,88.27
2023-04-16T02:00:00,42920099999,OZAR AIR FORCE STATION /NASHIK ARPT,20.119,73.914,20.0,,88.27
2023-04-16T02:30:00,42920099999,OZAR AIR FORCE STATION /NASHIK ARPT,20.119,73.914,22.0,,78.06
2023-04-16T03:00:00,42920099999,OZAR AIR FORCE STATION /NASHIK ARPT,20.119,73.914,24.0,,69.16
2023-04-16T04:00:00,42920099999,OZAR AIR FORCE STATION /NASHIK ARPT,20.119,73.914,28.0,,48.09
2023-04-16T04:30:00,42920099999,OZAR AIR FORCE STATION /NASHIK ARPT,20.119,73.914,30.0,,35.29
2023-04-16T05:30:00,42920099999,OZAR AIR FORCE STATION /NASHIK ARPT,20.119,73.914,32.0,,27.6
2023-04-16T06:00:00,42920099999,OZAR AIR FORCE STATION /NASHIK ARPT,20.119,73.914,34.0,,24.66
2023-04-16T07:00:00,42920099999,OZAR AIR FORCE STATION /NASHIK ARPT,20.119,73.914,35.0,,17.81
2023-04-16T07:30:00,42920099999,OZAR AIR FORCE STATION /NASHIK ARPT,20.119,73.914,35.0,,16.63
2023-04-16T08:00:00,42920099999,OZAR AIR FORCE STATION /NASHIK ARPT,20.119,73.914,36.0,,18.05
2023-04-16T10:00:00,42920099999,OZAR AIR FORCE STATION /NASHIK ARPT,20.119,73.914,37.0,,18.28
2023-04-16T10:30:00,42920099999,OZAR AIR FORCE STATION /NASHIK ARPT,20.119,73.914,37.0,,18.28
2023-04-16T11:00:00,42920099999,OZAR AIR FORCE STATION /NASHIK ARPT,20.119,73.914,35.0,,20.41
2023-04-16T11:30:00,42920099999,OZAR AIR FORCE STATION /NASHIK ARPT,20.119,73.914,30.0,,33.05
2023-04-16T12:00:00,42920099999,OZAR AIR FORCE STATION /NASHIK ARPT,20.119,73.914,30.0,,33.05
2023-04-16T12:30:00,42920099999,OZAR AIR FORCE STATION /NASHIK ARPT,20.119,73.914,31.0,,23.88
2023-04-16T13:00:00,42920099999,OZAR AIR FORCE STATION /NASHIK ARPT,20.119,73.914,31.0,,27.33
2023-04-16T14:00:00,42920099999,OZAR AIR FORCE STATION /NASHIK ARPT,20.119,73.914,29.0,,37.38
2023-04-16T14:30:00,42920099999,OZAR AIR FORCE STATION /NASHIK ARPT,20.119,73.914,30.0,,35.29
2023-04-16T15:00:00,42920099999,OZAR AIR FORCE STATION /NASHIK ARPT,20.119,73.914,27.0,,44.83
2023-04-16T15:30:00,42920099999,OZAR AIR FORCE STATION /NASHIK ARPT,20.119,73.914,26.0,,50.73
2023-04-16T16:00:00,42920099999,OZAR AIR FORCE STATION /NASHIK ARPT,20.119,73.914,27.0,,47.82
2023-04-16T16:30:00,42920099999,OZAR AIR FORCE STATION /NASHIK ARPT,20.119,73.914,24.0,,64.93
2023-04-16T17:00:00,42920099999,OZAR AIR FORCE STATION /NASHIK ARPT,20.119,73.914,23.0,,68.97
2023-04-17T02:00:00,42920099999,OZAR AIR FORCE STATION /NASHIK ARPT,20.119,73.914,22.0,,46.47
2023-04-17T02:30:00,42920099999,OZAR AIR FORCE STATION /NASHIK ARPT,20.119,73.914,25.0,,36.26
2023-04-17T03:30:00,42920099999,OZAR AIR FORCE STATION /NASHIK ARPT,20.119,73.914,29.0,,23.36
2023-04-17T04:00:00,42920099999,OZAR AIR FORCE STATION /NASHIK ARPT,20.119,73.914,31.0,,19.43
2023-04-17T04:30:00,42920099999,OZAR AIR FORCE STATION /NASHIK ARPT,20.119,73.914,33.0,,15.08
2023-04-17T05:00:00,42920099999,OZAR AIR FORCE STATION /NASHIK ARPT,20.119,73.914,34.0,,11.5
2023-04-17T05:30:00,42920099999,OZAR AIR FORCE STATION /NASHIK ARPT,20.119,73.914,35.0,,9.4
2023-04-17T06:00:00,42920099999,OZAR AIR FORCE STATION /NASHIK ARPT,20.119,73.914,35.0,,7.51
2023-04-17T06:30:00,42920099999,OZAR AIR FORCE STATION /NASHIK ARPT,20.119,73.914,34.0,,9.22
2023-04-17T07:00:00,42920099999,OZAR AIR FORCE STATION /NASHIK ARPT,20.119,73.914,36.0,,8.26
2023-04-17T07:30:00,42920099999,OZAR AIR FORCE STATION /NASHIK ARPT,20.119,73.914,36.0,,13.69
2023-04-17T08:00:00,42920099999,OZAR AIR FORCE STATION /NASHIK ARPT,20.119,73.914,38.0,,13.16
2023-04-17T08:30:00,42920099999,OZAR AIR FORCE STATION /NASHIK ARPT,20.119,73.914,37.0,,10.47
2023-04-17T09:30:00,42920099999,OZAR AIR FORCE STATION /NASHIK ARPT,20.119,73.914,37.0,,11.25
2023-04-17T10:00:00,42920099999,OZAR AIR FORCE STATION /NASHIK ARPT,20.119,73.914,36.0,,11.88
2023-04-17T13:30:00,42920099999,OZAR AIR FORCE STATION /NASHIK ARPT,20.119,73.914,31.0,,22.31
2023-04-17T14:00:00,42920099999,OZAR AIR FORCE STATION /NASHIK ARPT,20.119,73.914,32.0,,35.84
2023-04-17T16:30:00,42920099999,OZAR AIR FORCE STATION /NASHIK ARPT,20.119,73.914,27.0,,57.87
2023-04-17T17:00:00,42920099999,OZAR AIR FORCE STATION /NASHIK ARPT,20.119,73.914,27.0,,57.87
2023-04-18T05:30:00,42920099999,OZAR AIR FORCE STATION /NASHIK ARPT,20.119,73.914,35.0,,14.47
2023-04-18T06:00:00,42920099999,OZAR AIR FORCE STATION /NASHIK ARPT,20.119,73.914,35.0,,15.51
2023-04-18T06:30:00,42920099999,OZAR AIR FORCE STATION /NASHIK ARPT,20.119,73.914,36.0,,13.69
2023-04-18T07:00:00,42920099999,OZAR AIR FORCE STATION /NASHIK ARPT,20.119,73.914,37.0,,12.08
2023-04-18T08:00:00,42920099999,OZAR AIR FORCE STATION /NASHIK ARPT,20.119,73.914,37.0,,12.08
2023-04-18T09:00:00,42920099999,OZAR AIR FORCE STATION /NASHIK ARPT,20.119,73.914,37.0,,12.08
2023-04-18T09:30:00,42920099999,OZAR AIR FORCE STATION /NASHIK ARPT,20.119,73.914,37.0,,12.08
2023-04-18T10:00:00,42920099999,OZAR AIR FORCE STATION /NASHIK ARPT,20.119,73.914,38.0,,11.44
2023-04-18T10:30:00,42920099999,OZAR AIR FORCE STATION /NASHIK ARPT,20.119,73.914,37.0,,12.08
2023-04-18T11:00:00,42920099999,OZAR AIR FORCE STATION /NASHIK ARPT,20.119,73.914,37.0,,12.08
2023-04-18T11:30:00,42920099999,OZAR AIR FORCE STATION /NASHIK ARPT,20.119,73.914,38.0,,11.44
2023-04-18T12:30:00,42920099999,OZAR AIR FORCE STATION /NASHIK ARPT,20.119,73.914,36.0,,13.69
2023-04-18T13:00:00,42920099999,OZAR AIR FORCE STATION /NASHIK ARPT,20.119,73.914,35.0,,21.82
2023-04-18T13:30:00,42920099999,OZAR AIR FORCE STATION /NASHIK ARPT,20.119,73.914,33.0,,18.59
2023-04-18T14:30:00,42920099999,OZAR AIR FORCE STATION /NASHIK ARPT,20.119,73.914,30.0,,30.93
2023-04-18T15:00:00,42920099999,OZAR AIR FORCE STATION /NASHIK ARPT,20.119,73.914,30.0,,28.94
2023-04-18T15:30:00,42920099999,OZAR AIR FORCE STATION /NASHIK ARPT,20.119,73.914,29.0,,30.66
2023-04-18T16:00:00,42920099999,OZAR AIR FORCE STATION /NASHIK ARPT,20.119,73.914,29.0,,30.66
2023-04-18T16:30:00,42920099999,OZAR AIR FORCE STATION /NASHIK ARPT,20.119,73.914,29.0,,30.66
2023-04-18T17:00:00,42920099999,OZAR AIR FORCE STATION /NASHIK ARPT,20.119,73.914,28.0,,30.38
2023-04-19T02:00:00,42920099999,OZAR AIR FORCE STATION /NASHIK ARPT,20.119,73.914,23.0,,53.32
2023-04-19T02:30:00,42920099999,OZAR AIR FORCE STATION /NASHIK ARPT,20.119,73.914,26.0,,39.06
2023-04-19T03:30:00,42920099999,OZAR AIR FORCE STATION /NASHIK ARPT,20.119,73.914,30.0,,28.94
2023-04-19T04:00:00,42920099999,OZAR AIR FORCE STATION /NASHIK ARPT,20.119,73.914,33.0,,18.59
2023-04-19T04:30:00,42920099999,OZAR AIR FORCE STATION /NASHIK ARPT,20.119,73.914,34.0,,17.58
2023-04-19T05:00:00,42920099999,OZAR AIR FORCE STATION /NASHIK ARPT,20.119,73.914,35.0,,14.47
2023-04-19T05:30:00,42920099999,OZAR AIR FORCE STATION /NASHIK ARPT,20.119,73.914,35.0,,15.51
2023-04-19T06:00:00,42920099999,OZAR AIR FORCE STATION /NASHIK ARPT,20.119,73.914,35.0,,15.51
2023-04-19T06:30:00,42920099999,OZAR AIR FORCE STATION /NASHIK ARPT,20.119,73.914,36.0,,15.74
2023-04-19T07:00:00,42920099999,OZAR AIR FORCE STATION /NASHIK ARPT,20.119,73.914,37.0,,15.96
2023-04-19T07:30:00,42920099999,OZAR AIR FORCE STATION /NASHIK ARPT,20.119,73.914,36.0,,13.69
2023-04-19T08:00:00,42920099999,OZAR AIR FORCE STATION /NASHIK ARPT,20.119,73.914,36.0,,13.69
2023-04-19T08:30:00,42920099999,OZAR AIR FORCE STATION /NASHIK ARPT,20.119,73.914,37.0,,12.96
2023-04-19T09:00:00,42920099999,OZAR AIR FORCE STATION /NASHIK ARPT,20.119,73.914,38.0,,12.27
2023-04-19T09:30:00,42920099999,OZAR AIR FORCE STATION /NASHIK ARPT,20.119,73.914,37.0,,12.96
2023-04-19T10:00:00,42920099999,OZAR AIR FORCE STATION /NASHIK ARPT,20.119,73.914,36.0,,13.69
2023-04-19T11:00:00,42920099999,OZAR AIR FORCE STATION /NASHIK ARPT,20.119,73.914,38.0,,17.31
2023-04-19T11:30:00,42920099999,OZAR AIR FORCE STATION /NASHIK ARPT,20.119,73.914,37.0,,19.55
2023-04-19T12:30:00,42920099999,OZAR AIR FORCE STATION /NASHIK ARPT,20.119,73.914,35.0,,23.33
2023-04-19T13:00:00,42920099999,OZAR AIR FORCE STATION /NASHIK ARPT,20.119,73.914,34.0,,23.07
2023-04-19T13:30:00,42920099999,OZAR AIR FORCE STATION /NASHIK ARPT,20.119,73.914,32.0,,25.82
2023-04-19T14:00:00,42920099999,OZAR AIR FORCE STATION /NASHIK ARPT,20.119,73.914,31.0,,27.33
2023-04-19T15:00:00,42920099999,OZAR AIR FORCE STATION /NASHIK ARPT,20.119,73.914,29.0,,30.66
2023-04-19T15:30:00,42920099999,OZAR AIR FORCE STATION /NASHIK ARPT,20.119,73.914,29.0,,32.77
2023-04-19T16:30:00,42920099999,OZAR AIR FORCE STATION /NASHIK ARPT,20.119,73.914,27.0,,39.34
2023-04-19T17:00:00,42920099999,OZAR AIR FORCE STATION /NASHIK ARPT,20.119,73.914,26.0,,41.73
2023-04-20T02:00:00,42920099999,OZAR AIR FORCE STATION /NASHIK ARPT,20.119,73.914,25.0,,53.83
2023-04-20T02:30:00,42920099999,OZAR AIR FORCE STATION /NASHIK ARPT,20.119,73.914,27.0,,44.83
2023-04-20T03:00:00,42920099999,OZAR AIR FORCE STATION /NASHIK ARPT,20.119,73.914,29.0,,39.9
2023-04-20T03:30:00,42920099999,OZAR AIR FORCE STATION /NASHIK ARPT,20.119,73.914,30.0,,37.66
2023-04-20T04:00:00,42920099999,OZAR AIR FORCE STATION /NASHIK ARPT,20.119,73.914,31.0,,31.21
2023-04-20T04:30:00,42920099999,OZAR AIR FORCE STATION /NASHIK ARPT,20.119,73.914,33.0,,26.08
2023-04-20T05:00:00,42920099999,OZAR AIR FORCE STATION /NASHIK ARPT,20.119,73.914,34.0,,23.07
2023-04-20T06:00:00,42920099999,OZAR AIR FORCE STATION /NASHIK ARPT,20.119,73.914,35.0,,21.82
2023-04-20T06:30:00,42920099999,OZAR AIR FORCE STATION /NASHIK ARPT,20.119,73.914,35.0,,20.41
2023-04-20T07:00:00,42920099999,OZAR AIR FORCE STATION /NASHIK ARPT,20.119,73.914,35.0,,21.82
2023-04-20T07:30:00,42920099999,OZAR AIR FORCE STATION /NASHIK ARPT,20.119,73.914,36.0,,19.31
2023-04-20T08:00:00,42920099999,OZAR AIR FORCE STATION /NASHIK ARPT,20.119,73.914,35.0,,21.82
2023-04-20T08:30:00,42920099999,OZAR AIR FORCE STATION /NASHIK ARPT,20.119,73.914,35.0,,20.41
2023-04-20T09:00:00,42920099999,OZAR AIR FORCE STATION /NASHIK ARPT,20.119,73.914,36.0,,18.05
2023-04-20T09:30:00,42920099999,OZAR AIR FORCE STATION /NASHIK ARPT,20.119,73.914,36.0,,18.05
2023-04-20T10:00:00,42920099999,OZAR AIR FORCE STATION /NASHIK ARPT,20.119,73.914,36.0,,18.05
2023-04-20T10:30:00,42920099999,OZAR AIR FORCE STATION /NASHIK ARPT,20.119,73.914,36.0,,18.05
2023-04-20T11:00:00,42920099999,OZAR AIR FORCE STATION /NASHIK ARPT,20.119,73.914,36.0,,18.05
2023-04-20T11:30:00,42920099999,OZAR AIR FORCE STATION /NASHIK ARPT,20.119,73.914,35.0,,20.41
2023-04-20T12:00:00,42920099999,OZAR AIR FORCE STATION /NASHIK ARPT,20.119,73.914,35.0,,19.07
2023-04-20T13:00:00,42920099999,OZAR AIR FORCE STATION /NASHIK ARPT,20.119,73.914,33.0,,22.82
2023-04-20T13:30:00,42920099999,OZAR AIR FORCE STATION /NASHIK ARPT,20.119,73.914,31.0,,31.21
2023-04-20T14:00:00,42920099999,OZAR AIR FORCE STATION /NASHIK ARPT,20.119,73.914,30.0,,28.94
2023-04-20T14:30:00,42920099999,OZAR AIR FORCE STATION /NASHIK ARPT,20.119,73.914,29.0,,28.66
2023-04-20T15:00:00,42920099999,OZAR AIR FORCE STATION /NASHIK ARPT,20.119,73.914,28.0,,30.38
2023-04-20T15:30:00,42920099999,OZAR AIR FORCE STATION /NASHIK ARPT,20.119,73.914,28.0,,28.39
2023-04-20T16:00:00,42920099999,OZAR AIR FORCE STATION /NASHIK ARPT,20.119,73.914,27.0,,28.12
2023-04-20T16:30:00,42920099999,OZAR AIR FORCE STATION /NASHIK ARPT,20.119,73.914,27.0,,28.12
2023-04-20T17:00:00,42920099999,OZAR AIR FORCE STATION /NASHIK ARPT,20.119,73.914,25.0,,29.55
2023-04-21T02:00:00,42920099999,OZAR AIR FORCE STATION /NASHIK ARPT,20.119,73.914,22.0,,56.66
2023-04-21T02:30:00,42920099999,OZAR AIR FORCE STATION /NASHIK ARPT,20.119,73.914,24.0,,47.01
2023-04-21T03:30:00,42920099999,OZAR AIR FORCE STATION /NASHIK ARPT,20.119,73.914,28.0,,32.49
2023-04-21T04:00:00,42920099999,OZAR AIR FORCE STATION /NASHIK ARPT,20.119,73.914,29.0,,35.01
2023-04-21T04:30:00,42920099999,OZAR AIR FORCE STATION /NASHIK ARPT,20.119,73.914,30.0,,30.93
2023-04-21T05:00:00,42920099999,OZAR AIR FORCE STATION /NASHIK ARPT,20.119,73.914,31.0,,31.21
2023-04-21T06:30:00,42920099999,OZAR AIR FORCE STATION /NASHIK ARPT,20.119,73.914,34.0,,20.16
2023-04-21T07:00:00,42920099999,OZAR AIR FORCE STATION /NASHIK ARPT,20.119,73.914,35.0,,15.51
2023-04-21T07:30:00,42920099999,OZAR AIR FORCE STATION /NASHIK ARPT,20.119,73.914,35.0,,11.69
2023-04-21T08:00:00,42920099999,OZAR AIR FORCE STATION /NASHIK ARPT,20.119,73.914,36.0,,12.76
2023-04-21T08:30:00,42920099999,OZAR AIR FORCE STATION /NASHIK ARPT,20.119,73.914,35.0,,13.48
2023-04-21T09:00:00,42920099999,OZAR AIR FORCE STATION /NASHIK ARPT,20.119,73.914,36.0,,12.76
2023-04-21T09:30:00,42920099999,OZAR AIR FORCE STATION /NASHIK ARPT,20.119,73.914,36.0,,11.88
2023-04-21T10:00:00,42920099999,OZAR AIR FORCE STATION /NASHIK ARPT,20.119,73.914,36.0,,12.76
2023-04-21T11:00:00,42920099999,OZAR AIR FORCE STATION /NASHIK ARPT,20.119,73.914,35.0,,16.63
2023-04-21T11:30:00,42920099999,OZAR AIR FORCE STATION /NASHIK ARPT,20.119,73.914,35.0,,17.81
2023-04-21T12:30:00,42920099999,OZAR AIR FORCE STATION /NASHIK ARPT,20.119,73.914,33.0,,21.32
2023-04-21T13:30:00,42920099999,OZAR AIR FORCE STATION /NASHIK ARPT,20.119,73.914,30.0,,28.94
2023-04-21T14:00:00,42920099999,OZAR AIR FORCE STATION /NASHIK ARPT,20.119,73.914,29.0,,30.66
2023-04-21T14:30:00,42920099999,OZAR AIR FORCE STATION /NASHIK ARPT,20.119,73.914,28.0,,32.49
2023-04-21T15:00:00,42920099999,OZAR AIR FORCE STATION /NASHIK ARPT,20.119,73.914,27.0,,34.45
2023-04-21T15:30:00,42920099999,OZAR AIR FORCE STATION /NASHIK ARPT,20.119,73.914,26.0,,36.54
2023-04-21T16:00:00,42920099999,OZAR AIR FORCE STATION /NASHIK ARPT,20.119,73.914,24.0,,41.17
2023-04-21T16:30:00,42920099999,OZAR AIR FORCE STATION /NASHIK ARPT,20.119,73.914,24.0,,41.17
2023-04-22T02:00:00,42920099999,OZAR AIR FORCE STATION /NASHIK ARPT,20.119,73.914,23.0,,60.7
2023-04-22T02:30:00,42920099999,OZAR AIR FORCE STATION /NASHIK ARPT,20.119,73.914,25.0,,53.83
2023-04-22T03:30:00,42920099999,OZAR AIR FORCE STATION /NASHIK ARPT,20.119,73.914,27.0,,47.82
2023-04-22T04:00:00,42920099999,OZAR AIR FORCE STATION /NASHIK ARPT,20.119,73.914,29.0,,42.56
2023-04-22T05:00:00,42920099999,OZAR AIR FORCE STATION /NASHIK ARPT,20.119,73.914,31.0,,27.33
2023-04-22T05:30:00,42920099999,OZAR AIR FORCE STATION /NASHIK ARPT,20.119,73.914,33.0,,26.08
2023-04-22T06:00:00,42920099999,OZAR AIR FORCE STATION /NASHIK ARPT,20.119,73.914,32.0,,25.82
2023-04-22T07:00:00,42920099999,OZAR AIR FORCE STATION /NASHIK ARPT,20.119,73.914,34.0,,20.16
2023-04-22T07:30:00,42920099999,OZAR AIR FORCE STATION /NASHIK ARPT,20.119,73.914,34.0,,18.83
2023-04-22T08:00:00,42920099999,OZAR AIR FORCE STATION /NASHIK ARPT,20.119,73.914,34.0,,20.16
2023-04-22T08:30:00,42920099999,OZAR AIR FORCE STATION /NASHIK ARPT,20.119,73.914,34.0,,18.83
2023-04-22T09:00:00,42920099999,OZAR AIR FORCE STATION /NASHIK ARPT,20.119,73.914,34.0,,17.58
2023-04-22T09:30:00,42920099999,OZAR AIR FORCE STATION /NASHIK ARPT,20.119,73.914,34.0,,18.83
2023-04-22T10:00:00,42920099999,OZAR AIR FORCE STATION /NASHIK ARPT,20.119,73.914,34.0,,20.16
2023-04-22T10:30:00,42920099999,OZAR AIR FORCE STATION /NASHIK ARPT,20.119,73.914,34.0,,21.57
2023-04-22T11:00:00,42920099999,OZAR AIR FORCE STATION /NASHIK ARPT,20.119,73.914,34.0,,20.16
2023-04-22T11:30:00,42920099999,OZAR AIR FORCE STATION /NASHIK ARPT,20.119,73.914,33.0,,22.82
2023-04-22T12:00:00,42920099999,OZAR AIR FORCE STATION /NASHIK ARPT,20.119,73.914,32.0,,27.6
2023-04-22T13:30:00,42920099999,OZAR AIR FORCE STATION /NASHIK ARPT,20.119,73.914,29.0,,39.9
2023-04-22T14:30:00,42920099999,OZAR AIR FORCE STATION /NASHIK ARPT,20.119,73.914,27.0,,39.34
2023-04-22T15:00:00,42920099999,OZAR AIR FORCE STATION /NASHIK ARPT,20.119,73.914,26.0,,44.56
2023-04-22T16:30:00,42920099999,OZAR AIR FORCE STATION /NASHIK ARPT,20.119,73.914,24.0,,57.15
2023-04-23T02:00:00,42920099999,OZAR AIR FORCE STATION /NASHIK ARPT,20.119,73.914,21.0,,73.11
2023-04-23T02:30:00,42920099999,OZAR AIR FORCE STATION /NASHIK ARPT,20.119,73.914,24.0,,64.93
2023-04-23T03:00:00,42920099999,OZAR AIR FORCE STATION /NASHIK ARPT,20.119,73.914,26.0,,54.08
2023-04-23T03:30:00,42920099999,OZAR AIR FORCE STATION /NASHIK ARPT,20.119,73.914,27.0,,50.99
2023-04-23T07:30:00,42920099999,OZAR AIR FORCE STATION /NASHIK ARPT,20.119,73.914,34.0,,21.57
2023-04-23T08:00:00,42920099999,OZAR AIR FORCE STATION /NASHIK ARPT,20.119,73.914,34.0,,18.83
2023-04-23T08:30:00,42920099999,OZAR AIR FORCE STATION /NASHIK ARPT,20.119,73.914,34.0,,20.16
2023-04-23T09:00:00,42920099999,OZAR AIR FORCE STATION /NASHIK ARPT,20.119,73.914,34.0,,18.83
2023-04-23T10:00:00,42920099999,OZAR AIR FORCE STATION /NASHIK ARPT,20.119,73.914,34.0,,17.58
2023-04-23T10:30:00,42920099999,OZAR AIR FORCE STATION /NASHIK ARPT,20.119,73.914,33.0,,17.35
2023-04-23T11:30:00,42920099999,OZAR AIR FORCE STATION /NASHIK ARPT,20.119,73.914,33.0,,18.59
2023-04-23T12:30:00,42920099999,OZAR AIR FORCE STATION /NASHIK ARPT,20.119,73.914,32.0,,22.56
2023-04-23T13:00:00,42920099999,OZAR AIR FORCE STATION /NASHIK ARPT,20.119,73.914,31.0,,22.31
2023-04-23T13:30:00,42920099999,OZAR AIR FORCE STATION /NASHIK ARPT,20.119,73.914,30.0,,25.29
2023-04-23T14:00:00,42920099999,OZAR AIR FORCE STATION /NASHIK ARPT,20.119,73.914,29.0,,26.79
2023-04-23T14:30:00,42920099999,OZAR AIR FORCE STATION /NASHIK ARPT,20.119,73.914,28.0,,28.39
2023-04-23T15:00:00,42920099999,OZAR AIR FORCE STATION /NASHIK ARPT,20.119,73.914,27.0,,32.21
2023-04-23T15:30:00,42920099999,OZAR AIR FORCE STATION /NASHIK ARPT,20.119,73.914,25.0,,36.26
2023-04-23T16:00:00,42920099999,OZAR AIR FORCE STATION /NASHIK ARPT,20.119,73.914,24.0,,41.17
2023-04-23T16:30:00,42920099999,OZAR AIR FORCE STATION /NASHIK ARPT,20.119,73.914,24.0,,38.49
2023-04-23T17:00:00,42920099999,OZAR AIR FORCE STATION /NASHIK ARPT,20.119,73.914,23.0,,35.69
2023-04-24T02:00:00,42920099999,OZAR AIR FORCE STATION /NASHIK ARPT,20.119,73.914,21.0,,49.4
2023-04-24T02:30:00,42920099999,OZAR AIR FORCE STATION /NASHIK ARPT,20.119,73.914,26.0,,34.17
2023-04-24T03:00:00,42920099999,OZAR AIR FORCE STATION /NASHIK ARPT,20.119,73.914,28.0,,34.73
2023-04-24T03:30:00,42920099999,OZAR AIR FORCE STATION /NASHIK ARPT,20.119,73.914,30.0,,30.93
2023-04-24T04:00:00,42920099999,OZAR AIR FORCE STATION /NASHIK ARPT,20.119,73.914,31.0,,25.55
2023-04-24T04:30:00,42920099999,OZAR AIR FORCE STATION /NASHIK ARPT,20.119,73.914,33.0,,19.92
2023-04-24T05:00:00,42920099999,OZAR AIR FORCE STATION /NASHIK ARPT,20.119,73.914,33.0,,11.31
2023-04-24T05:30:00,42920099999,OZAR AIR FORCE STATION /NASHIK ARPT,20.119,73.914,34.0,,13.28
2023-04-24T06:00:00,42920099999,OZAR AIR FORCE STATION /NASHIK ARPT,20.119,73.914,35.0,,13.48
2023-04-24T06:30:00,42920099999,OZAR AIR FORCE STATION /NASHIK ARPT,20.119,73.914,35.0,,12.56
2023-04-24T07:00:00,42920099999,OZAR AIR FORCE STATION /NASHIK ARPT,20.119,73.914,35.0,,12.56
2023-04-24T07:30:00,42920099999,OZAR AIR FORCE STATION /NASHIK ARPT,20.119,73.914,35.0,,13.48
2023-04-24T08:00:00,42920099999,OZAR AIR FORCE STATION /NASHIK ARPT,20.119,73.914,36.0,,12.76
2023-04-24T08:30:00,42920099999,OZAR AIR FORCE STATION /NASHIK ARPT,20.119,73.914,36.0,,11.88
2023-04-24T09:00:00,42920099999,OZAR AIR FORCE STATION /NASHIK ARPT,20.119,73.914,35.0,,12.56
2023-04-24T09:30:00,42920099999,OZAR AIR FORCE STATION /NASHIK ARPT,20.119,73.914,36.0,,12.76
2023-04-24T10:30:00,42920099999,OZAR AIR FORCE STATION /NASHIK ARPT,20.119,73.914,35.0,,13.48
2023-04-24T11:00:00,42920099999,OZAR AIR FORCE STATION /NASHIK ARPT,20.119,73.914,35.0,,13.48
2023-04-24T11:30:00,42920099999,OZAR AIR FORCE STATION /NASHIK ARPT,20.119,73.914,35.0,,14.47
2023-04-24T12:30:00,42920099999,OZAR AIR FORCE STATION /NASHIK ARPT,20.119,73.914,34.0,,15.29
2023-04-24T13:00:00,42920099999,OZAR AIR FORCE STATION /NASHIK ARPT,20.119,73.914,33.0,,17.35
2023-04-24T13:30:00,42920099999,OZAR AIR FORCE STATION /NASHIK ARPT,20.119,73.914,31.0,,18.12
2023-04-24T14:00:00,42920099999,OZAR AIR FORCE STATION /NASHIK ARPT,20.119,73.914,30.0,,17.88
2023-04-24T14:30:00,42920099999,OZAR AIR FORCE STATION /NASHIK ARPT,20.119,73.914,29.0,,20.32
2023-04-24T15:00:00,42920099999,OZAR AIR FORCE STATION /NASHIK ARPT,20.119,73.914,28.0,,21.54
2023-04-24T15:30:00,42920099999,OZAR AIR FORCE STATION /NASHIK ARPT,20.119,73.914,27.0,,26.25
2023-04-24T16:00:00,42920099999,OZAR AIR FORCE STATION /NASHIK ARPT,20.119,73.914,26.0,,34.17
2023-04-24T16:30:00,42920099999,OZAR AIR FORCE STATION /NASHIK ARPT,20.119,73.914,26.0,,39.06
2023-04-24T17:00:00,42920099999,OZAR AIR FORCE STATION /NASHIK ARPT,20.119,73.914,24.0,,47.01
2023-04-25T02:00:00,42920099999,OZAR AIR FORCE STATION /NASHIK ARPT,20.119,73.914,22.0,,43.45
2023-04-25T02:30:00,42920099999,OZAR AIR FORCE STATION /NASHIK ARPT,20.119,73.914,26.0,,29.82
2023-04-25T03:00:00,42920099999,OZAR AIR FORCE STATION /NASHIK ARPT,20.119,73.914,29.0,,26.79
2023-04-25T04:00:00,42920099999,OZAR AIR FORCE STATION /NASHIK ARPT,20.119,73.914,31.0,,13.62
2023-04-25T04:30:00,42920099999,OZAR AIR FORCE STATION /NASHIK ARPT,20.119,73.914,33.0,,11.31
2023-04-25T05:00:00,42920099999,OZAR AIR FORCE STATION /NASHIK ARPT,20.119,73.914,33.0,,9.76
2023-04-25T05:30:00,42920099999,OZAR AIR FORCE STATION /NASHIK ARPT,20.119,73.914,34.0,,9.22
2023-04-25T06:00:00,42920099999,OZAR AIR FORCE STATION /NASHIK ARPT,20.119,73.914,35.0,,8.1
2023-04-25T07:30:00,42920099999,OZAR AIR FORCE STATION /NASHIK ARPT,20.119,73.914,36.0,,7.66
2023-04-25T08:00:00,42920099999,OZAR AIR FORCE STATION /NASHIK ARPT,20.119,73.914,36.0,,8.26
2023-04-25T09:30:00,42920099999,OZAR AIR FORCE STATION /NASHIK ARPT,20.119,73.914,36.0,,8.89
2023-04-25T10:30:00,42920099999,OZAR AIR FORCE STATION /NASHIK ARPT,20.119,73.914,36.0,,8.26
2023-04-25T11:30:00,42920099999,OZAR AIR FORCE STATION /NASHIK ARPT,20.119,73.914,36.0,,10.29
2023-04-25T12:00:00,42920099999,OZAR AIR FORCE STATION /NASHIK ARPT,20.119,73.914,36.0,,10.29
2023-04-25T12:30:00,42920099999,OZAR AIR FORCE STATION /NASHIK ARPT,20.119,73.914,36.0,,11.06
2023-04-25T13:00:00,42920099999,OZAR AIR FORCE STATION /NASHIK ARPT,20.119,73.914,34.0,,13.28
2023-04-25T13:30:00,42920099999,OZAR AIR FORCE STATION /NASHIK ARPT,20.119,73.914,32.0,,29.48
2023-04-25T14:00:00,42920099999,OZAR AIR FORCE STATION /NASHIK ARPT,20.119,73.914,31.0,,35.56
2023-04-25T16:00:00,42920099999,OZAR AIR FORCE STATION /NASHIK ARPT,20.119,73.914,28.0,,42.28
2023-04-25T17:00:00,42920099999,OZAR AIR FORCE STATION /NASHIK ARPT,20.119,73.914,28.0,,45.1
2023-04-26T02:00:00,42920099999,OZAR AIR FORCE STATION /NASHIK ARPT,20.119,73.914,23.0,,78.21
2023-04-26T02:30:00,42920099999,OZAR AIR FORCE STATION /NASHIK ARPT,20.119,73.914,24.0,,83.34
2023-04-26T03:30:00,42920099999,OZAR AIR FORCE STATION /NASHIK ARPT,20.119,73.914,28.0,,58.11
2023-04-26T04:00:00,42920099999,OZAR AIR FORCE STATION /NASHIK ARPT,20.119,73.914,29.0,,48.35
2023-04-26T04:30:00,42920099999,OZAR AIR FORCE STATION /NASHIK ARPT,20.119,73.914,31.0,,33.32
2023-04-26T05:00:00,42920099999,OZAR AIR FORCE STATION /NASHIK ARPT,20.119,73.914,32.0,,33.6
2023-04-26T05:30:00,42920099999,OZAR AIR FORCE STATION /NASHIK ARPT,20.119,73.914,32.0,,31.48
2023-04-26T06:00:00,42920099999,OZAR AIR FORCE STATION /NASHIK ARPT,20.119,73.914,33.0,,27.87
2023-04-26T06:30:00,42920099999,OZAR AIR FORCE STATION /NASHIK ARPT,20.119,73.914,34.0,,26.35
2023-04-26T07:00:00,42920099999,OZAR AIR FORCE STATION /NASHIK ARPT,20.119,73.914,35.0,,20.41
2023-04-26T07:30:00,42920099999,OZAR AIR FORCE STATION /NASHIK ARPT,20.119,73.914,34.0,,20.16
2023-04-26T08:00:00,42920099999,OZAR AIR FORCE STATION /NASHIK ARPT,20.119,73.914,35.0,,17.81
2023-04-26T08:30:00,42920099999,OZAR AIR FORCE STATION /NASHIK ARPT,20.119,73.914,34.0,,20.16
2023-04-26T09:00:00,42920099999,OZAR AIR FORCE STATION /NASHIK ARPT,20.119,73.914,35.0,,19.07
2023-04-26T09:30:00,42920099999,OZAR AIR FORCE STATION /NASHIK ARPT,20.119,73.914,34.0,,21.57
2023-04-26T10:00:00,42920099999,OZAR AIR FORCE STATION /NASHIK ARPT,20.119,73.914,35.0,,23.33
2023-04-26T10:30:00,42920099999,OZAR AIR FORCE STATION /NASHIK ARPT,20.119,73.914,35.0,,24.92
2023-04-26T11:00:00,42920099999,OZAR AIR FORCE STATION /NASHIK ARPT,20.119,73.914,35.0,,24.92
2023-04-26T11:30:00,42920099999,OZAR AIR FORCE STATION /NASHIK ARPT,20.119,73.914,34.0,,26.35
2023-04-26T13:00:00,42920099999,OZAR AIR FORCE STATION /NASHIK ARPT,20.119,73.914,29.0,,51.5
2023-04-26T13:30:00,42920099999,OZAR AIR FORCE STATION /NASHIK ARPT,20.119,73.914,28.0,,58.11
2023-04-26T14:00:00,42920099999,OZAR AIR FORCE STATION /NASHIK ARPT,20.119,73.914,27.0,,61.61
2023-04-26T15:00:00,42920099999,OZAR AIR FORCE STATION /NASHIK ARPT,20.119,73.914,26.0,,69.55
2023-04-26T15:30:00,42920099999,OZAR AIR FORCE STATION /NASHIK ARPT,20.119,73.914,26.0,,65.36
2023-04-26T16:00:00,42920099999,OZAR AIR FORCE STATION /NASHIK ARPT,20.119,73.914,25.0,,69.36
2023-04-26T16:30:00,42920099999,OZAR AIR FORCE STATION /NASHIK ARPT,20.119,73.914,25.0,,69.36
2023-04-26T17:00:00,42920099999,OZAR AIR FORCE STATION /NASHIK ARPT,20.119,73.914,24.0,,73.63
2023-04-27T02:30:00,42920099999,OZAR AIR FORCE STATION /NASHIK ARPT,20.119,73.914,22.0,,83.11
2023-04-27T03:00:00,42920099999,OZAR AIR FORCE STATION /NASHIK ARPT,20.119,73.914,24.0,,64.93
2023-04-27T03:30:00,42920099999,OZAR AIR FORCE STATION /NASHIK ARPT,20.119,73.914,26.0,,54.08
2023-04-27T04:00:00,42920099999,OZAR AIR FORCE STATION /NASHIK ARPT,20.119,73.914,28.0,,37.1
2023-04-27T04:30:00,42920099999,OZAR AIR FORCE STATION /NASHIK ARPT,20.119,73.914,29.0,,28.66
2023-04-27T05:30:00,42920099999,OZAR AIR FORCE STATION /NASHIK ARPT,20.119,73.914,31.0,,33.32
2023-04-27T06:00:00,42920099999,OZAR AIR FORCE STATION /NASHIK ARPT,20.119,73.914,31.0,,31.21
2023-04-27T07:00:00,42920099999,OZAR AIR FORCE STATION /NASHIK ARPT,20.119,73.914,32.0,,19.67
2023-04-27T07:30:00,42920099999,OZAR AIR FORCE STATION /NASHIK ARPT,20.119,73.914,34.0,,20.16
2023-04-27T08:00:00,42920099999,OZAR AIR FORCE STATION /NASHIK ARPT,20.119,73.914,33.0,,21.32
2023-04-27T08:30:00,42920099999,OZAR AIR FORCE STATION /NASHIK ARPT,20.119,73.914,33.0,,21.32
2023-04-27T09:00:00,42920099999,OZAR AIR FORCE STATION /NASHIK ARPT,20.119,73.914,33.0,,22.82
2023-04-27T09:30:00,42920099999,OZAR AIR FORCE STATION /NASHIK ARPT,20.119,73.914,32.0,,22.56
2023-04-27T10:00:00,42920099999,OZAR AIR FORCE STATION /NASHIK ARPT,20.119,73.914,33.0,,21.32
2023-04-27T10:30:00,42920099999,OZAR AIR FORCE STATION /NASHIK ARPT,20.119,73.914,33.0,,24.4
2023-04-27T11:00:00,42920099999,OZAR AIR FORCE STATION /NASHIK ARPT,20.119,73.914,33.0,,22.82
2023-04-27T12:00:00,42920099999,OZAR AIR FORCE STATION /NASHIK ARPT,20.119,73.914,33.0,,26.08
2023-04-27T12:30:00,42920099999,OZAR AIR FORCE STATION /NASHIK ARPT,20.119,73.914,33.0,,22.82
2023-04-27T13:00:00,42920099999,OZAR AIR FORCE STATION /NASHIK ARPT,20.119,73.914,32.0,,24.14
2023-04-27T13:30:00,42920099999,OZAR AIR FORCE STATION /NASHIK ARPT,20.119,73.914,31.0,,25.55
2023-04-27T14:30:00,42920099999,OZAR AIR FORCE STATION /NASHIK ARPT,20.119,73.914,28.0,,54.58
2023-04-27T15:00:00,42920099999,OZAR AIR FORCE STATION /NASHIK ARPT,20.119,73.914,28.0,,58.11
2023-04-27T15:30:00,42920099999,OZAR AIR FORCE STATION /NASHIK ARPT,20.119,73.914,27.0,,65.56
2023-04-27T16:00:00,42920099999,OZAR AIR FORCE STATION /NASHIK ARPT,20.119,73.914,26.0,,69.55
2023-04-27T16:30:00,42920099999,OZAR AIR FORCE STATION /NASHIK ARPT,20.119,73.914,26.0,,73.97
2023-04-27T17:00:00,42920099999,OZAR AIR FORCE STATION /NASHIK ARPT,20.119,73.914,25.0,,78.5
2023-04-28T02:00:00,42920099999,OZAR AIR FORCE STATION /NASHIK ARPT,20.119,73.914,24.0,,100.0
2023-04-28T02:30:00,42920099999,OZAR AIR FORCE STATION /NASHIK ARPT,20.119,73.914,25.0,,73.8
2023-04-28T03:00:00,42920099999,OZAR AIR FORCE STATION /NASHIK ARPT,20.119,73.914,25.0,,69.36
2023-04-28T03:30:00,42920099999,OZAR AIR FORCE STATION /NASHIK ARPT,20.119,73.914,26.0,,65.36
2023-04-28T04:30:00,42920099999,OZAR AIR FORCE STATION /NASHIK ARPT,20.119,73.914,29.0,,51.5
2023-04-28T05:00:00,42920099999,OZAR AIR FORCE STATION /NASHIK ARPT,20.119,73.914,30.0,,45.64
2023-04-28T05:30:00,42920099999,OZAR AIR FORCE STATION /NASHIK ARPT,20.119,73.914,30.0,,45.64
2023-04-28T06:30:00,42920099999,OZAR AIR FORCE STATION /NASHIK ARPT,20.119,73.914,32.0,,38.21
2023-04-28T07:00:00,42920099999,OZAR AIR FORCE STATION /NASHIK ARPT,20.119,73.914,33.0,,36.12
2023-04-28T08:00:00,42920099999,OZAR AIR FORCE STATION /NASHIK ARPT,20.119,73.914,33.0,,33.88
2023-04-28T10:30:00,42920099999,OZAR AIR FORCE STATION /NASHIK ARPT,20.119,73.914,34.0,,30.03
2023-04-28T11:00:00,42920099999,OZAR AIR FORCE STATION /NASHIK ARPT,20.119,73.914,33.0,,29.76
2023-04-28T15:00:00,42920099999,OZAR AIR FORCE STATION /NASHIK ARPT,20.119,73.914,23.0,,64.72
2023-04-28T16:00:00,42920099999,OZAR AIR FORCE STATION /NASHIK ARPT,20.119,73.914,21.0,,73.11
2023-04-28T16:30:00,42920099999,OZAR AIR FORCE STATION /NASHIK ARPT,20.119,73.914,21.0,,73.11
2023-04-28T17:00:00,42920099999,OZAR AIR FORCE STATION /NASHIK ARPT,20.119,73.914,21.0,,73.11
2023-04-29T02:00:00,42920099999,OZAR AIR FORCE STATION /NASHIK ARPT,20.119,73.914,21.0,,94.02
2023-04-29T02:30:00,42920099999,OZAR AIR FORCE STATION /NASHIK ARPT,20.119,73.914,22.0,,83.11
2023-04-29T03:00:00,42920099999,OZAR AIR FORCE STATION /NASHIK ARPT,20.119,73.914,24.0,,69.16
2023-04-29T03:30:00,42920099999,OZAR AIR FORCE STATION /NASHIK ARPT,20.119,73.914,25.0,,65.15
2023-04-29T04:00:00,42920099999,OZAR AIR FORCE STATION /NASHIK ARPT,20.119,73.914,27.0,,54.33
2023-04-29T04:30:00,42920099999,OZAR AIR FORCE STATION /NASHIK ARPT,20.119,73.914,28.0,,45.1
2023-04-29T05:30:00,42920099999,OZAR AIR FORCE STATION /NASHIK ARPT,20.119,73.914,30.0,,35.29
2023-04-29T06:00:00,42920099999,OZAR AIR FORCE STATION /NASHIK ARPT,20.119,73.914,30.0,,35.29
2023-04-29T06:30:00,42920099999,OZAR AIR FORCE STATION /NASHIK ARPT,20.119,73.914,30.0,,37.66
2023-04-29T07:00:00,42920099999,OZAR AIR FORCE STATION /NASHIK ARPT,20.119,73.914,30.0,,40.17
2023-04-29T07:30:00,42920099999,OZAR AIR FORCE STATION /NASHIK ARPT,20.119,73.914,31.0,,35.56
2023-04-29T08:00:00,42920099999,OZAR AIR FORCE STATION /NASHIK ARPT,20.119,73.914,32.0,,31.48
2023-04-29T08:30:00,42920099999,OZAR AIR FORCE STATION /NASHIK ARPT,20.119,73.914,32.0,,31.48
2023-04-29T09:00:00,42920099999,OZAR AIR FORCE STATION /NASHIK ARPT,20.119,73.914,33.0,,27.87
2023-04-29T09:30:00,42920099999,OZAR AIR FORCE STATION /NASHIK ARPT,20.119,73.914,33.0,,29.76
2023-04-29T10:00:00,42920099999,OZAR AIR FORCE STATION /NASHIK ARPT,20.119,73.914,34.0,,26.35
2023-04-29T10:30:00,42920099999,OZAR AIR FORCE STATION /NASHIK ARPT,20.119,73.914,32.0,,31.48
2023-04-29T11:00:00,42920099999,OZAR AIR FORCE STATION /NASHIK ARPT,20.119,73.914,32.0,,31.48
2023-04-29T11:30:00,42920099999,OZAR AIR FORCE STATION /NASHIK ARPT,20.119,73.914,32.0,,31.48
2023-04-29T12:00:00,42920099999,OZAR AIR FORCE STATION /NASHIK ARPT,20.119,73.914,32.0,,31.48
2023-04-29T12:30:00,42920099999,OZAR AIR FORCE STATION /NASHIK ARPT,20.119,73.914,31.0,,33.32
2023-04-29T13:00:00,42920099999,OZAR AIR FORCE STATION /NASHIK ARPT,20.119,73.914,30.0,,40.17
2023-04-29T13:30:00,42920099999,OZAR AIR FORCE STATION /NASHIK ARPT,20.119,73.914,28.0,,54.58
2023-04-29T14:00:00,42920099999,OZAR AIR FORCE STATION /NASHIK ARPT,20.119,73.914,27.0,,61.61
2023-04-29T14:30:00,42920099999,OZAR AIR FORCE STATION /NASHIK ARPT,20.119,73.914,27.0,,61.61
2023-04-29T15:00:00,42920099999,OZAR AIR FORCE STATION /NASHIK ARPT,20.119,73.914,26.0,,65.36
2023-04-29T16:00:00,42920099999,OZAR AIR FORCE STATION /NASHIK ARPT,20.119,73.914,25.0,,69.36
2023-04-29T17:00:00,42920099999,OZAR AIR FORCE STATION /NASHIK ARPT,20.119,73.914,24.0,,64.93
2023-04-30T06:30:00,42920099999,OZAR AIR FORCE STATION /NASHIK ARPT,20.119,73.914,29.0,,42.56
2023-04-30T07:00:00,42920099999,OZAR AIR FORCE STATION /NASHIK ARPT,20.119,73.914,22.0,,78.06
2023-04-30T07:30:00,42920099999,OZAR AIR FORCE STATION /NASHIK ARPT,20.119,73.914,25.0,,73.8
2023-04-30T10:30:00,42920099999,OZAR AIR FORCE STATION /NASHIK ARPT,20.119,73.914,26.0,,61.39
2023-04-30T11:00:00,42920099999,OZAR AIR FORCE STATION /NASHIK ARPT,20.119,73.914,26.0,,57.63
2023-04-30T11:30:00,42920099999,OZAR AIR FORCE STATION /NASHIK ARPT,20.119,73.914,28.0,,54.58
2023-04-30T12:00:00,42920099999,OZAR AIR FORCE STATION /NASHIK ARPT,20.119,73.914,27.0,,54.33
2023-04-30T14:00:00,42920099999,OZAR AIR FORCE STATION /NASHIK ARPT,20.119,73.914,25.0,,61.16
2023-04-30T14:30:00,42920099999,OZAR AIR FORCE STATION /NASHIK ARPT,20.119,73.914,23.0,,73.46
2023-04-30T16:30:00,42920099999,OZAR AIR FORCE STATION /NASHIK ARPT,20.119,73.914,22.0,,73.29
2023-04-30T17:00:00,42920099999,OZAR AIR FORCE STATION /NASHIK ARPT,20.119,73.914,21.0,,77.92
2023-05-01T02:00:00,42920099999,OZAR AIR FORCE STATION /NASHIK ARPT,20.119,73.914,21.0,,94.02
2023-05-01T02:30:00,42920099999,OZAR AIR FORCE STATION /NASHIK ARPT,20.119,73.914,22.0,,88.44
2023-05-01T03:30:00,42920099999,OZAR AIR FORCE STATION /NASHIK ARPT,20.119,73.914,25.0,,57.39
2023-05-01T04:00:00,42920099999,OZAR AIR FORCE STATION /NASHIK ARPT,20.119,73.914,26.0,,44.56
2023-05-01T04:30:00,42920099999,OZAR AIR FORCE STATION /NASHIK ARPT,20.119,73.914,27.0,,36.82
2023-05-01T05:30:00,42920099999,OZAR AIR FORCE STATION /NASHIK ARPT,20.119,73.914,28.0,,39.62
2023-05-01T06:00:00,42920099999,OZAR AIR FORCE STATION /NASHIK ARPT,20.119,73.914,28.0,,39.62
2023-05-01T06:30:00,42920099999,OZAR AIR FORCE STATION /NASHIK ARPT,20.119,73.914,27.0,,44.83
2023-05-01T07:00:00,42920099999,OZAR AIR FORCE STATION /NASHIK ARPT,20.119,73.914,27.0,,42.01
2023-05-01T07:30:00,42920099999,OZAR AIR FORCE STATION /NASHIK ARPT,20.119,73.914,29.0,,37.38
2023-05-01T08:00:00,42920099999,OZAR AIR FORCE STATION /NASHIK ARPT,20.119,73.914,29.0,,37.38
2023-05-01T08:30:00,42920099999,OZAR AIR FORCE STATION /NASHIK ARPT,20.119,73.914,28.0,,39.62
2023-05-01T09:00:00,42920099999,OZAR AIR FORCE STATION /NASHIK ARPT,20.119,73.914,28.0,,37.1
2023-05-01T09:30:00,42920099999,OZAR AIR FORCE STATION /NASHIK ARPT,20.119,73.914,29.0,,32.77
2023-05-01T10:00:00,42920099999,OZAR AIR FORCE STATION /NASHIK ARPT,20.119,73.914,29.0,,35.01
2023-05-01T10:30:00,42920099999,OZAR AIR FORCE STATION /NASHIK ARPT,20.119,73.914,28.0,,37.1
2023-05-01T11:00:00,42920099999,OZAR AIR FORCE STATION /NASHIK ARPT,20.119,73.914,29.0,,35.01
2023-05-01T11:30:00,42920099999,OZAR AIR FORCE STATION /NASHIK ARPT,20.119,73.914,29.0,,37.38
2023-05-01T12:00:00,42920099999,OZAR AIR FORCE STATION /NASHIK ARPT,20.119,73.914,28.0,,39.62
2023-05-01T12:30:00,42920099999,OZAR AIR FORCE STATION /NASHIK ARPT,20.119,73.914,28.0,,42.28
2023-05-01T13:00:00,42920099999,OZAR AIR FORCE STATION /NASHIK ARPT,20.119,73.914,28.0,,37.1
2023-05-01T13:30:00,42920099999,OZAR AIR FORCE STATION /NASHIK ARPT,20.119,73.914,27.0,,39.34
2023-05-01T14:30:00,42920099999,OZAR AIR FORCE STATION /NASHIK ARPT,20.119,73.914,25.0,,41.45
2023-05-01T15:00:00,42920099999,OZAR AIR FORCE STATION /NASHIK ARPT,20.119,73.914,25.0,,41.45
2023-05-01T16:00:00,42920099999,OZAR AIR FORCE STATION /NASHIK ARPT,20.119,73.914,25.0,,47.28
2023-05-01T16:30:00,42920099999,OZAR AIR FORCE STATION /NASHIK ARPT,20.119,73.914,24.0,,50.2
2023-05-02T02:00:00,42920099999,OZAR AIR FORCE STATION /NASHIK ARPT,20.119,73.914,20.0,,100.0
2023-05-02T02:30:00,42920099999,OZAR AIR FORCE STATION /NASHIK ARPT,20.119,73.914,22.0,,78.06
2023-05-02T03:00:00,42920099999,OZAR AIR FORCE STATION /NASHIK ARPT,20.119,73.914,23.0,,73.46
2023-05-02T04:00:00,42920099999,OZAR AIR FORCE STATION /NASHIK ARPT,20.119,73.914,26.0,,61.39
2023-05-02T04:30:00,42920099999,OZAR AIR FORCE STATION /NASHIK ARPT,20.119,73.914,27.0,,54.33
2023-05-02T05:00:00,42920099999,OZAR AIR FORCE STATION /NASHIK ARPT,20.119,73.914,29.0,,45.37
2023-05-02T05:30:00,42920099999,OZAR AIR FORCE STATION /NASHIK ARPT,20.119,73.914,29.0,,39.9
2023-05-02T06:00:00,42920099999,OZAR AIR FORCE STATION /NASHIK ARPT,20.119,73.914,29.0,,42.56
2023-05-02T06:30:00,42920099999,OZAR AIR FORCE STATION /NASHIK ARPT,20.119,73.914,29.0,,39.9
2023-05-02T07:00:00,42920099999,OZAR AIR FORCE STATION /NASHIK ARPT,20.119,73.914,31.0,,33.32
2023-05-02T07:30:00,42920099999,OZAR AIR FORCE STATION /NASHIK ARPT,20.119,73.914,31.0,,31.21
2023-05-02T08:00:00,42920099999,OZAR AIR FORCE STATION /NASHIK ARPT,20.119,73.914,30.0,,33.05
2023-05-02T08:30:00,42920099999,OZAR AIR FORCE STATION /NASHIK ARPT,20.119,73.914,30.0,,33.05
2023-05-02T09:00:00,42920099999,OZAR AIR FORCE STATION /NASHIK ARPT,20.119,73.914,30.0,,35.29
2023-05-02T09:30:00,42920099999,OZAR AIR FORCE STATION /NASHIK ARPT,20.119,73.914,30.0,,40.17
2023-05-02T10:00:00,42920099999,OZAR AIR FORCE STATION /NASHIK ARPT,20.119,73.914,32.0,,33.6
2023-05-02T12:00:00,42920099999,OZAR AIR FORCE STATION /NASHIK ARPT,20.119,73.914,32.0,,31.48
2023-05-02T14:00:00,42920099999,OZAR AIR FORCE STATION /NASHIK ARPT,20.119,73.914,28.0,,51.25
2023-05-02T15:00:00,42920099999,OZAR AIR FORCE STATION /NASHIK ARPT,20.119,73.914,27.0,,57.87
2023-05-02T15:30:00,42920099999,OZAR AIR FORCE STATION /NASHIK ARPT,20.119,73.914,26.0,,61.39
2023-05-02T16:00:00,42920099999,OZAR AIR FORCE STATION /NASHIK ARPT,20.119,73.914,25.0,,65.15
2023-05-03T02:00:00,42920099999,OZAR AIR FORCE STATION /NASHIK ARPT,20.119,73.914,22.0,,94.06
2023-05-03T02:30:00,42920099999,OZAR AIR FORCE STATION /NASHIK ARPT,20.119,73.914,24.0,,78.35
2023-05-03T03:00:00,42920099999,OZAR AIR FORCE STATION /NASHIK ARPT,20.119,73.914,25.0,,69.36
2023-05-03T03:30:00,42920099999,OZAR AIR FORCE STATION /NASHIK ARPT,20.119,73.914,26.0,,61.39
2023-05-03T04:00:00,42920099999,OZAR AIR FORCE STATION /NASHIK ARPT,20.119,73.914,27.0,,57.87
2023-05-03T04:30:00,42920099999,OZAR AIR FORCE STATION /NASHIK ARPT,20.119,73.914,28.0,,51.25
2023-05-03T05:00:00,42920099999,OZAR AIR FORCE STATION /NASHIK ARPT,20.119,73.914,29.0,,48.35
2023-05-03T05:30:00,42920099999,OZAR AIR FORCE STATION /NASHIK ARPT,20.119,73.914,30.0,,40.17
2023-05-03T06:00:00,42920099999,OZAR AIR FORCE STATION /NASHIK ARPT,20.119,73.914,30.0,,37.66
2023-05-03T06:30:00,42920099999,OZAR AIR FORCE STATION /NASHIK ARPT,20.119,73.914,32.0,,31.48
2023-05-03T07:00:00,42920099999,OZAR AIR FORCE STATION /NASHIK ARPT,20.119,73.914,31.0,,33.32
2023-05-03T07:30:00,42920099999,OZAR AIR FORCE STATION /NASHIK ARPT,20.119,73.914,31.0,,33.32
2023-05-03T08:00:00,42920099999,OZAR AIR FORCE STATION /NASHIK ARPT,20.119,73.914,31.0,,33.32
2023-05-03T08:30:00,42920099999,OZAR AIR FORCE STATION /NASHIK ARPT,20.119,73.914,31.0,,31.21
2023-05-03T09:00:00,42920099999,OZAR AIR FORCE STATION /NASHIK ARPT,20.119,73.914,32.0,,29.48
2023-05-03T09:30:00,42920099999,OZAR AIR FORCE STATION /NASHIK ARPT,20.119,73.914,33.0,,27.87
2023-05-03T10:00:00,42920099999,OZAR AIR FORCE STATION /NASHIK ARPT,20.119,73.914,33.0,,26.08
2023-05-03T11:00:00,42920099999,OZAR AIR FORCE STATION /NASHIK ARPT,20.119,73.914,33.0,,26.08
2023-05-03T11:30:00,42920099999,OZAR AIR FORCE STATION /NASHIK ARPT,20.119,73.914,33.0,,24.4
2023-05-03T12:00:00,42920099999,OZAR AIR FORCE STATION /NASHIK ARPT,20.119,73.914,32.0,,25.82
2023-05-03T12:30:00,42920099999,OZAR AIR FORCE STATION /NASHIK ARPT,20.119,73.914,31.0,,27.33
2023-05-03T13:00:00,42920099999,OZAR AIR FORCE STATION /NASHIK ARPT,20.119,73.914,30.0,,42.83
2023-05-03T14:00:00,42920099999,OZAR AIR FORCE STATION /NASHIK ARPT,20.119,73.914,27.0,,57.87
2023-05-03T14:30:00,42920099999,OZAR AIR FORCE STATION /NASHIK ARPT,20.119,73.914,27.0,,54.33
2023-05-03T16:00:00,42920099999,OZAR AIR FORCE STATION /NASHIK ARPT,20.119,73.914,26.0,,61.39
2023-05-03T16:30:00,42920099999,OZAR AIR FORCE STATION /NASHIK ARPT,20.119,73.914,25.0,,65.15
2023-05-03T17:00:00,42920099999,OZAR AIR FORCE STATION /NASHIK ARPT,20.119,73.914,25.0,,65.15
2023-05-04T02:00:00,42920099999,OZAR AIR FORCE STATION /NASHIK ARPT,20.119,73.914,22.0,,88.44
2023-05-04T02:30:00,42920099999,OZAR AIR FORCE STATION /NASHIK ARPT,20.119,73.914,23.0,,83.22
2023-05-04T03:30:00,42920099999,OZAR AIR FORCE STATION /NASHIK ARPT,20.119,73.914,25.0,,73.8
2023-05-04T06:30:00,42920099999,OZAR AIR FORCE STATION /NASHIK ARPT,20.119,73.914,31.0,,35.56
2023-05-04T07:30:00,42920099999,OZAR AIR FORCE STATION /NASHIK ARPT,20.119,73.914,32.0,,31.48
2023-05-04T08:00:00,42920099999,OZAR AIR FORCE STATION /NASHIK ARPT,20.119,73.914,32.0,,31.48
2023-05-04T10:00:00,42920099999,OZAR AIR FORCE STATION /NASHIK ARPT,20.119,73.914,27.0,,65.56
2023-05-04T10:30:00,42920099999,OZAR AIR FORCE STATION /NASHIK ARPT,20.119,73.914,28.0,,54.58
2023-05-04T12:00:00,42920099999,OZAR AIR FORCE STATION /NASHIK ARPT,20.119,73.914,26.0,,61.39
2023-05-04T12:30:00,42920099999,OZAR AIR FORCE STATION /NASHIK ARPT,20.119,73.914,25.0,,69.36
2023-05-04T13:00:00,42920099999,OZAR AIR FORCE STATION /NASHIK ARPT,20.119,73.914,25.0,,65.15
2023-05-04T13:30:00,42920099999,OZAR AIR FORCE STATION /NASHIK ARPT,20.119,73.914,25.0,,61.16
2023-05-04T14:00:00,42920099999,OZAR AIR FORCE STATION /NASHIK ARPT,20.119,73.914,24.0,,64.93
2023-05-04T14:30:00,42920099999,OZAR AIR FORCE STATION /NASHIK ARPT,20.119,73.914,24.0,,64.93
2023-05-04T15:00:00,42920099999,OZAR AIR FORCE STATION /NASHIK ARPT,20.119,73.914,24.0,,64.93
2023-05-04T15:30:00,42920099999,OZAR AIR FORCE STATION /NASHIK ARPT,20.119,73.914,24.0,,69.16
2023-05-04T16:00:00,42920099999,OZAR AIR FORCE STATION /NASHIK ARPT,20.119,73.914,23.0,,78.21
2023-05-04T16:30:00,42920099999,OZAR AIR FORCE STATION /NASHIK ARPT,20.119,73.914,24.0,,69.16
2023-05-05T02:00:00,42920099999,OZAR AIR FORCE STATION /NASHIK ARPT,20.119,73.914,22.0,,88.44
2023-05-05T02:30:00,42920099999,OZAR AIR FORCE STATION /NASHIK ARPT,20.119,73.914,23.0,,83.22
2023-05-05T03:00:00,42920099999,OZAR AIR FORCE STATION /NASHIK ARPT,20.119,73.914,24.0,,78.35
2023-05-05T03:30:00,42920099999,OZAR AIR FORCE STATION /NASHIK ARPT,20.119,73.914,25.0,,73.8
2023-05-05T04:00:00,42920099999,OZAR AIR FORCE STATION /NASHIK ARPT,20.119,73.914,27.0,,65.56
2023-05-05T04:30:00,42920099999,OZAR AIR FORCE STATION /NASHIK ARPT,20.119,73.914,27.0,,65.56
2023-05-05T05:00:00,42920099999,OZAR AIR FORCE STATION /NASHIK ARPT,20.119,73.914,28.0,,58.11
2023-05-05T05:30:00,42920099999,OZAR AIR FORCE STATION /NASHIK ARPT,20.119,73.914,29.0,,48.35
2023-05-05T06:00:00,42920099999,OZAR AIR FORCE STATION /NASHIK ARPT,20.119,73.914,30.0,,42.83
2023-05-05T06:30:00,42920099999,OZAR AIR FORCE STATION /NASHIK ARPT,20.119,73.914,30.0,,42.83
2023-05-05T08:00:00,42920099999,OZAR AIR FORCE STATION /NASHIK ARPT,20.119,73.914,32.0,,31.48
2023-05-05T08:30:00,42920099999,OZAR AIR FORCE STATION /NASHIK ARPT,20.119,73.914,31.0,,33.32
2023-05-05T09:00:00,42920099999,OZAR AIR FORCE STATION /NASHIK ARPT,20.119,73.914,31.0,,35.56
2023-05-05T09:30:00,42920099999,OZAR AIR FORCE STATION /NASHIK ARPT,20.119,73.914,33.0,,29.76
2023-05-05T10:00:00,42920099999,OZAR AIR FORCE STATION /NASHIK ARPT,20.119,73.914,32.0,,29.48
2023-05-05T10:30:00,42920099999,OZAR AIR FORCE STATION /NASHIK ARPT,20.119,73.914,31.0,,35.56
2023-05-05T11:00:00,42920099999,OZAR AIR FORCE STATION /NASHIK ARPT,20.119,73.914,31.0,,35.56
2023-05-05T11:30:00,42920099999,OZAR AIR FORCE STATION /NASHIK ARPT,20.119,73.914,30.0,,40.17
2023-05-05T12:00:00,42920099999,OZAR AIR FORCE STATION /NASHIK ARPT,20.119,73.914,30.0,,40.17
2023-05-05T12:30:00,42920099999,OZAR AIR FORCE STATION /NASHIK ARPT,20.119,73.914,28.0,,48.09
2023-05-05T13:00:00,42920099999,OZAR AIR FORCE STATION /NASHIK ARPT,20.119,73.914,27.0,,57.87
2023-05-05T13:30:00,42920099999,OZAR AIR FORCE STATION /NASHIK ARPT,20.119,73.914,25.0,,78.5
2023-05-06T02:00:00,42920099999,OZAR AIR FORCE STATION /NASHIK ARPT,20.119,73.914,23.0,,100.0
2023-05-06T02:30:00,42920099999,OZAR AIR FORCE STATION /NASHIK ARPT,20.119,73.914,24.0,,100.0
2023-05-06T03:00:00,42920099999,OZAR AIR FORCE STATION /NASHIK ARPT,20.119,73.914,24.0,,100.0
2023-05-06T03:30:00,42920099999,OZAR AIR FORCE STATION /NASHIK ARPT,20.119,73.914,26.0,,94.23
2023-05-06T04:00:00,42920099999,OZAR AIR FORCE STATION /NASHIK ARPT,20.119,73.914,27.0,,78.78
2023-05-06T04:30:00,42920099999,OZAR AIR FORCE STATION /NASHIK ARPT,20.119,73.914,28.0,,58.11
2023-05-06T05:00:00,42920099999,OZAR AIR FORCE STATION /NASHIK ARPT,20.119,73.914,29.0,,54.83
2023-05-06T05:30:00,42920099999,OZAR AIR FORCE STATION /NASHIK ARPT,20.119,73.914,29.0,,51.5
2023-05-06T06:00:00,42920099999,OZAR AIR FORCE STATION /NASHIK ARPT,20.119,73.914,30.0,,48.62
2023-05-06T06:30:00,42920099999,OZAR AIR FORCE STATION /NASHIK ARPT,20.119,73.914,32.0,,43.38
2023-05-06T07:00:00,42920099999,OZAR AIR FORCE STATION /NASHIK ARPT,20.119,73.914,31.0,,43.1
2023-05-06T07:30:00,42920099999,OZAR AIR FORCE STATION /NASHIK ARPT,20.119,73.914,33.0,,38.49
2023-05-06T08:00:00,42920099999,OZAR AIR FORCE STATION /NASHIK ARPT,20.119,73.914,32.0,,38.21
2023-05-06T08:30:00,42920099999,OZAR AIR FORCE STATION /NASHIK ARPT,20.119,73.914,33.0,,36.12
2023-05-06T09:00:00,42920099999,OZAR AIR FORCE STATION /NASHIK ARPT,20.119,73.914,33.0,,38.49
2023-05-06T09:30:00,42920099999,OZAR AIR FORCE STATION /NASHIK ARPT,20.119,73.914,32.0,,40.72
2023-05-06T10:00:00,42920099999,OZAR AIR FORCE STATION /NASHIK ARPT,20.119,73.914,32.0,,38.21
2023-05-06T10:30:00,42920099999,OZAR AIR FORCE STATION /NASHIK ARPT,20.119,73.914,33.0,,36.12
2023-05-06T11:00:00,42920099999,OZAR AIR FORCE STATION /NASHIK ARPT,20.119,73.914,33.0,,33.88
2023-05-06T11:30:00,42920099999,OZAR AIR FORCE STATION /NASHIK ARPT,20.119,73.914,33.0,,33.88
2023-05-06T12:00:00,42920099999,OZAR AIR FORCE STATION /NASHIK ARPT,20.119,73.914,34.0,,41.27
2023-05-06T12:30:00,42920099999,OZAR AIR FORCE STATION /NASHIK ARPT,20.119,73.914,32.0,,35.84
2023-05-06T13:00:00,42920099999,OZAR AIR FORCE STATION /NASHIK ARPT,20.119,73.914,32.0,,35.84
2023-05-06T13:30:00,42920099999,OZAR AIR FORCE STATION /NASHIK ARPT,20.119,73.914,32.0,,35.84
2023-05-06T14:30:00,42920099999,OZAR AIR FORCE STATION /NASHIK ARPT,20.119,73.914,29.0,,54.83
2023-05-06T15:00:00,42920099999,OZAR AIR FORCE STATION /NASHIK ARPT,20.119,73.914,29.0,,54.83
2023-05-06T16:00:00,42920099999,OZAR AIR FORCE STATION /NASHIK ARPT,20.119,73.914,26.0,,50.73
2023-05-06T17:00:00,42920099999,OZAR AIR FORCE STATION /NASHIK ARPT,20.119,73.914,24.0,,60.93
2023-05-07T02:00:00,42920099999,OZAR AIR FORCE STATION /NASHIK ARPT,20.119,73.914,23.0,,100.0
2023-05-07T02:30:00,42920099999,OZAR AIR FORCE STATION /NASHIK ARPT,20.119,73.914,24.0,,100.0
2023-05-07T04:00:00,42920099999,OZAR AIR FORCE STATION /NASHIK ARPT,20.119,73.914,27.0,,61.61
2023-05-07T04:30:00,42920099999,OZAR AIR FORCE STATION /NASHIK ARPT,20.119,73.914,30.0,,51.76
2023-05-07T05:00:00,42920099999,OZAR AIR FORCE STATION /NASHIK ARPT,20.119,73.914,30.0,,48.62
2023-05-07T08:00:00,42920099999,OZAR AIR FORCE STATION /NASHIK ARPT,20.119,73.914,33.0,,31.76
2023-05-07T08:30:00,42920099999,OZAR AIR FORCE STATION /NASHIK ARPT,20.119,73.914,34.0,,30.03
2023-05-07T09:00:00,42920099999,OZAR AIR FORCE STATION /NASHIK ARPT,20.119,73.914,34.0,,30.03
2023-05-07T09:30:00,42920099999,OZAR AIR FORCE STATION /NASHIK ARPT,20.119,73.914,33.0,,31.76
2023-05-07T10:00:00,42920099999,OZAR AIR FORCE STATION /NASHIK ARPT,20.119,73.914,34.0,,32.03
2023-05-07T10:30:00,42920099999,OZAR AIR FORCE STATION /NASHIK ARPT,20.119,73.914,35.0,,28.4
2023-05-07T12:30:00,42920099999,OZAR AIR FORCE STATION /NASHIK ARPT,20.119,73.914,32.0,,38.21
2023-05-07T14:00:00,42920099999,OZAR AIR FORCE STATION /NASHIK ARPT,20.119,73.914,29.0,,51.5
2023-05-07T14:30:00,42920099999,OZAR AIR FORCE STATION /NASHIK ARPT,20.119,73.914,29.0,,51.5
2023-05-07T15:00:00,42920099999,OZAR AIR FORCE STATION /NASHIK ARPT,20.119,73.914,28.0,,58.11
2023-05-07T15:30:00,42920099999,OZAR AIR FORCE STATION /NASHIK ARPT,20.119,73.914,27.0,,61.61
2023-05-07T16:00:00,42920099999,OZAR AIR FORCE STATION /NASHIK ARPT,20.119,73.914,26.0,,65.36
2023-05-07T16:30:00,42920099999,OZAR AIR FORCE STATION /NASHIK ARPT,20.119,73.914,26.0,,65.36
2023-05-07T17:00:00,42920099999,OZAR AIR FORCE STATION /NASHIK ARPT,20.119,73.914,26.0,,65.36
2023-05-08T05:00:00,42920099999,OZAR AIR FORCE STATION /NASHIK ARPT,20.119,73.914,31.0,,43.1
2023-05-08T05:30:00,42920099999,OZAR AIR FORCE STATION /NASHIK ARPT,20.119,73.914,33.0,,36.12
2023-05-08T06:30:00,42920099999,OZAR AIR FORCE STATION /NASHIK ARPT,20.119,73.914,34.0,,26.35
2023-05-08T07:00:00,42920099999,OZAR AIR FORCE STATION /NASHIK ARPT,20.119,73.914,34.0,,30.03
2023-05-08T07:30:00,42920099999,OZAR AIR FORCE STATION /NASHIK ARPT,20.119,73.914,35.0,,24.92
2023-05-08T08:00:00,42920099999,OZAR AIR FORCE STATION /NASHIK ARPT,20.119,73.914,35.0,,23.33
2023-05-08T09:30:00,42920099999,OZAR AIR FORCE STATION /NASHIK ARPT,20.119,73.914,36.0,,22.08
2023-05-08T10:00:00,42920099999,OZAR AIR FORCE STATION /NASHIK ARPT,20.119,73.914,37.0,,19.55
2023-05-08T11:00:00,42920099999,OZAR AIR FORCE STATION /NASHIK ARPT,20.119,73.914,36.0,,23.58
2023-05-08T12:00:00,42920099999,OZAR AIR FORCE STATION /NASHIK ARPT,20.119,73.914,35.0,,28.4
2023-05-08T12:30:00,42920099999,OZAR AIR FORCE STATION /NASHIK ARPT,20.119,73.914,34.0,,30.03
2023-05-08T13:00:00,42920099999,OZAR AIR FORCE STATION /NASHIK ARPT,20.119,73.914,34.0,,38.76
2023-05-08T14:00:00,42920099999,OZAR AIR FORCE STATION /NASHIK ARPT,20.119,73.914,30.0,,42.83
2023-05-08T16:00:00,42920099999,OZAR AIR FORCE STATION /NASHIK ARPT,20.119,73.914,28.0,,51.25
2023-05-08T17:00:00,42920099999,OZAR AIR FORCE STATION /NASHIK ARPT,20.119,73.914,28.0,,54.58
2023-05-09T02:00:00,42920099999,OZAR AIR FORCE STATION /NASHIK ARPT,20.119,73.914,27.0,,47.82
2023-05-09T02:30:00,42920099999,OZAR AIR FORCE STATION /NASHIK ARPT,20.119,73.914,28.0,,42.28
2023-05-09T03:00:00,42920099999,OZAR AIR FORCE STATION /NASHIK ARPT,20.119,73.914,30.0,,35.29
2023-05-09T03:30:00,42920099999,OZAR AIR FORCE STATION /NASHIK ARPT,20.119,73.914,31.0,,33.32
2023-05-09T04:00:00,42920099999,OZAR AIR FORCE STATION /NASHIK ARPT,20.119,73.914,32.0,,31.48
2023-05-09T05:00:00,42920099999,OZAR AIR FORCE STATION /NASHIK ARPT,20.119,73.914,34.0,,28.13
2023-05-09T05:30:00,42920099999,OZAR AIR FORCE STATION /NASHIK ARPT,20.119,73.914,34.0,,23.07
2023-05-09T06:00:00,42920099999,OZAR AIR FORCE STATION /NASHIK ARPT,20.119,73.914,34.0,,24.66
2023-05-09T06:30:00,42920099999,OZAR AIR FORCE STATION /NASHIK ARPT,20.119,73.914,35.0,,21.82
2023-05-09T07:00:00,42920099999,OZAR AIR FORCE STATION /NASHIK ARPT,20.119,73.914,35.0,,23.33
2023-05-09T08:00:00,42920099999,OZAR AIR FORCE STATION /NASHIK ARPT,20.119,73.914,37.0,,19.55
2023-05-09T08:30:00,42920099999,OZAR AIR FORCE STATION /NASHIK ARPT,20.119,73.914,38.0,,19.79
2023-05-09T09:00:00,42920099999,OZAR AIR FORCE STATION /NASHIK ARPT,20.119,73.914,37.0,,18.28
2023-05-09T09:30:00,42920099999,OZAR AIR FORCE STATION /NASHIK ARPT,20.119,73.914,37.0,,17.08
2023-05-09T10:00:00,42920099999,OZAR AIR FORCE STATION /NASHIK ARPT,20.119,73.914,37.0,,17.08
2023-05-09T10:30:00,42920099999,OZAR AIR FORCE STATION /NASHIK ARPT,20.119,73.914,37.0,,15.96
2023-05-09T11:00:00,42920099999,OZAR AIR FORCE STATION /NASHIK ARPT,20.119,73.914,36.0,,18.05
2023-05-09T11:30:00,42920099999,OZAR AIR FORCE STATION /NASHIK ARPT,20.119,73.914,36.0,,28.67
2023-05-09T12:00:00,42920099999,OZAR AIR FORCE STATION /NASHIK ARPT,20.119,73.914,37.0,,28.94
2023-05-09T12:30:00,42920099999,OZAR AIR FORCE STATION /NASHIK ARPT,20.119,73.914,36.0,,34.7
2023-05-09T13:00:00,42920099999,OZAR AIR FORCE STATION /NASHIK ARPT,20.119,73.914,34.0,,41.27
2023-05-09T13:30:00,42920099999,OZAR AIR FORCE STATION /NASHIK ARPT,20.119,73.914,34.0,,43.91
2023-05-09T14:00:00,42920099999,OZAR AIR FORCE STATION /NASHIK ARPT,20.119,73.914,32.0,,49.14
2023-05-09T14:30:00,42920099999,OZAR AIR FORCE STATION /NASHIK ARPT,20.119,73.914,31.0,,52.01
2023-05-09T15:00:00,42920099999,OZAR AIR FORCE STATION /NASHIK ARPT,20.119,73.914,30.0,,55.08
2023-05-09T15:30:00,42920099999,OZAR AIR FORCE STATION /NASHIK ARPT,20.119,73.914,30.0,,58.58
2023-05-09T17:00:00,42920099999,OZAR AIR FORCE STATION /NASHIK ARPT,20.119,73.914,28.0,,69.92
2023-05-10T02:00:00,42920099999,OZAR AIR FORCE STATION /NASHIK ARPT,20.119,73.914,27.0,,69.74
2023-05-10T02:30:00,42920099999,OZAR AIR FORCE STATION /NASHIK ARPT,20.119,73.914,29.0,,54.83
2023-05-10T03:00:00,42920099999,OZAR AIR FORCE STATION /NASHIK ARPT,20.119,73.914,31.0,,40.45
2023-05-10T03:30:00,42920099999,OZAR AIR FORCE STATION /NASHIK ARPT,20.119,73.914,33.0,,29.76
2023-05-10T04:00:00,42920099999,OZAR AIR FORCE STATION /NASHIK ARPT,20.119,73.914,34.0,,23.07
2023-05-10T04:30:00,42920099999,OZAR AIR FORCE STATION /NASHIK ARPT,20.119,73.914,35.0,,19.07
2023-05-10T05:00:00,42920099999,OZAR AIR FORCE STATION /NASHIK ARPT,20.119,73.914,36.0,,18.05
2023-05-10T05:30:00,42920099999,OZAR AIR FORCE STATION /NASHIK ARPT,20.119,73.914,37.0,,18.28
2023-05-10T06:00:00,42920099999,OZAR AIR FORCE STATION /NASHIK ARPT,20.119,73.914,37.0,,18.28
2023-05-10T06:30:00,42920099999,OZAR AIR FORCE STATION /NASHIK ARPT,20.119,73.914,37.0,,18.28
2023-05-10T07:30:00,42920099999,OZAR AIR FORCE STATION /NASHIK ARPT,20.119,73.914,37.0,,15.96
2023-05-10T08:00:00,42920099999,OZAR AIR FORCE STATION /NASHIK ARPT,20.119,73.914,38.0,,14.11
2023-05-10T08:30:00,42920099999,OZAR AIR FORCE STATION /NASHIK ARPT,20.119,73.914,38.0,,13.16
2023-05-10T09:00:00,42920099999,OZAR AIR FORCE STATION /NASHIK ARPT,20.119,73.914,38.0,,12.27
2023-05-10T09:30:00,42920099999,OZAR AIR FORCE STATION /NASHIK ARPT,20.119,73.914,39.0,,11.63
2023-05-10T10:00:00,42920099999,OZAR AIR FORCE STATION /NASHIK ARPT,20.119,73.914,38.0,,12.27
2023-05-10T12:30:00,42920099999,OZAR AIR FORCE STATION /NASHIK ARPT,20.119,73.914,37.0,,15.96
2023-05-11T01:30:00,42920099999,OZAR AIR FORCE STATION /NASHIK ARPT,20.119,73.914,25.0,,50.46
2023-05-11T02:00:00,42920099999,OZAR AIR FORCE STATION /NASHIK ARPT,20.119,73.914,28.0,,48.09
2023-05-11T03:00:00,42920099999,OZAR AIR FORCE STATION /NASHIK ARPT,20.119,73.914,34.0,,17.58
2023-05-11T03:30:00,42920099999,OZAR AIR FORCE STATION /NASHIK ARPT,20.119,73.914,35.0,,17.81
2023-05-11T04:00:00,42920099999,OZAR AIR FORCE STATION /NASHIK ARPT,20.119,73.914,35.0,,15.51
2023-05-11T06:00:00,42920099999,OZAR AIR FORCE STATION /NASHIK ARPT,20.119,73.914,39.0,,8.74
2023-05-11T07:30:00,42920099999,OZAR AIR FORCE STATION /NASHIK ARPT,20.119,73.914,39.0,,9.4
2023-05-11T11:00:00,42920099999,OZAR AIR FORCE STATION /NASHIK ARPT,20.119,73.914,39.0,,10.09
2023-05-11T15:30:00,42920099999,OZAR AIR FORCE STATION /NASHIK ARPT,20.119,73.914,31.0,,23.88
2023-05-11T16:00:00,42920099999,OZAR AIR FORCE STATION /NASHIK ARPT,20.119,73.914,29.0,,28.66
2023-05-12T02:00:00,42920099999,OZAR AIR FORCE STATION /NASHIK ARPT,20.119,73.914,27.0,,36.82
2023-05-12T02:30:00,42920099999,OZAR AIR FORCE STATION /NASHIK ARPT,20.119,73.914,31.0,,29.21
2023-05-12T03:00:00,42920099999,OZAR AIR FORCE STATION /NASHIK ARPT,20.119,73.914,32.0,,25.82
2023-05-12T03:30:00,42920099999,OZAR AIR FORCE STATION /NASHIK ARPT,20.119,73.914,33.0,,22.82
2023-05-12T05:00:00,42920099999,OZAR AIR FORCE STATION /NASHIK ARPT,20.119,73.914,37.0,,14.9
2023-05-12T05:30:00,42920099999,OZAR AIR FORCE STATION /NASHIK ARPT,20.119,73.914,37.0,,14.9
2023-05-12T06:30:00,42920099999,OZAR AIR FORCE STATION /NASHIK ARPT,20.119,73.914,38.0,,9.92
2023-05-12T07:00:00,42920099999,OZAR AIR FORCE STATION /NASHIK ARPT,20.119,73.914,38.0,,10.65
2023-05-12T08:00:00,42920099999,OZAR AIR FORCE STATION /NASHIK ARPT,20.119,73.914,39.0,,11.63
2023-05-12T08:30:00,42920099999,OZAR AIR FORCE STATION /NASHIK ARPT,20.119,73.914,39.0,,12.47
2023-05-12T09:00:00,42920099999,OZAR AIR FORCE STATION /NASHIK ARPT,20.119,73.914,39.0,,12.47
2023-05-12T09:30:00,42920099999,OZAR AIR FORCE STATION /NASHIK ARPT,20.119,73.914,39.0,,12.47
2023-05-12T10:00:00,42920099999,OZAR AIR FORCE STATION /NASHIK ARPT,20.119,73.914,38.0,,13.16
2023-05-12T10:30:00,42920099999,OZAR AIR FORCE STATION /NASHIK ARPT,20.119,73.914,38.0,,13.16
2023-05-12T11:30:00,42920099999,OZAR AIR FORCE STATION /NASHIK ARPT,20.119,73.914,38.0,,14.11
2023-05-12T12:00:00,42920099999,OZAR AIR FORCE STATION /NASHIK ARPT,20.119,73.914,37.0,,14.9
2023-05-12T13:00:00,42920099999,OZAR AIR FORCE STATION /NASHIK ARPT,20.119,73.914,35.0,,20.41
2023-05-12T14:00:00,42920099999,OZAR AIR FORCE STATION /NASHIK ARPT,20.119,73.914,33.0,,19.92
2023-05-12T15:00:00,42920099999,OZAR AIR FORCE STATION /NASHIK ARPT,20.119,73.914,32.0,,18.35
2023-05-12T16:00:00,42920099999,OZAR AIR FORCE STATION /NASHIK ARPT,20.119,73.914,29.0,,23.36
2023-05-12T17:00:00,42920099999,OZAR AIR FORCE STATION /NASHIK ARPT,20.119,73.914,27.0,,26.25
2023-05-12T17:30:00,42920099999,OZAR AIR FORCE STATION /NASHIK ARPT,20.119,73.914,26.0,,27.84
2023-05-13T02:00:00,42920099999,OZAR AIR FORCE STATION /NASHIK ARPT,20.119,73.914,28.0,,39.62
2023-05-13T02:30:00,42920099999,OZAR AIR FORCE STATION /NASHIK ARPT,20.119,73.914,30.0,,35.29
2023-05-13T03:00:00,42920099999,OZAR AIR FORCE STATION /NASHIK ARPT,20.119,73.914,31.0,,33.32
2023-05-13T03:30:00,42920099999,OZAR AIR FORCE STATION /NASHIK ARPT,20.119,73.914,32.0,,27.6
2023-05-13T04:00:00,42920099999,OZAR AIR FORCE STATION /NASHIK ARPT,20.119,73.914,33.0,,26.08
2023-05-13T04:30:00,42920099999,OZAR AIR FORCE STATION /NASHIK ARPT,20.119,73.914,34.0,,26.35
2023-05-13T05:00:00,42920099999,OZAR AIR FORCE STATION /NASHIK ARPT,20.119,73.914,35.0,,24.92
2023-05-13T05:30:00,42920099999,OZAR AIR FORCE STATION /NASHIK ARPT,20.119,73.914,36.0,,23.58
2023-05-13T06:00:00,42920099999,OZAR AIR FORCE STATION /NASHIK ARPT,20.119,73.914,37.0,,20.9
2023-05-13T06:30:00,42920099999,OZAR AIR FORCE STATION /NASHIK ARPT,20.119,73.914,37.0,,14.9
2023-05-13T07:00:00,42920099999,OZAR AIR FORCE STATION /NASHIK ARPT,20.119,73.914,38.0,,15.11
2023-05-13T07:30:00,42920099999,OZAR AIR FORCE STATION /NASHIK ARPT,20.119,73.914,38.0,,15.11
2023-05-13T08:00:00,42920099999,OZAR AIR FORCE STATION /NASHIK ARPT,20.119,73.914,39.0,,14.32
2023-05-13T08:30:00,42920099999,OZAR AIR FORCE STATION /NASHIK ARPT,20.119,73.914,38.0,,15.11
2023-05-13T09:00:00,42920099999,OZAR AIR FORCE STATION /NASHIK ARPT,20.119,73.914,38.0,,14.11
2023-05-13T09:30:00,42920099999,OZAR AIR FORCE STATION /NASHIK ARPT,20.119,73.914,38.0,,15.11
2023-05-13T10:00:00,42920099999,OZAR AIR FORCE STATION /NASHIK ARPT,20.119,73.914,38.0,,15.11
2023-05-13T10:30:00,42920099999,OZAR AIR FORCE STATION /NASHIK ARPT,20.119,73.914,38.0,,15.11
2023-05-13T11:00:00,42920099999,OZAR AIR FORCE STATION /NASHIK ARPT,20.119,73.914,38.0,,16.18
2023-05-13T12:00:00,42920099999,OZAR AIR FORCE STATION /NASHIK ARPT,20.119,73.914,36.0,,23.58
2023-05-13T12:30:00,42920099999,OZAR AIR FORCE STATION /NASHIK ARPT,20.119,73.914,35.0,,24.92
2023-05-13T13:00:00,42920099999,OZAR AIR FORCE STATION /NASHIK ARPT,20.119,73.914,34.0,,23.07
2023-05-13T13:30:00,42920099999,OZAR AIR FORCE STATION /NASHIK ARPT,20.119,73.914,33.0,,18.59
2023-05-13T14:00:00,42920099999,OZAR AIR FORCE STATION /NASHIK ARPT,20.119,73.914,32.0,,21.07
2023-05-13T15:00:00,42920099999,OZAR AIR FORCE STATION /NASHIK ARPT,20.119,73.914,30.0,,30.93
2023-05-13T16:00:00,42920099999,OZAR AIR FORCE STATION /NASHIK ARPT,20.119,73.914,29.0,,32.77
2023-05-13T17:00:00,42920099999,OZAR AIR FORCE STATION /NASHIK ARPT,20.119,73.914,28.0,,45.1
2023-05-14T02:00:00,42920099999,OZAR AIR FORCE STATION /NASHIK ARPT,20.119,73.914,26.0,,57.63
2023-05-14T02:30:00,42920099999,OZAR AIR FORCE STATION /NASHIK ARPT,20.119,73.914,27.0,,54.33
2023-05-14T03:00:00,42920099999,OZAR AIR FORCE STATION /NASHIK ARPT,20.119,73.914,29.0,,45.37
2023-05-14T03:30:00,42920099999,OZAR AIR FORCE STATION /NASHIK ARPT,20.119,73.914,31.0,,35.56
2023-05-14T04:00:00,42920099999,OZAR AIR FORCE STATION /NASHIK ARPT,20.119,73.914,31.0,,31.21
2023-05-14T05:00:00,42920099999,OZAR AIR FORCE STATION /NASHIK ARPT,20.119,73.914,34.0,,28.13
2023-05-14T05:30:00,42920099999,OZAR AIR FORCE STATION /NASHIK ARPT,20.119,73.914,34.0,,28.13
2023-05-14T06:00:00,42920099999,OZAR AIR FORCE STATION /NASHIK ARPT,20.119,73.914,35.0,,26.61
2023-05-14T06:30:00,42920099999,OZAR AIR FORCE STATION /NASHIK ARPT,20.119,73.914,36.0,,22.08
2023-05-14T07:00:00,42920099999,OZAR AIR FORCE STATION /NASHIK ARPT,20.119,73.914,35.0,,23.33
2023-05-14T07:30:00,42920099999,OZAR AIR FORCE STATION /NASHIK ARPT,20.119,73.914,36.0,,23.58
2023-05-14T08:00:00,42920099999,OZAR AIR FORCE STATION /NASHIK ARPT,20.119,73.914,36.0,,22.08
2023-05-14T08:30:00,42920099999,OZAR AIR FORCE STATION /NASHIK ARPT,20.119,73.914,36.0,,20.65
2023-05-14T09:00:00,42920099999,OZAR AIR FORCE STATION /NASHIK ARPT,20.119,73.914,37.0,,20.9
2023-05-14T09:30:00,42920099999,OZAR AIR FORCE STATION /NASHIK ARPT,20.119,73.914,36.0,,22.08
2023-05-14T10:00:00,42920099999,OZAR AIR FORCE STATION /NASHIK ARPT,20.119,73.914,36.0,,22.08
2023-05-14T10:30:00,42920099999,OZAR AIR FORCE STATION /NASHIK ARPT,20.119,73.914,36.0,,22.08
2023-05-14T11:30:00,42920099999,OZAR AIR FORCE STATION /NASHIK ARPT,20.119,73.914,36.0,,18.05
2023-05-14T12:00:00,42920099999,OZAR AIR FORCE STATION /NASHIK ARPT,20.119,73.914,35.0,,19.07
2023-05-14T12:30:00,42920099999,OZAR AIR FORCE STATION /NASHIK ARPT,20.119,73.914,34.0,,21.57
2023-05-14T13:00:00,42920099999,OZAR AIR FORCE STATION /NASHIK ARPT,20.119,73.914,34.0,,21.57
2023-05-14T13:30:00,42920099999,OZAR AIR FORCE STATION /NASHIK ARPT,20.119,73.914,31.0,,23.88
2023-05-14T14:00:00,42920099999,OZAR AIR FORCE STATION /NASHIK ARPT,20.119,73.914,30.0,,27.06
2023-05-14T14:30:00,42920099999,OZAR AIR FORCE STATION /NASHIK ARPT,20.119,73.914,29.0,,30.66
2023-05-14T15:00:00,42920099999,OZAR AIR FORCE STATION /NASHIK ARPT,20.119,73.914,28.0,,30.38
2023-05-14T16:00:00,42920099999,OZAR AIR FORCE STATION /NASHIK ARPT,20.119,73.914,28.0,,45.1
2023-05-14T17:00:00,42920099999,OZAR AIR FORCE STATION /NASHIK ARPT,20.119,73.914,26.0,,57.63
2023-05-15T02:00:00,42920099999,OZAR AIR FORCE STATION /NASHIK ARPT,20.119,73.914,26.0,,94.23
2023-05-15T02:30:00,42920099999,OZAR AIR FORCE STATION /NASHIK ARPT,20.119,73.914,27.0,,83.68
2023-05-15T03:00:00,42920099999,OZAR AIR FORCE STATION /NASHIK ARPT,20.119,73.914,28.0,,65.77
2023-05-15T03:30:00,42920099999,OZAR AIR FORCE STATION /NASHIK ARPT,20.119,73.914,29.0,,58.35
2023-05-15T04:00:00,42920099999,OZAR AIR FORCE STATION /NASHIK ARPT,20.119,73.914,30.0,,51.76
2023-05-15T04:30:00,42920099999,OZAR AIR FORCE STATION /NASHIK ARPT,20.119,73.914,31.0,,45.91
2023-05-15T05:00:00,42920099999,OZAR AIR FORCE STATION /NASHIK ARPT,20.119,73.914,32.0,,40.72
2023-05-15T05:30:00,42920099999,OZAR AIR FORCE STATION /NASHIK ARPT,20.119,73.914,34.0,,36.39
2023-05-15T06:00:00,42920099999,OZAR AIR FORCE STATION /NASHIK ARPT,20.119,73.914,33.0,,38.49
2023-05-15T07:00:00,42920099999,OZAR AIR FORCE STATION /NASHIK ARPT,20.119,73.914,35.0,,30.3
2023-05-15T07:30:00,42920099999,OZAR AIR FORCE STATION /NASHIK ARPT,20.119,73.914,34.0,,32.03
2023-05-15T08:00:00,42920099999,OZAR AIR FORCE STATION /NASHIK ARPT,20.119,73.914,35.0,,26.61
2023-05-15T08:30:00,42920099999,OZAR AIR FORCE STATION /NASHIK ARPT,20.119,73.914,35.0,,21.82
2023-05-15T09:00:00,42920099999,OZAR AIR FORCE STATION /NASHIK ARPT,20.119,73.914,35.0,,24.92
2023-05-15T09:30:00,42920099999,OZAR AIR FORCE STATION /NASHIK ARPT,20.119,73.914,36.0,,18.05
2023-05-15T10:00:00,42920099999,OZAR AIR FORCE STATION /NASHIK ARPT,20.119,73.914,36.0,,20.65
2023-05-15T10:30:00,42920099999,OZAR AIR FORCE STATION /NASHIK ARPT,20.119,73.914,36.0,,20.65
2023-05-15T13:00:00,42920099999,OZAR AIR FORCE STATION /NASHIK ARPT,20.119,73.914,32.0,,24.14
2023-05-15T14:00:00,42920099999,OZAR AIR FORCE STATION /NASHIK ARPT,20.119,73.914,29.0,,32.77
2023-05-15T14:30:00,42920099999,OZAR AIR FORCE STATION /NASHIK ARPT,20.119,73.914,28.0,,37.1
2023-05-15T15:30:00,42920099999,OZAR AIR FORCE STATION /NASHIK ARPT,20.119,73.914,28.0,,48.09
2023-05-15T17:00:00,42920099999,OZAR AIR FORCE STATION /NASHIK ARPT,20.119,73.914,26.0,,65.36
2023-05-16T02:00:00,42920099999,OZAR AIR FORCE STATION /NASHIK ARPT,20.119,73.914,26.0,,94.23
2023-05-16T02:30:00,42920099999,OZAR AIR FORCE STATION /NASHIK ARPT,20.119,73.914,27.0,,69.74
2023-05-16T03:00:00,42920099999,OZAR AIR FORCE STATION /NASHIK ARPT,20.119,73.914,28.0,,58.11
2023-05-16T03:30:00,42920099999,OZAR AIR FORCE STATION /NASHIK ARPT,20.119,73.914,29.0,,51.5
2023-05-16T04:00:00,42920099999,OZAR AIR FORCE STATION /NASHIK ARPT,20.119,73.914,30.0,,48.62
2023-05-16T04:30:00,42920099999,OZAR AIR FORCE STATION /NASHIK ARPT,20.119,73.914,31.0,,43.1
2023-05-16T05:00:00,42920099999,OZAR AIR FORCE STATION /NASHIK ARPT,20.119,73.914,31.0,,43.1
2023-05-16T05:30:00,42920099999,OZAR AIR FORCE STATION /NASHIK ARPT,20.119,73.914,32.0,,40.72
2023-05-16T06:00:00,42920099999,OZAR AIR FORCE STATION /NASHIK ARPT,20.119,73.914,32.0,,40.72
2023-05-16T06:30:00,42920099999,OZAR AIR FORCE STATION /NASHIK ARPT,20.119,73.914,33.0,,36.12
2023-05-16T07:00:00,42920099999,OZAR AIR FORCE STATION /NASHIK ARPT,20.119,73.914,33.0,,36.12
2023-05-16T07:30:00,42920099999,OZAR AIR FORCE STATION /NASHIK ARPT,20.119,73.914,33.0,,29.76
2023-05-16T08:00:00,42920099999,OZAR AIR FORCE STATION /NASHIK ARPT,20.119,73.914,35.0,,28.4
2023-05-16T08:30:00,42920099999,OZAR AIR FORCE STATION /NASHIK ARPT,20.119,73.914,35.0,,28.4
2023-05-16T09:30:00,42920099999,OZAR AIR FORCE STATION /NASHIK ARPT,20.119,73.914,35.0,,26.61
2023-05-16T10:00:00,42920099999,OZAR AIR FORCE STATION /NASHIK ARPT,20.119,73.914,35.0,,23.33
2023-05-16T10:30:00,42920099999,OZAR AIR FORCE STATION /NASHIK ARPT,20.119,73.914,35.0,,24.92
2023-05-16T11:00:00,42920099999,OZAR AIR FORCE STATION /NASHIK ARPT,20.119,73.914,34.0,,24.66
2023-05-16T11:30:00,42920099999,OZAR AIR FORCE STATION /NASHIK ARPT,20.119,73.914,33.0,,27.87
2023-05-16T12:00:00,42920099999,OZAR AIR FORCE STATION /NASHIK ARPT,20.119,73.914,33.0,,26.08
2023-05-16T12:30:00,42920099999,OZAR AIR FORCE STATION /NASHIK ARPT,20.119,73.914,32.0,,29.48
2023-05-16T13:00:00,42920099999,OZAR AIR FORCE STATION /NASHIK ARPT,20.119,73.914,30.0,,35.29
2023-05-16T14:00:00,42920099999,OZAR AIR FORCE STATION /NASHIK ARPT,20.119,73.914,29.0,,35.01
2023-05-16T14:30:00,42920099999,OZAR AIR FORCE STATION /NASHIK ARPT,20.119,73.914,28.0,,42.28
2023-05-16T16:00:00,42920099999,OZAR AIR FORCE STATION /NASHIK ARPT,20.119,73.914,27.0,,54.33
2023-05-17T02:00:00,42920099999,OZAR AIR FORCE STATION /NASHIK ARPT,20.119,73.914,25.0,,100.0
2023-05-17T02:30:00,42920099999,OZAR AIR FORCE STATION /NASHIK ARPT,20.119,73.914,26.0,,88.76
2023-05-17T03:00:00,42920099999,OZAR AIR FORCE STATION /NASHIK ARPT,20.119,73.914,27.0,,61.61
2023-05-17T03:30:00,42920099999,OZAR AIR FORCE STATION /NASHIK ARPT,20.119,73.914,29.0,,51.5
2023-05-17T04:00:00,42920099999,OZAR AIR FORCE STATION /NASHIK ARPT,20.119,73.914,29.0,,48.35
2023-05-17T04:30:00,42920099999,OZAR AIR FORCE STATION /NASHIK ARPT,20.119,73.914,31.0,,48.88
2023-05-17T05:00:00,42920099999,OZAR AIR FORCE STATION /NASHIK ARPT,20.119,73.914,32.0,,43.38
2023-05-17T05:30:00,42920099999,OZAR AIR FORCE STATION /NASHIK ARPT,20.119,73.914,32.0,,43.38
2023-05-17T06:00:00,42920099999,OZAR AIR FORCE STATION /NASHIK ARPT,20.119,73.914,33.0,,31.76
2023-05-17T06:30:00,42920099999,OZAR AIR FORCE STATION /NASHIK ARPT,20.119,73.914,34.0,,30.03
2023-05-17T07:00:00,42920099999,OZAR AIR FORCE STATION /NASHIK ARPT,20.119,73.914,35.0,,36.67
2023-05-17T07:30:00,42920099999,OZAR AIR FORCE STATION /NASHIK ARPT,20.119,73.914,35.0,,36.67
2023-05-17T08:00:00,42920099999,OZAR AIR FORCE STATION /NASHIK ARPT,20.119,73.914,36.0,,32.57
2023-05-17T08:30:00,42920099999,OZAR AIR FORCE STATION /NASHIK ARPT,20.119,73.914,36.0,,28.67
2023-05-17T09:00:00,42920099999,OZAR AIR FORCE STATION /NASHIK ARPT,20.119,73.914,36.0,,28.67
2023-05-17T09:30:00,42920099999,OZAR AIR FORCE STATION /NASHIK ARPT,20.119,73.914,37.0,,25.44
2023-05-17T10:00:00,42920099999,OZAR AIR FORCE STATION /NASHIK ARPT,20.119,73.914,37.0,,23.84
2023-05-17T10:30:00,42920099999,OZAR AIR FORCE STATION /NASHIK ARPT,20.119,73.914,37.0,,25.44
2023-05-17T11:00:00,42920099999,OZAR AIR FORCE STATION /NASHIK ARPT,20.119,73.914,37.0,,25.44
2023-05-17T11:30:00,42920099999,OZAR AIR FORCE STATION /NASHIK ARPT,20.119,73.914,36.0,,28.67
2023-05-17T12:30:00,42920099999,OZAR AIR FORCE STATION /NASHIK ARPT,20.119,73.914,35.0,,28.4
2023-05-17T13:00:00,42920099999,OZAR AIR FORCE STATION /NASHIK ARPT,20.119,73.914,33.0,,33.88
2023-05-17T13:30:00,42920099999,OZAR AIR FORCE STATION /NASHIK ARPT,20.119,73.914,32.0,,35.84
2023-05-17T14:00:00,42920099999,OZAR AIR FORCE STATION /NASHIK ARPT,20.119,73.914,31.0,,37.94
2023-05-17T14:30:00,42920099999,OZAR AIR FORCE STATION /NASHIK ARPT,20.119,73.914,30.0,,37.66
2023-05-17T15:00:00,42920099999,OZAR AIR FORCE STATION /NASHIK ARPT,20.119,73.914,29.0,,39.9
2023-05-17T16:00:00,42920099999,OZAR AIR FORCE STATION /NASHIK ARPT,20.119,73.914,27.0,,42.01
2023-05-17T16:30:00,42920099999,OZAR AIR FORCE STATION /NASHIK ARPT,20.119,73.914,27.0,,42.01
2023-05-18T02:00:00,42920099999,OZAR AIR FORCE STATION /NASHIK ARPT,20.119,73.914,24.0,,100.0
2023-05-18T02:30:00,42920099999,OZAR AIR FORCE STATION /NASHIK ARPT,20.119,73.914,26.0,,94.23
2023-05-18T03:00:00,42920099999,OZAR AIR FORCE STATION /NASHIK ARPT,20.119,73.914,27.0,,74.14
2023-05-18T03:30:00,42920099999,OZAR AIR FORCE STATION /NASHIK ARPT,20.119,73.914,29.0,,65.98
2023-05-18T04:00:00,42920099999,OZAR AIR FORCE STATION /NASHIK ARPT,20.119,73.914,30.0,,62.28
2023-05-18T04:30:00,42920099999,OZAR AIR FORCE STATION /NASHIK ARPT,20.119,73.914,31.0,,58.81
2023-05-18T05:00:00,42920099999,OZAR AIR FORCE STATION /NASHIK ARPT,20.119,73.914,32.0,,52.27
2023-05-18T05:30:00,42920099999,OZAR AIR FORCE STATION /NASHIK ARPT,20.119,73.914,33.0,,49.4
2023-05-18T06:00:00,42920099999,OZAR AIR FORCE STATION /NASHIK ARPT,20.119,73.914,34.0,,46.71
2023-05-18T06:30:00,42920099999,OZAR AIR FORCE STATION /NASHIK ARPT,20.119,73.914,35.0,,39.04
2023-05-18T07:00:00,42920099999,OZAR AIR FORCE STATION /NASHIK ARPT,20.119,73.914,36.0,,34.7
2023-05-18T07:30:00,42920099999,OZAR AIR FORCE STATION /NASHIK ARPT,20.119,73.914,37.0,,27.14
2023-05-18T08:00:00,42920099999,OZAR AIR FORCE STATION /NASHIK ARPT,20.119,73.914,37.0,,27.14
2023-05-18T09:00:00,42920099999,OZAR AIR FORCE STATION /NASHIK ARPT,20.119,73.914,37.0,,25.44
2023-05-18T09:30:00,42920099999,OZAR AIR FORCE STATION /NASHIK ARPT,20.119,73.914,37.0,,25.44
2023-05-18T10:00:00,42920099999,OZAR AIR FORCE STATION /NASHIK ARPT,20.119,73.914,37.0,,27.14
2023-05-18T10:30:00,42920099999,OZAR AIR FORCE STATION /NASHIK ARPT,20.119,73.914,38.0,,24.1
2023-05-18T11:00:00,42920099999,OZAR AIR FORCE STATION /NASHIK ARPT,20.119,73.914,37.0,,25.44
2023-05-18T11:30:00,42920099999,OZAR AIR FORCE STATION /NASHIK ARPT,20.119,73.914,37.0,,20.9
2023-05-18T12:00:00,42920099999,OZAR AIR FORCE STATION /NASHIK ARPT,20.119,73.914,36.0,,26.88
2023-05-18T12:30:00,42920099999,OZAR AIR FORCE STATION /NASHIK ARPT,20.119,73.914,35.0,,28.4
2023-05-18T13:00:00,42920099999,OZAR AIR FORCE STATION /NASHIK ARPT,20.119,73.914,34.0,,21.57
2023-05-18T13:30:00,42920099999,OZAR AIR FORCE STATION /NASHIK ARPT,20.119,73.914,32.0,,25.82
2023-05-18T14:00:00,42920099999,OZAR AIR FORCE STATION /NASHIK ARPT,20.119,73.914,31.0,,27.33
2023-05-18T14:30:00,42920099999,OZAR AIR FORCE STATION /NASHIK ARPT,20.119,73.914,30.0,,28.94
2023-05-18T15:00:00,42920099999,OZAR AIR FORCE STATION /NASHIK ARPT,20.119,73.914,29.0,,30.66
2023-05-19T02:00:00,42920099999,OZAR AIR FORCE STATION /NASHIK ARPT,20.119,73.914,27.0,,57.87
2023-05-19T02:30:00,42920099999,OZAR AIR FORCE STATION /NASHIK ARPT,20.119,73.914,29.0,,51.5
2023-05-19T03:00:00,42920099999,OZAR AIR FORCE STATION /NASHIK ARPT,20.119,73.914,30.0,,45.64
2023-05-19T03:30:00,42920099999,OZAR AIR FORCE STATION /NASHIK ARPT,20.119,73.914,32.0,,31.48
2023-05-19T04:00:00,42920099999,OZAR AIR FORCE STATION /NASHIK ARPT,20.119,73.914,34.0,,16.4
2023-05-19T04:30:00,42920099999,OZAR AIR FORCE STATION /NASHIK ARPT,20.119,73.914,35.0,,14.47
2023-05-19T05:00:00,42920099999,OZAR AIR FORCE STATION /NASHIK ARPT,20.119,73.914,35.0,,15.51
2023-05-19T05:30:00,42920099999,OZAR AIR FORCE STATION /NASHIK ARPT,20.119,73.914,36.0,,15.74
2023-05-19T06:00:00,42920099999,OZAR AIR FORCE STATION /NASHIK ARPT,20.119,73.914,37.0,,15.96
2023-05-19T06:30:00,42920099999,OZAR AIR FORCE STATION /NASHIK ARPT,20.119,73.914,37.0,,13.9
2023-05-19T07:00:00,42920099999,OZAR AIR FORCE STATION /NASHIK ARPT,20.119,73.914,38.0,,11.44
2023-05-19T07:30:00,42920099999,OZAR AIR FORCE STATION /NASHIK ARPT,20.119,73.914,38.0,,13.16
2023-05-19T08:00:00,42920099999,OZAR AIR FORCE STATION /NASHIK ARPT,20.119,73.914,38.0,,13.16
2023-05-19T08:30:00,42920099999,OZAR AIR FORCE STATION /NASHIK ARPT,20.119,73.914,39.0,,12.47
2023-05-19T09:30:00,42920099999,OZAR AIR FORCE STATION /NASHIK ARPT,20.119,73.914,38.0,,14.11
2023-05-19T10:00:00,42920099999,OZAR AIR FORCE STATION /NASHIK ARPT,20.119,73.914,38.0,,14.11
2023-05-19T10:30:00,42920099999,OZAR AIR FORCE STATION /NASHIK ARPT,20.119,73.914,38.0,,15.11
2023-05-19T11:00:00,42920099999,OZAR AIR FORCE STATION /NASHIK ARPT,20.119,73.914,38.0,,15.11
2023-05-19T11:30:00,42920099999,OZAR AIR FORCE STATION /NASHIK ARPT,20.119,73.914,37.0,,15.96
2023-05-19T12:00:00,42920099999,OZAR AIR FORCE STATION /NASHIK ARPT,20.119,73.914,36.0,,20.65
2023-05-19T13:00:00,42920099999,OZAR AIR FORCE STATION /NASHIK ARPT,20.119,73.914,34.0,,20.16
2023-05-19T13:30:00,42920099999,OZAR AIR FORCE STATION /NASHIK ARPT,20.119,73.914,33.0,,19.92
2023-05-19T14:00:00,42920099999,OZAR AIR FORCE STATION /NASHIK ARPT,20.119,73.914,32.0,,22.56
2023-05-19T14:30:00,42920099999,OZAR AIR FORCE STATION /NASHIK ARPT,20.119,73.914,31.0,,27.33
2023-05-19T15:00:00,42920099999,OZAR AIR FORCE STATION /NASHIK ARPT,20.119,73.914,30.0,,33.05
2023-05-19T16:00:00,42920099999,OZAR AIR FORCE STATION /NASHIK ARPT,20.119,73.914,27.0,,39.34
2023-05-19T16:30:00,42920099999,OZAR AIR FORCE STATION /NASHIK ARPT,20.119,73.914,26.0,,44.56
2023-05-19T17:00:00,42920099999,OZAR AIR FORCE STATION /NASHIK ARPT,20.119,73.914,26.0,,57.63
2023-05-20T02:00:00,42920099999,OZAR AIR FORCE STATION /NASHIK ARPT,20.119,73.914,25.0,,94.19
2023-05-20T02:30:00,42920099999,OZAR AIR FORCE STATION /NASHIK ARPT,20.119,73.914,26.0,,69.55
2023-05-20T03:00:00,42920099999,OZAR AIR FORCE STATION /NASHIK ARPT,20.119,73.914,29.0,,42.56
2023-05-20T03:30:00,42920099999,OZAR AIR FORCE STATION /NASHIK ARPT,20.119,73.914,30.0,,42.83
2023-05-20T04:00:00,42920099999,OZAR AIR FORCE STATION /NASHIK ARPT,20.119,73.914,31.0,,40.45
2023-05-20T04:30:00,42920099999,OZAR AIR FORCE STATION /NASHIK ARPT,20.119,73.914,32.0,,38.21
2023-05-20T05:00:00,42920099999,OZAR AIR FORCE STATION /NASHIK ARPT,20.119,73.914,33.0,,38.49
2023-05-20T05:30:00,42920099999,OZAR AIR FORCE STATION /NASHIK ARPT,20.119,73.914,34.0,,36.39
2023-05-20T06:00:00,42920099999,OZAR AIR FORCE STATION /NASHIK ARPT,20.119,73.914,34.0,,36.39
2023-05-20T06:30:00,42920099999,OZAR AIR FORCE STATION /NASHIK ARPT,20.119,73.914,36.0,,28.67
2023-05-20T07:00:00,42920099999,OZAR AIR FORCE STATION /NASHIK ARPT,20.119,73.914,36.0,,23.58
2023-05-20T07:30:00,42920099999,OZAR AIR FORCE STATION /NASHIK ARPT,20.119,73.914,39.0,,13.37
2023-05-20T08:00:00,42920099999,OZAR AIR FORCE STATION /NASHIK ARPT,20.119,73.914,38.0,,17.31
2023-05-20T08:30:00,42920099999,OZAR AIR FORCE STATION /NASHIK ARPT,20.119,73.914,38.0,,17.31
2023-05-20T09:00:00,42920099999,OZAR AIR FORCE STATION /NASHIK ARPT,20.119,73.914,37.0,,17.08
2023-05-20T09:30:00,42920099999,OZAR AIR FORCE STATION /NASHIK ARPT,20.119,73.914,38.0,,14.11
2023-05-20T10:00:00,42920099999,OZAR AIR FORCE STATION /NASHIK ARPT,20.119,73.914,37.0,,15.96
2023-05-20T10:30:00,42920099999,OZAR AIR FORCE STATION /NASHIK ARPT,20.119,73.914,38.0,,16.18
2023-05-20T11:00:00,42920099999,OZAR AIR FORCE STATION /NASHIK ARPT,20.119,73.914,36.0,,19.31
2023-05-20T12:00:00,42920099999,OZAR AIR FORCE STATION /NASHIK ARPT,20.119,73.914,36.0,,20.65
2023-05-20T12:30:00,42920099999,OZAR AIR FORCE STATION /NASHIK ARPT,20.119,73.914,35.0,,21.82
2023-05-20T13:00:00,42920099999,OZAR AIR FORCE STATION /NASHIK ARPT,20.119,73.914,34.0,,26.35
2023-05-20T13:30:00,42920099999,OZAR AIR FORCE STATION /NASHIK ARPT,20.119,73.914,33.0,,33.88
2023-05-20T14:00:00,42920099999,OZAR AIR FORCE STATION /NASHIK ARPT,20.119,73.914,32.0,,38.21
2023-05-20T14:30:00,42920099999,OZAR AIR FORCE STATION /NASHIK ARPT,20.119,73.914,31.0,,45.91
2023-05-20T15:00:00,42920099999,OZAR AIR FORCE STATION /NASHIK ARPT,20.119,73.914,30.0,,51.76
2023-05-20T15:30:00,42920099999,OZAR AIR FORCE STATION /NASHIK ARPT,20.119,73.914,28.0,,61.84
2023-05-20T16:00:00,42920099999,OZAR AIR FORCE STATION /NASHIK ARPT,20.119,73.914,28.0,,61.84
2023-05-20T16:30:00,42920099999,OZAR AIR FORCE STATION /NASHIK ARPT,20.119,73.914,27.0,,69.74
2023-05-20T17:00:00,42920099999,OZAR AIR FORCE STATION /NASHIK ARPT,20.119,73.914,26.0,,73.97
2023-05-21T02:00:00,42920099999,OZAR AIR FORCE STATION /NASHIK ARPT,20.119,73.914,24.0,,100.0
2023-05-21T02:30:00,42920099999,OZAR AIR FORCE STATION /NASHIK ARPT,20.119,73.914,26.0,,78.64
2023-05-21T03:00:00,42920099999,OZAR AIR FORCE STATION /NASHIK ARPT,20.119,73.914,27.0,,65.56
2023-05-21T03:30:00,42920099999,OZAR AIR FORCE STATION /NASHIK ARPT,20.119,73.914,28.0,,58.11
2023-05-21T04:00:00,42920099999,OZAR AIR FORCE STATION /NASHIK ARPT,20.119,73.914,29.0,,48.35
2023-05-21T04:30:00,42920099999,OZAR AIR FORCE STATION /NASHIK ARPT,20.119,73.914,30.0,,42.83
2023-05-21T05:00:00,42920099999,OZAR AIR FORCE STATION /NASHIK ARPT,20.119,73.914,31.0,,37.94
2023-05-21T05:30:00,42920099999,OZAR AIR FORCE STATION /NASHIK ARPT,20.119,73.914,33.0,,27.87
2023-05-21T06:00:00,42920099999,OZAR AIR FORCE STATION /NASHIK ARPT,20.119,73.914,34.0,,20.16
2023-05-21T06:30:00,42920099999,OZAR AIR FORCE STATION /NASHIK ARPT,20.119,73.914,35.0,,20.41
2023-05-21T07:00:00,42920099999,OZAR AIR FORCE STATION /NASHIK ARPT,20.119,73.914,36.0,,20.65
2023-05-21T07:30:00,42920099999,OZAR AIR FORCE STATION /NASHIK ARPT,20.119,73.914,37.0,,19.55
2023-05-21T08:00:00,42920099999,OZAR AIR FORCE STATION /NASHIK ARPT,20.119,73.914,36.0,,20.65
2023-05-21T08:30:00,42920099999,OZAR AIR FORCE STATION /NASHIK ARPT,20.119,73.914,37.0,,18.28
2023-05-21T09:30:00,42920099999,OZAR AIR FORCE STATION /NASHIK ARPT,20.119,73.914,37.0,,17.08
2023-05-21T10:00:00,42920099999,OZAR AIR FORCE STATION /NASHIK ARPT,20.119,73.914,37.0,,15.96
2023-05-21T10:30:00,42920099999,OZAR AIR FORCE STATION /NASHIK ARPT,20.119,73.914,37.0,,15.96
2023-05-21T11:00:00,42920099999,OZAR AIR FORCE STATION /NASHIK ARPT,20.119,73.914,37.0,,17.08
2023-05-21T11:30:00,42920099999,OZAR AIR FORCE STATION /NASHIK ARPT,20.119,73.914,36.0,,18.05
2023-05-21T12:00:00,42920099999,OZAR AIR FORCE STATION /NASHIK ARPT,20.119,73.914,36.0,,19.31
2023-05-21T12:30:00,42920099999,OZAR AIR FORCE STATION /NASHIK ARPT,20.119,73.914,35.0,,24.92
2023-05-21T13:00:00,42920099999,OZAR AIR FORCE STATION /NASHIK ARPT,20.119,73.914,33.0,,27.87
2023-05-21T13:30:00,42920099999,OZAR AIR FORCE STATION /NASHIK ARPT,20.119,73.914,32.0,,33.6
2023-05-21T14:00:00,42920099999,OZAR AIR FORCE STATION /NASHIK ARPT,20.119,73.914,31.0,,37.94
2023-05-21T14:30:00,42920099999,OZAR AIR FORCE STATION /NASHIK ARPT,20.119,73.914,30.0,,42.83
2023-05-21T15:00:00,42920099999,OZAR AIR FORCE STATION /NASHIK ARPT,20.119,73.914,28.0,,48.09
2023-05-21T15:30:00,42920099999,OZAR AIR FORCE STATION /NASHIK ARPT,20.119,73.914,28.0,,51.25
2023-05-21T16:00:00,42920099999,OZAR AIR FORCE STATION /NASHIK ARPT,20.119,73.914,27.0,,54.33
2023-05-21T16:30:00,42920099999,OZAR AIR FORCE STATION /NASHIK ARPT,20.119,73.914,26.0,,61.39
2023-05-21T17:00:00,42920099999,OZAR AIR FORCE STATION /NASHIK ARPT,20.119,73.914,25.0,,69.36
2023-05-22T02:00:00,42920099999,OZAR AIR FORCE STATION /NASHIK ARPT,20.119,73.914,25.0,,94.19
2023-05-22T02:30:00,42920099999,OZAR AIR FORCE STATION /NASHIK ARPT,20.119,73.914,27.0,,54.33
2023-05-22T03:00:00,42920099999,OZAR AIR FORCE STATION /NASHIK ARPT,20.119,73.914,29.0,,39.9
2023-05-22T03:30:00,42920099999,OZAR AIR FORCE STATION /NASHIK ARPT,20.119,73.914,32.0,,29.48
2023-05-22T04:00:00,42920099999,OZAR AIR FORCE STATION /NASHIK ARPT,20.119,73.914,32.0,,27.6
2023-05-22T04:30:00,42920099999,OZAR AIR FORCE STATION /NASHIK ARPT,20.119,73.914,33.0,,26.08
2023-05-22T05:00:00,42920099999,OZAR AIR FORCE STATION /NASHIK ARPT,20.119,73.914,34.0,,24.66
2023-05-22T05:30:00,42920099999,OZAR AIR FORCE STATION /NASHIK ARPT,20.119,73.914,35.0,,23.33
2023-05-22T06:00:00,42920099999,OZAR AIR FORCE STATION /NASHIK ARPT,20.119,73.914,36.0,,16.86
2023-05-22T06:30:00,42920099999,OZAR AIR FORCE STATION /NASHIK ARPT,20.119,73.914,36.0,,20.65
2023-05-22T07:00:00,42920099999,OZAR AIR FORCE STATION /NASHIK ARPT,20.119,73.914,37.0,,18.28
2023-05-22T07:30:00,42920099999,OZAR AIR FORCE STATION /NASHIK ARPT,20.119,73.914,37.0,,15.96
2023-05-22T08:00:00,42920099999,OZAR AIR FORCE STATION /NASHIK ARPT,20.119,73.914,37.0,,15.96
2023-05-22T08:30:00,42920099999,OZAR AIR FORCE STATION /NASHIK ARPT,20.119,73.914,37.0,,15.96
2023-05-22T09:00:00,42920099999,OZAR AIR FORCE STATION /NASHIK ARPT,20.119,73.914,37.0,,14.9
2023-05-22T09:30:00,42920099999,OZAR AIR FORCE STATION /NASHIK ARPT,20.119,73.914,37.0,,15.96
2023-05-22T10:00:00,42920099999,OZAR AIR FORCE STATION /NASHIK ARPT,20.119,73.914,37.0,,20.9
2023-05-22T10:30:00,42920099999,OZAR AIR FORCE STATION /NASHIK ARPT,20.119,73.914,36.0,,23.58
2023-05-22T11:30:00,42920099999,OZAR AIR FORCE STATION /NASHIK ARPT,20.119,73.914,36.0,,22.08
2023-05-22T12:00:00,42920099999,OZAR AIR FORCE STATION /NASHIK ARPT,20.119,73.914,35.0,,23.33
2023-05-22T12:30:00,42920099999,OZAR AIR FORCE STATION /NASHIK ARPT,20.119,73.914,34.0,,23.07
2023-05-22T13:00:00,42920099999,OZAR AIR FORCE STATION /NASHIK ARPT,20.119,73.914,33.0,,27.87
2023-05-22T13:30:00,42920099999,OZAR AIR FORCE STATION /NASHIK ARPT,20.119,73.914,31.0,,33.32
2023-05-22T14:00:00,42920099999,OZAR AIR FORCE STATION /NASHIK ARPT,20.119,73.914,31.0,,29.21
2023-05-22T14:30:00,42920099999,OZAR AIR FORCE STATION /NASHIK ARPT,20.119,73.914,30.0,,33.05
2023-05-22T15:00:00,42920099999,OZAR AIR FORCE STATION /NASHIK ARPT,20.119,73.914,29.0,,39.9
2023-05-22T16:00:00,42920099999,OZAR AIR FORCE STATION /NASHIK ARPT,20.119,73.914,28.0,,42.28
2023-05-22T17:00:00,42920099999,OZAR AIR FORCE STATION /NASHIK ARPT,20.119,73.914,25.0,,41.45
2023-05-23T02:00:00,42920099999,OZAR AIR FORCE STATION /NASHIK ARPT,20.119,73.914,24.0,,100.0
2023-05-23T02:30:00,42920099999,OZAR AIR FORCE STATION /NASHIK ARPT,20.119,73.914,27.0,,65.56
2023-05-23T03:00:00,42920099999,OZAR AIR FORCE STATION /NASHIK ARPT,20.119,73.914,28.0,,51.25
2023-05-23T03:30:00,42920099999,OZAR AIR FORCE STATION /NASHIK ARPT,20.119,73.914,30.0,,40.17
2023-05-23T04:00:00,42920099999,OZAR AIR FORCE STATION /NASHIK ARPT,20.119,73.914,30.0,,35.29
2023-05-23T04:30:00,42920099999,OZAR AIR FORCE STATION /NASHIK ARPT,20.119,73.914,32.0,,35.84
2023-05-23T05:00:00,42920099999,OZAR AIR FORCE STATION /NASHIK ARPT,20.119,73.914,32.0,,27.6
2023-05-23T05:30:00,42920099999,OZAR AIR FORCE STATION /NASHIK ARPT,20.119,73.914,33.0,,26.08
2023-05-23T06:00:00,42920099999,OZAR AIR FORCE STATION /NASHIK ARPT,20.119,73.914,34.0,,28.13
2023-05-23T06:30:00,42920099999,OZAR AIR FORCE STATION /NASHIK ARPT,20.119,73.914,34.0,,26.35
2023-05-23T07:00:00,42920099999,OZAR AIR FORCE STATION /NASHIK ARPT,20.119,73.914,35.0,,26.61
2023-05-23T07:30:00,42920099999,OZAR AIR FORCE STATION /NASHIK ARPT,20.119,73.914,36.0,,25.18
2023-05-23T08:00:00,42920099999,OZAR AIR FORCE STATION /NASHIK ARPT,20.119,73.914,34.0,,30.03
2023-05-23T08:30:00,42920099999,OZAR AIR FORCE STATION /NASHIK ARPT,20.119,73.914,37.0,,23.84
2023-05-23T09:00:00,42920099999,OZAR AIR FORCE STATION /NASHIK ARPT,20.119,73.914,37.0,,22.33
2023-05-23T09:30:00,42920099999,OZAR AIR FORCE STATION /NASHIK ARPT,20.119,73.914,37.0,,23.84
2023-05-23T10:00:00,42920099999,OZAR AIR FORCE STATION /NASHIK ARPT,20.119,73.914,37.0,,23.84
2023-05-23T10:30:00,42920099999,OZAR AIR FORCE STATION /NASHIK ARPT,20.119,73.914,37.0,,23.84
2023-05-23T11:00:00,42920099999,OZAR AIR FORCE STATION /NASHIK ARPT,20.119,73.914,37.0,,22.33
2023-05-23T11:30:00,42920099999,OZAR AIR FORCE STATION /NASHIK ARPT,20.119,73.914,36.0,,23.58
2023-05-23T12:00:00,42920099999,OZAR AIR FORCE STATION /NASHIK ARPT,20.119,73.914,36.0,,22.08
2023-05-23T12:30:00,42920099999,OZAR AIR FORCE STATION /NASHIK ARPT,20.119,73.914,34.0,,32.03
2023-05-23T13:00:00,42920099999,OZAR AIR FORCE STATION /NASHIK ARPT,20.119,73.914,33.0,,36.12
2023-05-23T13:30:00,42920099999,OZAR AIR FORCE STATION /NASHIK ARPT,20.119,73.914,32.0,,33.6
2023-05-23T14:00:00,42920099999,OZAR AIR FORCE STATION /NASHIK ARPT,20.119,73.914,31.0,,33.32
2023-05-23T15:00:00,42920099999,OZAR AIR FORCE STATION /NASHIK ARPT,20.119,73.914,29.0,,37.38
2023-05-23T16:00:00,42920099999,OZAR AIR FORCE STATION /NASHIK ARPT,20.119,73.914,27.0,,39.34
2023-05-23T16:30:00,42920099999,OZAR AIR FORCE STATION /NASHIK ARPT,20.119,73.914,27.0,,42.01
2023-05-23T17:00:00,42920099999,OZAR AIR FORCE STATION /NASHIK ARPT,20.119,73.914,25.0,,50.46
2023-05-24T02:00:00,42920099999,OZAR AIR FORCE STATION /NASHIK ARPT,20.119,73.914,25.0,,94.19
2023-05-24T02:30:00,42920099999,OZAR AIR FORCE STATION /NASHIK ARPT,20.119,73.914,26.0,,78.64
2023-05-24T03:00:00,42920099999,OZAR AIR FORCE STATION /NASHIK ARPT,20.119,73.914,27.0,,74.14
2023-05-24T03:30:00,42920099999,OZAR AIR FORCE STATION /NASHIK ARPT,20.119,73.914,28.0,,61.84
2023-05-24T04:00:00,42920099999,OZAR AIR FORCE STATION /NASHIK ARPT,20.119,73.914,29.0,,54.83
2023-05-24T04:30:00,42920099999,OZAR AIR FORCE STATION /NASHIK ARPT,20.119,73.914,30.0,,48.62
2023-05-24T05:00:00,42920099999,OZAR AIR FORCE STATION /NASHIK ARPT,20.119,73.914,30.0,,48.62
2023-05-24T06:00:00,42920099999,OZAR AIR FORCE STATION /NASHIK ARPT,20.119,73.914,33.0,,33.88
2023-05-24T06:30:00,42920099999,OZAR AIR FORCE STATION /NASHIK ARPT,20.119,73.914,33.0,,33.88
2023-05-24T07:00:00,42920099999,OZAR AIR FORCE STATION /NASHIK ARPT,20.119,73.914,34.0,,30.03
2023-05-24T07:30:00,42920099999,OZAR AIR FORCE STATION /NASHIK ARPT,20.119,73.914,35.0,,24.92
2023-05-24T08:00:00,42920099999,OZAR AIR FORCE STATION /NASHIK ARPT,20.119,73.914,36.0,,26.88
2023-05-24T08:30:00,42920099999,OZAR AIR FORCE STATION /NASHIK ARPT,20.119,73.914,36.0,,20.65
2023-05-24T09:00:00,42920099999,OZAR AIR FORCE STATION /NASHIK ARPT,20.119,73.914,36.0,,19.31
2023-05-24T09:30:00,42920099999,OZAR AIR FORCE STATION /NASHIK ARPT,20.119,73.914,36.0,,19.31
2023-05-24T10:00:00,42920099999,OZAR AIR FORCE STATION /NASHIK ARPT,20.119,73.914,36.0,,20.65
2023-05-24T10:30:00,42920099999,OZAR AIR FORCE STATION /NASHIK ARPT,20.119,73.914,36.0,,22.08
2023-05-24T11:00:00,42920099999,OZAR AIR FORCE STATION /NASHIK ARPT,20.119,73.914,36.0,,22.08
2023-05-24T11:30:00,42920099999,OZAR AIR FORCE STATION /NASHIK ARPT,20.119,73.914,35.0,,20.41
2023-05-24T12:00:00,42920099999,OZAR AIR FORCE STATION /NASHIK ARPT,20.119,73.914,34.0,,23.07
2023-05-24T12:30:00,42920099999,OZAR AIR FORCE STATION /NASHIK ARPT,20.119,73.914,34.0,,23.07
2023-05-24T13:00:00,42920099999,OZAR AIR FORCE STATION /NASHIK ARPT,20.119,73.914,33.0,,24.4
2023-05-24T13:30:00,42920099999,OZAR AIR FORCE STATION /NASHIK ARPT,20.119,73.914,31.0,,27.33
2023-05-24T14:00:00,42920099999,OZAR AIR FORCE STATION /NASHIK ARPT,20.119,73.914,30.0,,28.94
2023-05-24T14:30:00,42920099999,OZAR AIR FORCE STATION /NASHIK ARPT,20.119,73.914,29.0,,30.66
2023-05-24T15:00:00,42920099999,OZAR AIR FORCE STATION /NASHIK ARPT,20.119,73.914,28.0,,34.73
2023-05-24T15:30:00,42920099999,OZAR AIR FORCE STATION /NASHIK ARPT,20.119,73.914,28.0,,37.1
2023-05-24T16:00:00,42920099999,OZAR AIR FORCE STATION /NASHIK ARPT,20.119,73.914,27.0,,47.82
2023-05-24T16:30:00,42920099999,OZAR AIR FORCE STATION /NASHIK ARPT,20.119,73.914,27.0,,47.82
2023-05-24T17:00:00,42920099999,OZAR AIR FORCE STATION /NASHIK ARPT,20.119,73.914,26.0,,57.63
2023-05-25T02:00:00,42920099999,OZAR AIR FORCE STATION /NASHIK ARPT,20.119,73.914,25.0,,94.19
2023-05-25T02:30:00,42920099999,OZAR AIR FORCE STATION /NASHIK ARPT,20.119,73.914,26.0,,88.76
2023-05-25T03:00:00,42920099999,OZAR AIR FORCE STATION /NASHIK ARPT,20.119,73.914,27.0,,69.74
2023-05-25T03:30:00,42920099999,OZAR AIR FORCE STATION /NASHIK ARPT,20.119,73.914,29.0,,54.83
2023-05-25T04:00:00,42920099999,OZAR AIR FORCE STATION /NASHIK ARPT,20.119,73.914,29.0,,48.35
2023-05-25T04:30:00,42920099999,OZAR AIR FORCE STATION /NASHIK ARPT,20.119,73.914,30.0,,42.83
2023-05-25T05:00:00,42920099999,OZAR AIR FORCE STATION /NASHIK ARPT,20.119,73.914,30.0,,40.17
2023-05-25T05:30:00,42920099999,OZAR AIR FORCE STATION /NASHIK ARPT,20.119,73.914,32.0,,33.6
2023-05-25T06:00:00,42920099999,OZAR AIR FORCE STATION /NASHIK ARPT,20.119,73.914,33.0,,31.76
2023-05-25T06:30:00,42920099999,OZAR AIR FORCE STATION /NASHIK ARPT,20.119,73.914,33.0,,29.76
2023-05-25T07:00:00,42920099999,OZAR AIR FORCE STATION /NASHIK ARPT,20.119,73.914,33.0,,27.87
2023-05-25T07:30:00,42920099999,OZAR AIR FORCE STATION /NASHIK ARPT,20.119,73.914,36.0,,22.08
2023-05-25T08:00:00,42920099999,OZAR AIR FORCE STATION /NASHIK ARPT,20.119,73.914,36.0,,22.08
2023-05-25T08:30:00,42920099999,OZAR AIR FORCE STATION /NASHIK ARPT,20.119,73.914,35.0,,28.4
2023-05-25T09:00:00,42920099999,OZAR AIR FORCE STATION /NASHIK ARPT,20.119,73.914,35.0,,23.33
2023-06-28T07:00:00,42920099999,OZAR AIR FORCE STATION /NASHIK ARPT,20.119,73.914,24.0,,100.0
2023-08-19T02:30:00,42920099999,OZAR AIR FORCE STATION /NASHIK ARPT,20.119,73.914,24.0,,100.0
2023-08-19T04:00:00,42920099999,OZAR AIR FORCE STATION /NASHIK ARPT,20.119,73.914,24.0,,88.6
2023-08-19T04:30:00,42920099999,OZAR AIR FORCE STATION /NASHIK ARPT,20.119,73.914,26.0,,78.64
2023-08-19T07:00:00,42920099999,OZAR AIR FORCE STATION /NASHIK ARPT,20.119,73.914,27.0,,69.74
2023-08-19T07:30:00,42920099999,OZAR AIR FORCE STATION /NASHIK ARPT,20.119,73.914,28.0,,65.77
2023-08-19T08:00:00,42920099999,OZAR AIR FORCE STATION /NASHIK ARPT,20.119,73.914,28.0,,65.77
2023-08-19T08:30:00,42920099999,OZAR AIR FORCE STATION /NASHIK ARPT,20.119,73.914,28.0,,65.77
2023-08-19T09:00:00,42920099999,OZAR AIR FORCE STATION /NASHIK ARPT,20.119,73.914,27.0,,69.74
2023-09-18T14:00:00,42920099999,OZAR AIR FORCE STATION /NASHIK ARPT,20.119,73.914,23.0,,94.11
2023-09-18T14:30:00,42920099999,OZAR AIR FORCE STATION /NASHIK ARPT,20.119,73.914,23.0,,94.11
2023-09-18T15:00:00,42920099999,OZAR AIR FORCE STATION /NASHIK ARPT,20.119,73.914,22.0,,100.0
2023-09-18T15:30:00,42920099999,OZAR AIR FORCE STATION /NASHIK ARPT,20.119,73.914,22.0,,100.0
2023-09-29T03:30:00,42920099999,OZAR AIR FORCE STATION /NASHIK ARPT,20.119,73.914,27.0,,83.68
2023-09-29T04:00:00,42920099999,OZAR AIR FORCE STATION /NASHIK ARPT,20.119,73.914,28.0,,74.3
2023-09-29T04:30:00,42920099999,OZAR AIR FORCE STATION /NASHIK ARPT,20.119,73.914,29.0,,70.11
2023-09-29T05:00:00,42920099999,OZAR AIR FORCE STATION /NASHIK ARPT,20.119,73.914,29.0,,65.98
2023-10-31T14:00:00,42920099999,OZAR AIR FORCE STATION /NASHIK ARPT,20.119,73.914,24.0,,38.49
2023-11-03T10:00:00,42920099999,OZAR AIR FORCE STATION /NASHIK ARPT,20.119,73.914,31.0,,22.31
2023-11-03T10:30:00,42920099999,OZAR AIR FORCE STATION /NASHIK ARPT,20.119,73.914,30.0,,23.62
2023-11-03T11:00:00,42920099999,OZAR AIR FORCE STATION /NASHIK ARPT,20.119,73.914,30.0,,23.62
